CustomerID,Gender,Age,SeniorCitizen,Partner,Dependents,Tenure,PhoneService,MultipleLines,InternetService,OnlineSecurity,OnlineBackup,DeviceProtection,TechSupport,StreamingTV,StreamingMovies,Contract,PaperlessBilling,PaymentMethod,MonthlyCharges,TotalCharges,Churn
C06889,Male,54.0,0,No,No,37,Yes,No,Fiber optic,Yes,No,No,No,Yes,No,Two year,No,Bank transfer,67.75,2661.46,No
C00415,Female,46.0,0,Yes,No,16,No,No phone service,DSL,No,Yes,No,No,No,No,Month-to-month,Yes,Electronic check,52.25,978.53,No
C03600,Female,34.0,0,No,No,0,Yes,No,DSL,Yes,Yes,No,Yes,No,No,One year,No,Electronic check,53.07,41.96,No
C01028,Female,52.0,0,No,No,23,Yes,Yes,Fiber optic,Yes,No,Yes,No,No,No,Month-to-month,Yes,Bank transfer,71.13,1437.955,No
C04489,Female,29.0,0,No,No,16,Yes,No,No,No internet service,No internet service,No internet service,No internet service,No internet service,No internet service,Month-to-month,Yes,Mailed check,33.48,597.84,No
C02098,Female,18.0,0,No,No,12,Yes,Yes,Fiber optic,Yes,Yes,No,No,No,Yes,Month-to-month,Yes,Electronic check,88.19,1149.51,Yes
C04564,Female,18.0,0,Yes,No,43,Yes,Yes,DSL,Yes,Yes,No,No,Yes,Yes,One year,Yes,Electronic check,73.7,3157.41,No
C06750,Female,62.0,0,Yes,Yes,44,Yes,No,DSL,No,No,No,Yes,No,No,One year,Yes,Bank transfer,41.91,1906.26,No
C05316,Female,42.0,0,No,No,29,Yes,No,Fiber optic,Yes,Yes,Yes,No,No,No,Month-to-month,Yes,Bank transfer,65.68,2248.59,Yes
C05750,Male,40.0,0,Yes,No,33,Yes,No,DSL,No,Yes,Yes,No,No,No,Month-to-month,No,Credit card,51.86,1775.89,No
C02426,Female,37.0,0,No,No,23,Yes,Yes,Fiber optic,Yes,No,No,No,Yes,Yes,Month-to-month,No,Mailed check,82.59,2025.44,No
C03959,Male,77.0,1,Yes,No,72,Yes,No,No,No internet service,No internet service,No internet service,No internet service,No internet service,No internet service,Two year,No,Credit card,30.51,2445.34,No
C03799,Male,34.0,0,Yes,No,11,Yes,Yes,Fiber optic,No,Yes,Yes,No,No,Yes,Month-to-month,Yes,Credit card,72.46,996.81,Yes
C04183,Female,54.0,0,No,No,14,Yes,No,Fiber optic,No,No,No,Yes,No,No,Month-to-month,Yes,Credit card,50.56,844.31,No
C01750,Male,67.0,1,No,No,37,Yes,No,DSL,No,Yes,No,Yes,No,Yes,Month-to-month,No,Bank transfer,51.25,2214.21,No
C03773,Female,49.0,0,Yes,Yes,48,Yes,No,Fiber optic,No,Yes,No,Yes,Yes,No,Month-to-month,No,Mailed check,73.04,3414.12,No
C04591,Female,40.0,0,No,No,0,Yes,No,DSL,Yes,No,Yes,No,No,No,Month-to-month,Yes,Bank transfer,47.19,104.97,No
C06480,Female,64.0,0,Yes,No,14,Yes,No,DSL,No,Yes,Yes,No,No,No,Month-to-month,No,Credit card,46.1,634.94,No
C02796,Female,49.0,0,Yes,No,18,Yes,Yes,Fiber optic,No,Yes,No,No,No,Yes,Month-to-month,Yes,Electronic check,70.91,1525.5,Yes
C00487,Male,60.0,0,Yes,No,0,Yes,No,DSL,Yes,Yes,Yes,No,No,Yes,Month-to-month,Yes,Credit card,67.65,78.75,No
C05998,Female,53.0,0,Yes,No,36,Yes,No,Fiber optic,No,No,Yes,Yes,No,Yes,Month-to-month,No,Credit card,71.97,2905.36,Yes
C04144,Male,33.0,0,Yes,No,14,Yes,Yes,No,No internet service,No internet service,No internet service,No internet service,No internet service,No internet service,Month-to-month,No,Electronic check,28.37,526.92,No
C02356,Male,18.0,0,Yes,No,68,Yes,Yes,DSL,Yes,No,No,Yes,No,No,Two year,No,Bank transfer,61.1,4373.6,No
C02072,Male,49.0,0,No,No,13,Yes,No,Fiber optic,Yes,No,No,Yes,No,No,Two year,Yes,Mailed check,67.31,927.31,No
C06417,Female,59.0,0,Yes,No,28,Yes,No,DSL,No,No,No,No,Yes,Yes,Two year,Yes,Electronic check,52.56,1620.18,No
C01302,Male,68.0,1,Yes,No,57,Yes,No,DSL,No,No,No,No,No,No,One year,Yes,Electronic check,35.99,2014.07,No
C04767,Female,51.0,0,Yes,No,46,Yes,Yes,Fiber optic,Yes,Yes,Yes,Yes,Yes,Yes,One year,Yes,Credit card,98.25,4735.03,No
C04335,Female,41.0,0,No,No,6,Yes,Yes,DSL,Yes,Yes,No,No,Yes,No,One year,No,Bank transfer,65.42,429.26,No
C02078,Female,52.0,0,No,No,46,Yes,Yes,Fiber optic,Yes,No,No,No,No,No,One year,Yes,Mailed check,63.41,2688.36,No
C04224,Male,24.0,0,Yes,No,67,Yes,No,Fiber optic,No,No,No,No,Yes,No,One year,Yes,Credit card,65.71,4460.43,No
C06902,Female,51.0,0,Yes,No,22,Yes,No,No,No internet service,No internet service,No internet service,No internet service,No internet service,No internet service,Month-to-month,No,Bank transfer,33.21,744.88,No
C04008,Female,63.0,0,No,No,23,Yes,No,Fiber optic,No,Yes,Yes,No,No,No,One year,No,Mailed check,59.54,1255.65,Yes
C01052,Female,40.0,0,No,No,39,Yes,No,Fiber optic,No,Yes,No,No,Yes,No,Month-to-month,Yes,Bank transfer,68.28,2361.8,No
C03434,Female,38.0,0,Yes,No,54,Yes,Yes,Fiber optic,Yes,No,Yes,No,No,Yes,Two year,No,Electronic check,78.55,3873.79,No
C04546,Male,22.0,0,No,No,10,Yes,Yes,DSL,No,No,Yes,No,No,Yes,Month-to-month,Yes,Bank transfer,69.04,719.17,Yes
C02613,Male,51.0,0,No,Yes,68,No,No phone service,DSL,No,No,Yes,No,No,Yes,Two year,Yes,Electronic check,48.75,3831.06,No
C00969,Male,42.0,0,No,No,23,Yes,No,No,No internet service,No internet service,No internet service,No internet service,No internet service,No internet service,One year,Yes,Electronic check,29.02,714.44,No
C02687,Female,41.0,0,Yes,Yes,72,Yes,No,DSL,Yes,No,No,Yes,Yes,Yes,One year,No,Electronic check,68.65,5209.49,No
C01099,Male,26.0,0,No,No,38,Yes,No,Fiber optic,Yes,No,Yes,No,Yes,No,Two year,No,Mailed check,67.63,2667.87,No
C07189,Male,54.0,0,Yes,Yes,29,Yes,No,No,No internet service,No internet service,No internet service,No internet service,No internet service,No internet service,Month-to-month,No,Bank transfer,18.0,628.95,No
C05390,Male,42.0,0,No,Yes,66,Yes,Yes,No,No internet service,No internet service,No internet service,No internet service,No internet service,No internet service,One year,Yes,Mailed check,25.02,1736.29,No
C03294,Male,33.0,0,Yes,No,61,Yes,No,Fiber optic,No,Yes,Yes,No,No,Yes,Two year,Yes,Credit card,75.64,4382.14,No
C02712,Male,45.0,0,No,No,25,Yes,No,DSL,No,No,Yes,No,Yes,Yes,Two year,No,Credit card,50.95,1425.61,No
C03367,Male,33.0,0,No,No,40,Yes,No,DSL,No,No,No,Yes,No,Yes,Two year,Yes,Credit card,52.9,2017.67,No
C06217,Male,42.0,0,Yes,No,45,Yes,No,DSL,Yes,No,No,No,No,No,One year,No,Credit card,44.25,1751.24,No
C00830,Female,32.0,0,No,No,0,Yes,No,DSL,No,Yes,Yes,No,Yes,Yes,Month-to-month,Yes,Mailed check,62.39,60.48,No
C01667,Male,34.0,0,No,No,33,Yes,No,No,No internet service,No internet service,No internet service,No internet service,No internet service,No internet service,Month-to-month,Yes,Mailed check,30.43,1056.89,No
C01852,Female,49.0,0,Yes,No,6,Yes,Yes,Fiber optic,Yes,No,No,No,No,No,Month-to-month,Yes,Credit card,64.5,528.68,No
C00224,Female,33.0,0,No,No,42,Yes,No,No,No internet service,No internet service,No internet service,No internet service,No internet service,No internet service,One year,Yes,Credit card,29.21,1257.4,No
C07211,Male,46.0,0,Yes,No,42,Yes,No,Fiber optic,No,No,No,No,Yes,No,One year,No,Electronic check,61.64,2752.16,Yes
C00432,Female,51.0,0,Yes,Yes,31,No,No phone service,DSL,Yes,Yes,Yes,Yes,Yes,Yes,Month-to-month,No,Electronic check,71.96,2276.48,No
C06068,Male,32.0,0,Yes,No,39,Yes,No,Fiber optic,No,Yes,No,Yes,Yes,No,Two year,Yes,Bank transfer,78.73,3366.92,No
C03500,Male,53.0,0,Yes,Yes,24,Yes,No,Fiber optic,Yes,Yes,No,Yes,Yes,No,Month-to-month,No,Bank transfer,82.39,2063.78,Yes
C00987,Female,64.0,0,Yes,Yes,5,Yes,Yes,Fiber optic,No,No,No,No,Yes,No,Month-to-month,No,Electronic check,60.6,448.13,Yes
C05845,Female,43.0,0,Yes,No,16,Yes,Yes,Fiber optic,Yes,No,No,Yes,No,No,Month-to-month,Yes,Credit card,77.74,1328.89,No
C07181,Female,55.0,0,No,No,42,No,No phone service,DSL,Yes,No,Yes,No,Yes,No,One year,Yes,Electronic check,52.44,2122.42,No
C03852,Male,42.0,0,No,No,31,Yes,No,DSL,No,Yes,No,No,No,Yes,Month-to-month,Yes,Electronic check,54.32,1878.28,Yes
C04322,Female,44.0,0,No,No,48,Yes,Yes,Fiber optic,Yes,No,No,No,Yes,Yes,One year,No,Bank transfer,79.71,3614.42,No
C03797,Female,42.0,0,Yes,Yes,60,Yes,No,Fiber optic,No,No,No,No,No,Yes,One year,Yes,Credit card,65.66,3684.27,No
C03314,Female,40.0,0,No,No,8,Yes,No,DSL,Yes,Yes,No,Yes,No,No,Month-to-month,No,Mailed check,47.66,486.22,No
C01479,Male,18.0,0,No,No,0,Yes,Yes,No,No internet service,No internet service,No internet service,No internet service,No internet service,No internet service,Month-to-month,No,Electronic check,46.91,55.85,No
C03923,Male,57.0,0,No,No,50,Yes,No,Fiber optic,No,No,Yes,No,No,Yes,One year,No,Mailed check,67.23,3585.39,Yes
C07167,Male,55.0,0,Yes,Yes,31,Yes,Yes,Fiber optic,No,No,No,Yes,Yes,Yes,Month-to-month,No,Electronic check,82.84,2838.66,No
C02697,Male,34.0,0,No,No,34,Yes,Yes,No,No internet service,No internet service,No internet service,No internet service,No internet service,No internet service,Month-to-month,Yes,Credit card,38.93,1616.99,No
C05407,Male,44.0,0,No,No,51,Yes,Yes,Fiber optic,Yes,No,No,No,No,Yes,Two year,Yes,Credit card,78.95,4026.89,No
C05906,Male,40.0,0,No,Yes,7,Yes,Yes,Fiber optic,Yes,No,No,No,No,No,Month-to-month,No,Bank transfer,62.18,548.26,No
C03080,Male,61.0,0,Yes,Yes,34,Yes,No,No,No internet service,No internet service,No internet service,No internet service,No internet service,No internet service,Month-to-month,No,Credit card,27.04,934.86,No
C02242,Male,62.0,0,Yes,No,63,Yes,Yes,Fiber optic,Yes,No,Yes,No,No,No,Two year,Yes,Bank transfer,63.06,4026.32,No
C06175,Male,47.0,0,No,No,0,Yes,Yes,Fiber optic,No,No,No,No,Yes,No,Month-to-month,Yes,Credit card,73.53,145.23,Yes
C05767,Female,30.0,0,No,No,2,Yes,No,Fiber optic,No,No,No,Yes,No,No,Month-to-month,No,Electronic check,48.2,220.43,No
C03785,Female,38.0,0,No,No,47,Yes,Yes,Fiber optic,No,Yes,No,No,Yes,Yes,Month-to-month,Yes,Bank transfer,84.94,4451.51,No
C01882,Female,57.0,0,Yes,No,17,Yes,No,No,No internet service,No internet service,No internet service,No internet service,No internet service,No internet service,Month-to-month,Yes,Credit card,35.41,696.04,No
C04682,Male,38.0,0,No,No,39,Yes,Yes,Fiber optic,No,Yes,No,No,No,No,One year,Yes,Electronic check,62.78,2643.36,Yes
C03101,Female,67.0,1,Yes,No,19,Yes,Yes,DSL,No,No,No,No,No,No,Month-to-month,Yes,Electronic check,44.31,926.73,No
C00443,Male,70.0,1,Yes,Yes,30,Yes,No,DSL,Yes,No,No,Yes,Yes,No,Month-to-month,Yes,Credit card,69.24,1963.06,No
C07156,Male,54.0,0,Yes,Yes,38,Yes,No,Fiber optic,Yes,No,No,No,Yes,No,One year,No,Bank transfer,63.71,2411.15,No
C05990,Male,24.0,0,Yes,No,2,Yes,No,Fiber optic,No,Yes,No,No,No,No,Month-to-month,Yes,Credit card,60.23,207.42,No
C03897,Female,40.0,0,No,No,42,Yes,No,Fiber optic,No,Yes,Yes,No,Yes,No,One year,Yes,Electronic check,71.09,3384.3,Yes
C04383,Male,34.0,0,No,No,59,Yes,Yes,No,No internet service,No internet service,No internet service,No internet service,No internet service,No internet service,One year,No,Credit card,25.95,1479.86,No
C01414,Female,33.0,0,Yes,No,34,Yes,Yes,Fiber optic,Yes,No,Yes,Yes,Yes,Yes,One year,Yes,Electronic check,101.2,2954.97,No
C05980,Male,45.0,0,Yes,Yes,58,Yes,No,No,No internet service,No internet service,No internet service,No internet service,No internet service,No internet service,Two year,Yes,Bank transfer,18.0,1135.07,No
C05746,Male,36.0,0,No,Yes,30,No,No phone service,Fiber optic,No,Yes,No,Yes,Yes,No,Month-to-month,Yes,Electronic check,74.71,2368.25,Yes
C04843,Male,47.0,0,Yes,No,0,Yes,No,DSL,No,Yes,No,No,Yes,No,Month-to-month,Yes,Credit card,51.45,114.15,Yes
C02881,Male,42.0,0,Yes,No,51,Yes,Yes,Fiber optic,No,No,Yes,Yes,No,No,One year,Yes,Bank transfer,72.05,3597.91,No
C01808,Male,23.0,0,No,No,17,Yes,Yes,No,No internet service,No internet service,No internet service,No internet service,No internet service,No internet service,Month-to-month,No,Electronic check,25.55,542.99,No
C07202,Male,44.0,0,No,No,48,Yes,No,Fiber optic,No,Yes,Yes,No,No,No,One year,Yes,Bank transfer,62.4,2842.49,No
C01280,Male,56.0,0,Yes,No,30,Yes,No,DSL,No,Yes,Yes,No,Yes,Yes,One year,No,Electronic check,56.49,1849.62,No
C07209,Male,18.0,0,No,No,7,Yes,No,DSL,Yes,No,No,Yes,Yes,No,Month-to-month,Yes,Credit card,58.32,576.57,No
C02388,Female,65.0,0,Yes,Yes,58,Yes,Yes,Fiber optic,Yes,Yes,No,Yes,No,No,Month-to-month,Yes,Credit card,74.49,4700.8,No
C06247,Female,37.0,0,Yes,No,37,Yes,No,Fiber optic,No,No,Yes,No,No,Yes,Two year,No,Electronic check,72.26,2727.98,No
C04773,Female,61.0,0,Yes,Yes,21,No,No phone service,Fiber optic,Yes,Yes,No,Yes,Yes,Yes,Month-to-month,No,Electronic check,85.94,1848.67,Yes
C04964,Female,47.0,0,Yes,No,39,Yes,No,Fiber optic,No,No,No,Yes,No,No,Month-to-month,No,Bank transfer,54.18,2444.97,No
C01807,Male,43.0,0,Yes,No,22,Yes,No,No,No internet service,No internet service,No internet service,No internet service,No internet service,No internet service,Two year,No,Mailed check,21.29,471.29,No
C00928,Male,39.0,0,Yes,No,23,Yes,Yes,Fiber optic,No,No,Yes,Yes,No,Yes,One year,Yes,Credit card,77.27,2102.12,No
C06226,Female,60.0,0,No,Yes,4,Yes,No,Fiber optic,No,Yes,Yes,No,No,Yes,One year,Yes,Mailed check,61.13,269.56,No
C02157,Male,31.0,0,Yes,Yes,0,Yes,Yes,DSL,Yes,No,No,No,No,Yes,Month-to-month,Yes,Electronic check,58.48,66.77,No
C06981,Female,46.0,0,No,No,22,No,No phone service,Fiber optic,No,No,No,Yes,Yes,No,Two year,Yes,Bank transfer,62.3,1424.46,No
C05768,Male,57.0,0,Yes,No,72,Yes,No,DSL,Yes,Yes,Yes,No,No,No,One year,No,Electronic check,46.17,3422.66,No
C02096,Male,43.0,0,Yes,No,55,Yes,No,Fiber optic,No,Yes,Yes,No,Yes,Yes,Two year,Yes,Mailed check,76.61,3979.35,No
C00918,Female,28.0,0,No,No,11,Yes,Yes,No,No internet service,No internet service,No internet service,No internet service,No internet service,No internet service,Month-to-month,Yes,Electronic check,30.21,384.88,No
C06781,Male,42.0,0,No,No,27,Yes,Yes,DSL,Yes,Yes,No,Yes,No,Yes,Month-to-month,Yes,Electronic check,77.46,2132.63,Yes
C02463,Female,29.0,0,Yes,No,43,No,No phone service,No,No internet service,No internet service,No internet service,No internet service,No internet service,No internet service,One year,Yes,Electronic check,26.01,1087.62,No
C02251,Female,34.0,0,Yes,No,15,Yes,No,DSL,Yes,Yes,Yes,No,Yes,Yes,One year,No,Electronic check,71.72,1176.9,Yes
C00209,Female,49.0,0,No,No,24,Yes,No,DSL,Yes,No,Yes,No,No,No,Month-to-month,No,Electronic check,52.79,1141.87,Yes
C01878,Male,41.0,0,No,No,0,Yes,No,Fiber optic,No,Yes,No,No,No,Yes,Month-to-month,Yes,Mailed check,71.28,163.75,No
C02542,Female,37.0,0,No,No,0,Yes,No,No,No internet service,No internet service,No internet service,No internet service,No internet service,No internet service,One year,No,Bank transfer,25.02,20.47,No
C06443,Male,18.0,0,No,No,22,Yes,Yes,DSL,No,Yes,No,No,No,No,Month-to-month,Yes,Electronic check,50.12,1050.49,Yes
C03055,Female,58.0,0,No,No,72,Yes,Yes,No,No internet service,No internet service,No internet service,No internet service,No internet service,No internet service,Two year,Yes,Electronic check,26.55,1947.98,No
C04685,Male,47.0,0,Yes,Yes,40,Yes,Yes,DSL,No,No,Yes,No,Yes,No,One year,Yes,Credit card,65.76,2720.93,No
C03898,Female,40.0,0,No,No,53,Yes,Yes,No,No internet service,No internet service,No internet service,No internet service,No internet service,No internet service,Two year,Yes,Electronic check,33.91,1805.28,No
C01657,Female,40.0,0,No,No,0,Yes,No,Fiber optic,No,Yes,No,No,Yes,No,Month-to-month,Yes,Electronic check,71.8,15.72,Yes
C05758,Female,18.0,0,No,No,29,Yes,Yes,Fiber optic,No,No,No,Yes,No,No,One year,Yes,Bank transfer,70.8,2047.02,No
C03851,Male,41.0,0,Yes,No,48,Yes,Yes,No,No internet service,No internet service,No internet service,No internet service,No internet service,No internet service,Two year,No,Electronic check,36.44,1739.14,No
C06185,Female,18.0,0,No,No,38,Yes,Yes,DSL,No,Yes,No,No,No,Yes,Month-to-month,No,Electronic check,61.97,2088.27,Yes
C07102,Female,42.0,0,Yes,Yes,62,Yes,Yes,DSL,Yes,No,Yes,Yes,Yes,No,Two year,Yes,Mailed check,52.47,3240.55,No
C02225,Male,73.0,1,Yes,No,49,Yes,No,DSL,No,Yes,No,No,Yes,No,One year,No,Mailed check,59.19,3049.53,No
C02614,Male,62.0,0,No,No,16,Yes,No,DSL,Yes,No,No,No,No,Yes,Month-to-month,Yes,Bank transfer,43.8,892.87,No
C02447,Female,23.0,0,No,No,28,Yes,No,Fiber optic,Yes,Yes,No,Yes,Yes,Yes,One year,No,Mailed check,75.77,2310.45,No
C00568,Female,54.0,0,Yes,Yes,17,Yes,No,Fiber optic,Yes,No,No,No,Yes,No,One year,Yes,Electronic check,67.8,1288.25,No
C01706,Female,37.0,0,No,No,71,Yes,No,Fiber optic,No,Yes,No,No,Yes,Yes,Two year,Yes,Electronic check,74.39,4970.59,No
C03776,Male,40.0,0,No,Yes,39,Yes,Yes,No,No internet service,No internet service,No internet service,No internet service,No internet service,No internet service,One year,Yes,Bank transfer,31.97,1236.3,No
C02434,Female,20.0,0,No,No,33,Yes,Yes,DSL,Yes,No,Yes,No,No,Yes,One year,Yes,Bank transfer,63.8,2098.08,No
C02216,Female,54.0,0,No,No,5,Yes,No,DSL,No,No,Yes,No,Yes,Yes,Month-to-month,Yes,Credit card,60.22,486.54,Yes
C00592,Male,31.0,0,No,No,55,No,No phone service,DSL,No,No,No,Yes,No,No,Two year,No,Electronic check,35.29,1998.42,No
C01282,Female,55.0,0,No,No,11,Yes,No,Fiber optic,No,Yes,Yes,No,Yes,No,Month-to-month,Yes,Credit card,74.08,859.56,Yes
C03991,Female,20.0,0,No,No,20,Yes,No,Fiber optic,Yes,No,No,Yes,No,No,Month-to-month,Yes,Electronic check,78.59,1517.14,Yes
C05393,Female,71.0,1,No,Yes,20,Yes,Yes,Fiber optic,Yes,No,No,No,Yes,No,Month-to-month,Yes,Bank transfer,73.51,1455.29,No
C06222,Female,59.0,0,No,No,51,Yes,Yes,No,No internet service,No internet service,No internet service,No internet service,No internet service,No internet service,One year,No,Mailed check,28.96,1763.77,No
C03369,Male,53.0,0,No,No,57,Yes,No,DSL,No,No,Yes,No,Yes,Yes,Month-to-month,Yes,Electronic check,59.48,3470.1,Yes
C07020,Female,30.0,0,Yes,No,39,Yes,No,DSL,Yes,Yes,No,No,No,No,Month-to-month,Yes,Bank transfer,58.14,2429.29,No
C01403,Female,68.0,1,Yes,Yes,15,Yes,Yes,Fiber optic,No,Yes,No,No,Yes,Yes,Month-to-month,Yes,Bank transfer,82.6,1346.82,No
C05470,Female,31.0,0,No,No,32,Yes,No,No,No internet service,No internet service,No internet service,No internet service,No internet service,No internet service,Month-to-month,Yes,Electronic check,23.16,742.34,No
C05524,Female,20.0,0,No,No,7,Yes,No,DSL,No,Yes,Yes,No,No,No,One year,Yes,Mailed check,50.04,418.06,No
C05133,Female,50.0,0,No,No,72,Yes,Yes,Fiber optic,No,Yes,No,No,Yes,Yes,Two year,Yes,Electronic check,82.44,6867.58,No
C06977,Female,45.0,0,No,No,28,Yes,Yes,DSL,Yes,Yes,No,Yes,No,No,One year,No,Electronic check,60.24,1771.97,No
C02022,Male,34.0,0,Yes,No,55,Yes,Yes,DSL,Yes,Yes,No,Yes,No,Yes,One year,Yes,Bank transfer,73.17,3840.22,No
C01872,Male,62.0,0,No,No,42,Yes,No,No,No internet service,No internet service,No internet service,No internet service,No internet service,No internet service,Two year,Yes,Credit card,24.08,1183.92,No
C05232,Male,47.0,0,No,No,62,Yes,No,Fiber optic,No,No,No,No,No,Yes,One year,No,Bank transfer,53.59,3249.71,No
C00874,Male,42.0,0,No,No,30,Yes,Yes,DSL,Yes,No,Yes,No,No,No,One year,No,Bank transfer,55.21,1934.28,Yes
C00303,Male,32.0,0,No,No,46,Yes,Yes,Fiber optic,No,Yes,No,No,No,No,Month-to-month,Yes,Mailed check,69.3,2951.31,Yes
C06602,Female,46.0,0,Yes,Yes,10,Yes,No,No,No internet service,No internet service,No internet service,No internet service,No internet service,No internet service,Month-to-month,No,Electronic check,22.81,303.43,No
C04154,Male,44.0,0,No,Yes,0,Yes,No,DSL,Yes,No,Yes,No,Yes,Yes,Month-to-month,Yes,Bank transfer,61.99,58.83,Yes
C05954,Male,34.0,0,No,No,25,Yes,No,DSL,No,Yes,No,No,Yes,No,One year,Yes,Mailed check,52.54,1284.98,No
C01922,Female,50.0,0,No,No,27,Yes,No,DSL,No,Yes,Yes,Yes,No,No,Month-to-month,Yes,Credit card,68.59,1859.41,No
C04088,Female,25.0,0,No,Yes,11,Yes,No,DSL,No,No,No,No,Yes,No,Two year,No,Electronic check,51.14,703.89,No
C02124,Female,53.0,0,Yes,No,0,Yes,No,DSL,Yes,Yes,No,Yes,Yes,No,Month-to-month,No,Electronic check,49.45,145.76,No
C04842,Female,35.0,0,No,No,27,Yes,Yes,Fiber optic,No,No,No,No,No,No,Month-to-month,No,Electronic check,53.95,1516.14,Yes
C01182,Female,48.0,0,Yes,No,33,Yes,Yes,No,No internet service,No internet service,No internet service,No internet service,No internet service,No internet service,Month-to-month,Yes,Bank transfer,36.2,1251.79,No
C00847,Male,60.0,0,Yes,Yes,24,No,No phone service,Fiber optic,No,Yes,No,No,No,No,One year,Yes,Electronic check,51.23,1349.5,No
C00529,Male,62.0,0,Yes,No,45,Yes,No,Fiber optic,No,Yes,No,No,No,No,Two year,Yes,Credit card,54.39,2434.97,No
C06976,Female,53.0,0,No,Yes,20,Yes,Yes,Fiber optic,No,No,No,No,Yes,Yes,Month-to-month,Yes,Electronic check,72.55,1467.38,No
C02816,Male,56.0,0,Yes,No,33,Yes,No,DSL,No,No,Yes,No,Yes,No,Month-to-month,No,Bank transfer,54.61,1934.22,No
C01595,Female,28.0,0,No,No,38,Yes,Yes,DSL,No,No,No,No,No,No,Two year,No,Mailed check,53.19,2225.81,No
C01907,Female,24.0,0,Yes,No,8,Yes,No,DSL,No,No,No,Yes,No,No,One year,Yes,Credit card,40.14,424.69,No
C04240,Male,46.0,0,No,No,0,Yes,Yes,Fiber optic,No,Yes,No,Yes,No,No,Month-to-month,No,Electronic check,68.88,150.1,Yes
C00274,Female,45.0,0,No,No,42,Yes,No,DSL,No,No,No,No,No,No,One year,Yes,Electronic check,30.55,1212.88,No
C00559,Female,56.0,0,Yes,No,46,Yes,Yes,DSL,No,No,No,Yes,Yes,No,Two year,No,Electronic check,61.73,2948.49,No
C07089,Female,48.0,0,Yes,Yes,47,Yes,Yes,Fiber optic,No,Yes,No,No,No,No,One year,No,Bank transfer,57.88,2852.76,No
C06278,Female,64.0,0,No,Yes,43,Yes,Yes,Fiber optic,No,No,Yes,No,No,Yes,Month-to-month,No,Bank transfer,67.1,2957.32,No
C06146,Female,34.0,0,Yes,No,35,Yes,Yes,No,No internet service,No internet service,No internet service,No internet service,No internet service,No internet service,One year,No,Electronic check,33.45,1342.72,No
C02380,Male,42.0,0,Yes,No,34,Yes,No,DSL,No,No,No,Yes,Yes,No,One year,Yes,Electronic check,53.74,1859.17,No
C01820,Female,60.0,0,Yes,Yes,26,Yes,Yes,Fiber optic,No,Yes,No,No,No,No,Month-to-month,No,Bank transfer,66.98,1922.56,No
C07012,Female,60.0,0,Yes,Yes,34,Yes,No,DSL,No,No,No,No,Yes,No,One year,Yes,Electronic check,50.72,1717.3,Yes
C02580,Female,53.0,0,No,No,7,Yes,No,DSL,No,Yes,No,Yes,No,Yes,Month-to-month,Yes,Electronic check,60.94,443.62,No
C00228,Female,26.0,0,No,No,0,Yes,No,DSL,No,No,No,No,No,Yes,Month-to-month,No,Electronic check,42.55,74.78,No
C05022,Male,44.0,0,Yes,No,50,Yes,Yes,DSL,No,Yes,Yes,Yes,No,Yes,Month-to-month,No,Electronic check,65.42,3330.5,No
C03709,Female,19.0,0,No,No,1,Yes,Yes,Fiber optic,Yes,No,Yes,Yes,No,No,Month-to-month,Yes,Bank transfer,71.96,102.66,Yes
C01382,Female,52.0,0,Yes,No,59,Yes,No,Fiber optic,No,No,No,No,No,Yes,Two year,No,Electronic check,58.9,3589.97,Yes
C03011,Female,36.0,0,No,No,38,Yes,No,Fiber optic,Yes,No,No,Yes,No,No,Two year,No,Electronic check,63.12,2170.64,No
C00799,Female,61.0,0,No,No,0,Yes,No,DSL,No,No,Yes,No,No,No,Month-to-month,Yes,Mailed check,42.14,101.95,No
C01170,Male,39.0,0,No,No,67,Yes,No,Fiber optic,No,Yes,No,No,No,No,One year,Yes,Credit card,54.71,3924.14,No
C01873,Female,30.0,0,No,No,42,Yes,Yes,Fiber optic,Yes,No,No,No,No,Yes,Month-to-month,Yes,Electronic check,68.53,2970.72,No
C03343,Female,67.0,1,No,Yes,25,Yes,No,Fiber optic,No,No,No,No,Yes,Yes,Two year,Yes,Mailed check,74.08,2134.27,Yes
C04330,Female,18.0,0,No,No,38,Yes,No,Fiber optic,No,Yes,Yes,No,Yes,Yes,One year,No,Credit card,68.6,3070.8,No
C00981,Male,69.0,1,Yes,Yes,35,Yes,No,Fiber optic,Yes,No,No,No,Yes,Yes,One year,Yes,Bank transfer,77.5,2842.09,No
C06620,Male,46.0,0,No,No,23,Yes,No,DSL,No,No,No,No,No,Yes,Month-to-month,No,Electronic check,44.54,1121.18,No
C04279,Male,36.0,0,No,No,55,Yes,No,No,No internet service,No internet service,No internet service,No internet service,No internet service,No internet service,Two year,Yes,Electronic check,19.78,1093.8,No
C04931,Female,42.0,0,No,Yes,55,Yes,Yes,No,No internet service,No internet service,No internet service,No internet service,No internet service,No internet service,One year,Yes,Credit card,36.52,1991.18,No
C07154,Male,38.0,0,Yes,No,10,Yes,Yes,Fiber optic,Yes,Yes,No,No,No,Yes,Month-to-month,No,Electronic check,76.87,938.45,Yes
C00314,Male,63.0,0,Yes,No,48,Yes,No,Fiber optic,Yes,No,No,No,Yes,No,Two year,Yes,Bank transfer,73.72,3797.95,No
C00168,Male,45.0,0,Yes,No,22,Yes,No,Fiber optic,Yes,No,No,No,No,Yes,Month-to-month,Yes,Bank transfer,70.37,1503.96,Yes
C04696,Male,44.0,0,No,No,29,Yes,No,DSL,No,Yes,No,No,Yes,No,Month-to-month,Yes,Bank transfer,52.4,1567.92,No
C06498,Male,22.0,0,Yes,No,0,Yes,No,DSL,No,Yes,No,Yes,No,Yes,Month-to-month,No,Electronic check,40.05,99.3,No
C01931,Male,45.0,0,Yes,Yes,43,No,No phone service,Fiber optic,No,No,Yes,No,No,No,Month-to-month,Yes,Electronic check,64.78,2687.13,Yes
C03589,Male,52.0,0,No,No,3,Yes,No,Fiber optic,No,No,No,No,Yes,Yes,Month-to-month,Yes,Electronic check,78.06,271.62,No
C02716,Female,40.0,0,No,No,24,Yes,No,Fiber optic,No,No,No,No,No,Yes,Month-to-month,Yes,Credit card,65.51,1494.05,Yes
C06327,Female,58.0,0,Yes,No,43,No,No phone service,DSL,No,No,No,No,Yes,Yes,Month-to-month,Yes,Credit card,45.64,2003.71,No
C02792,Male,43.0,0,Yes,No,21,Yes,No,DSL,No,Yes,No,No,Yes,Yes,Month-to-month,Yes,Electronic check,61.75,1273.98,No
C05940,Female,25.0,0,No,No,29,Yes,Yes,Fiber optic,Yes,Yes,Yes,No,No,Yes,Month-to-month,No,Bank transfer,81.94,2614.92,Yes
C04437,Male,31.0,0,No,No,72,Yes,No,DSL,No,Yes,No,No,No,No,Two year,No,Mailed check,42.23,3055.76,No
C06572,Female,65.0,0,Yes,Yes,12,Yes,No,DSL,Yes,No,No,No,Yes,No,Month-to-month,Yes,Mailed check,46.93,713.15,No
C01434,Female,30.0,0,No,No,2,Yes,Yes,DSL,No,No,No,No,Yes,Yes,Two year,No,Mailed check,59.97,136.73,Yes
C04604,Male,18.0,0,No,No,29,Yes,Yes,Fiber optic,Yes,No,No,Yes,Yes,Yes,One year,No,Mailed check,74.72,2148.77,No
C02854,Male,28.0,0,No,No,32,Yes,No,DSL,No,No,No,No,Yes,No,Month-to-month,No,Bank transfer,47.44,1636.87,No
C06863,Male,50.0,0,Yes,No,11,Yes,No,Fiber optic,Yes,No,Yes,No,No,Yes,One year,No,Electronic check,76.9,974.11,Yes
C01541,Male,30.0,0,No,No,29,Yes,No,DSL,No,Yes,No,No,No,No,Two year,Yes,Electronic check,40.21,1247.75,No
C05575,Male,56.0,0,No,No,11,Yes,No,Fiber optic,No,No,No,Yes,No,No,Month-to-month,No,Electronic check,62.23,639.23,Yes
C03191,Male,40.0,0,No,No,58,Yes,No,DSL,No,No,No,No,No,Yes,One year,No,Electronic check,44.26,2360.94,No
C00803,Female,43.0,0,No,No,56,No,No phone service,Fiber optic,No,No,Yes,No,No,No,One year,Yes,Credit card,57.68,3291.22,No
C03880,Female,35.0,0,No,No,38,Yes,Yes,DSL,No,Yes,No,Yes,Yes,Yes,Two year,Yes,Electronic check,84.69,3148.3,No
C03012,Female,52.0,0,Yes,No,39,Yes,No,No,No internet service,No internet service,No internet service,No internet service,No internet service,No internet service,Two year,No,Credit card,18.0,733.58,No
C02859,Male,45.0,0,Yes,No,4,Yes,Yes,DSL,No,Yes,No,No,Yes,No,Month-to-month,No,Electronic check,48.79,289.95,No
C00790,Female,43.0,0,No,No,24,Yes,Yes,No,No internet service,No internet service,No internet service,No internet service,No internet service,No internet service,Month-to-month,Yes,Bank transfer,25.68,667.12,No
C07140,Female,41.0,0,Yes,Yes,28,Yes,Yes,No,No internet service,No internet service,No internet service,No internet service,No internet service,No internet service,Month-to-month,No,Electronic check,24.3,775.63,No
C00756,Male,49.0,0,No,No,27,Yes,Yes,DSL,No,No,No,No,No,Yes,One year,No,Credit card,55.93,1735.13,Yes
C03680,Male,32.0,0,No,No,49,Yes,Yes,Fiber optic,No,Yes,No,No,Yes,Yes,One year,No,Bank transfer,72.99,3613.29,No
C02681,Male,58.0,0,Yes,Yes,72,Yes,Yes,DSL,No,No,Yes,No,Yes,No,Two year,No,Bank transfer,69.42,4903.57,No
C00688,Male,45.0,0,No,No,28,Yes,Yes,DSL,Yes,Yes,Yes,No,No,No,Month-to-month,No,Mailed check,47.96,1491.69,No
C01117,Female,46.0,0,Yes,Yes,25,Yes,Yes,Fiber optic,No,No,Yes,No,No,No,Two year,Yes,Credit card,63.95,1634.41,No
C03934,Male,37.0,0,No,No,14,Yes,Yes,DSL,No,Yes,No,Yes,Yes,No,Two year,No,Bank transfer,60.68,1012.33,No
C06865,Male,19.0,0,Yes,No,47,Yes,Yes,DSL,Yes,No,No,No,No,Yes,One year,Yes,Credit card,55.52,2702.02,No
C03238,Male,32.0,0,No,No,28,Yes,Yes,Fiber optic,No,No,No,No,No,No,One year,No,Bank transfer,59.84,1902.51,No
C04529,Male,19.0,0,No,No,4,Yes,No,DSL,No,No,No,Yes,Yes,Yes,Month-to-month,Yes,Electronic check,55.33,298.6,No
C06618,Male,18.0,0,No,No,11,No,No phone service,DSL,Yes,Yes,No,No,Yes,No,Month-to-month,Yes,Credit card,39.83,457.2,Yes
C03270,Male,37.0,0,No,No,21,Yes,No,DSL,Yes,Yes,Yes,No,Yes,Yes,Month-to-month,No,Electronic check,69.53,1655.41,Yes
C00692,Female,65.0,0,Yes,No,48,Yes,No,Fiber optic,No,Yes,Yes,No,Yes,No,Month-to-month,Yes,Bank transfer,68.24,3257.35,No
C06630,Female,63.0,0,Yes,Yes,48,Yes,Yes,Fiber optic,Yes,No,Yes,No,No,No,One year,Yes,Electronic check,73.92,3477.73,No
C00291,Female,50.0,0,Yes,No,0,Yes,No,DSL,No,No,No,No,Yes,No,Month-to-month,Yes,Electronic check,41.71,74.33,No
C00234,Female,63.0,0,Yes,No,46,Yes,No,DSL,Yes,Yes,No,Yes,No,No,Two year,Yes,Bank transfer,57.91,2809.39,No
C03912,Male,55.0,0,No,Yes,1,Yes,Yes,DSL,No,No,No,Yes,Yes,No,One year,No,Electronic check,53.93,111.75,Yes
C06246,Male,51.0,0,Yes,No,25,Yes,Yes,Fiber optic,No,Yes,Yes,Yes,Yes,Yes,Month-to-month,Yes,Mailed check,88.17,2186.51,Yes
C03108,Male,33.0,0,No,No,30,Yes,Yes,DSL,No,Yes,Yes,Yes,No,Yes,Month-to-month,No,Bank transfer,67.63,2063.22,No
C00457,Male,53.0,0,No,No,13,Yes,Yes,DSL,No,Yes,Yes,No,Yes,Yes,Month-to-month,Yes,Credit card,69.19,829.52,No
C02546,Male,49.0,0,Yes,Yes,44,Yes,No,Fiber optic,No,No,Yes,No,No,Yes,Month-to-month,No,Electronic check,58.97,2525.65,Yes
C04929,Male,26.0,0,No,No,6,Yes,No,Fiber optic,Yes,Yes,Yes,Yes,Yes,Yes,Month-to-month,Yes,Bank transfer,87.73,753.92,No
C00626,Male,46.0,0,No,No,26,Yes,Yes,DSL,Yes,No,Yes,No,No,Yes,Month-to-month,No,Mailed check,58.69,1544.25,No
C06917,Male,30.0,0,No,No,32,Yes,Yes,DSL,No,No,No,No,Yes,Yes,Month-to-month,Yes,Mailed check,41.93,1305.66,No
C06486,Male,38.0,0,No,Yes,46,Yes,No,Fiber optic,No,No,Yes,No,Yes,Yes,Two year,Yes,Electronic check,80.68,3682.3,No
C04572,Female,46.0,0,No,No,34,Yes,No,No,No internet service,No internet service,No internet service,No internet service,No internet service,No internet service,Month-to-month,Yes,Electronic check,31.78,982.26,No
C02872,Male,21.0,0,No,No,56,Yes,No,DSL,No,Yes,Yes,Yes,No,No,Two year,No,Credit card,49.31,2844.45,No
C02701,Female,37.0,0,No,No,21,Yes,No,Fiber optic,No,Yes,No,No,Yes,No,Month-to-month,No,Electronic check,65.48,1586.92,Yes
C00567,Female,25.0,0,Yes,No,17,Yes,No,Fiber optic,No,No,Yes,No,No,No,One year,Yes,Electronic check,45.38,848.16,No
C06099,Male,39.0,0,Yes,Yes,37,Yes,No,Fiber optic,No,Yes,No,No,No,No,One year,No,Credit card,55.59,2071.62,No
C03846,Female,18.0,0,No,No,61,Yes,Yes,DSL,No,Yes,Yes,No,No,No,Two year,No,Electronic check,52.3,3349.67,No
C02566,Female,27.0,0,No,No,72,Yes,Yes,Fiber optic,No,No,No,No,No,No,Two year,No,Bank transfer,58.48,4439.62,No
C01102,Female,40.0,0,No,No,45,No,No phone service,Fiber optic,No,No,Yes,No,No,Yes,Month-to-month,Yes,Electronic check,71.03,3290.03,Yes
C01350,Male,43.0,0,Yes,Yes,14,Yes,Yes,No,No internet service,No internet service,No internet service,No internet service,No internet service,No internet service,Month-to-month,No,Bank transfer,32.72,541.44,No
C03036,Female,35.0,0,No,No,15,No,No phone service,Fiber optic,Yes,Yes,Yes,No,No,Yes,Month-to-month,Yes,Mailed check,68.76,1078.92,No
C05280,Female,51.0,0,Yes,No,0,Yes,Yes,No,No internet service,No internet service,No internet service,No internet service,No internet service,No internet service,Month-to-month,Yes,Credit card,33.56,61.89,No
C06905,Male,58.0,0,No,No,22,Yes,No,Fiber optic,Yes,Yes,Yes,Yes,No,No,Month-to-month,Yes,Electronic check,82.15,1635.51,No
C05759,Female,44.0,0,Yes,No,29,Yes,No,No,No internet service,No internet service,No internet service,No internet service,No internet service,No internet service,One year,Yes,Bank transfer,26.57,829.52,No
C06441,Male,36.0,0,No,No,2,Yes,No,Fiber optic,Yes,No,No,Yes,No,Yes,Month-to-month,No,Electronic check,72.69,301.41,No
C05426,Male,61.0,0,No,No,50,Yes,No,No,No internet service,No internet service,No internet service,No internet service,No internet service,No internet service,One year,Yes,Electronic check,33.85,1603.8,No
C04772,Female,39.0,0,Yes,No,29,Yes,No,No,No internet service,No internet service,No internet service,No internet service,No internet service,No internet service,Month-to-month,No,Bank transfer,27.96,818.13,No
C04957,Female,50.0,0,Yes,No,47,Yes,Yes,DSL,No,No,Yes,No,No,No,Two year,Yes,Credit card,45.99,2319.31,No
C01341,Male,28.0,0,Yes,No,60,Yes,No,No,No internet service,No internet service,No internet service,No internet service,No internet service,No internet service,Two year,Yes,Mailed check,28.07,1844.04,No
C00892,Female,47.0,0,No,No,48,Yes,No,DSL,No,No,No,No,No,Yes,Two year,Yes,Bank transfer,47.57,2241.04,No
C02044,Female,50.0,0,Yes,No,51,Yes,No,DSL,No,No,No,No,No,No,Two year,No,Electronic check,41.39,1920.84,No
C04078,Male,34.0,0,No,No,28,Yes,No,Fiber optic,Yes,No,Yes,Yes,Yes,Yes,Month-to-month,Yes,Electronic check,86.86,2697.54,Yes
C04915,Male,64.0,0,Yes,No,10,Yes,No,Fiber optic,No,Yes,Yes,Yes,No,No,Month-to-month,Yes,Credit card,67.77,837.08,Yes
C00460,Male,47.0,0,No,No,33,Yes,No,Fiber optic,No,No,Yes,No,Yes,No,Month-to-month,Yes,Credit card,68.38,2196.52,No
C01477,Male,63.0,0,Yes,No,60,Yes,No,Fiber optic,No,Yes,No,No,No,No,Two year,No,Electronic check,60.09,3624.42,No
C02081,Male,49.0,0,Yes,No,26,Yes,Yes,Fiber optic,No,Yes,Yes,Yes,No,Yes,Month-to-month,No,Bank transfer,81.77,2300.69,Yes
C01325,Female,52.0,0,No,No,25,Yes,Yes,Fiber optic,No,No,Yes,Yes,Yes,No,Two year,No,Credit card,71.08,1541.2,No
C02720,Female,53.0,0,No,No,25,Yes,Yes,Fiber optic,Yes,No,Yes,Yes,Yes,Yes,Two year,Yes,Credit card,93.67,2525.35,No
C04348,Male,36.0,0,No,Yes,70,Yes,No,No,No internet service,No internet service,No internet service,No internet service,No internet service,No internet service,Two year,No,Electronic check,18.0,1304.37,No
C03933,Male,70.0,1,Yes,Yes,11,Yes,No,No,No internet service,No internet service,No internet service,No internet service,No internet service,No internet service,One year,Yes,Credit card,26.11,381.92,No
C01212,Female,42.0,0,Yes,No,53,Yes,No,Fiber optic,No,No,Yes,No,Yes,Yes,Two year,Yes,Electronic check,69.55,3668.98,No
C02562,Female,58.0,0,Yes,Yes,15,Yes,No,No,No internet service,No internet service,No internet service,No internet service,No internet service,No internet service,Month-to-month,Yes,Electronic check,18.0,307.47,No
C05956,Male,39.0,0,No,No,24,No,No phone service,Fiber optic,No,No,No,Yes,No,No,Month-to-month,Yes,Bank transfer,58.38,1491.77,Yes
C01060,Male,33.0,0,Yes,No,0,Yes,No,Fiber optic,No,Yes,No,Yes,No,Yes,Month-to-month,No,Electronic check,70.36,127.65,Yes
C02953,Male,38.0,0,No,No,28,No,No phone service,Fiber optic,No,No,No,No,No,No,Two year,Yes,Electronic check,50.64,1332.79,No
C04410,Male,39.0,0,Yes,No,43,No,No phone service,DSL,No,No,No,Yes,Yes,No,Two year,Yes,Electronic check,52.72,2063.57,No
C04905,Male,45.0,0,Yes,No,57,Yes,Yes,No,No internet service,No internet service,No internet service,No internet service,No internet service,No internet service,Two year,Yes,Electronic check,30.53,1687.03,No
C01936,Female,50.0,0,No,Yes,41,Yes,Yes,Fiber optic,No,No,No,No,No,Yes,One year,Yes,Mailed check,65.04,3144.25,Yes
C05273,Male,72.0,1,No,Yes,27,Yes,Yes,DSL,Yes,Yes,No,Yes,Yes,No,Month-to-month,No,Bank transfer,76.35,2329.88,Yes
C02002,Female,58.0,0,Yes,No,3,Yes,Yes,Fiber optic,No,No,No,No,No,No,Month-to-month,Yes,Credit card,58.89,275.29,Yes
C04992,Male,34.0,0,Yes,No,5,Yes,Yes,Fiber optic,No,No,Yes,Yes,No,No,One year,No,Credit card,70.81,518.9,Yes
C01464,Female,43.0,0,Yes,No,38,Yes,No,No,No internet service,No internet service,No internet service,No internet service,No internet service,No internet service,Two year,Yes,Mailed check,21.48,929.23,No
C06317,Female,25.0,0,Yes,No,54,Yes,No,Fiber optic,Yes,No,Yes,No,No,Yes,Two year,Yes,Credit card,78.05,4390.46,No
C06897,Female,18.0,0,No,No,53,Yes,No,DSL,No,Yes,Yes,Yes,Yes,No,Two year,No,Bank transfer,61.4,3620.66,No
C04987,Female,41.0,0,No,No,16,No,No phone service,Fiber optic,Yes,No,Yes,Yes,No,No,Month-to-month,Yes,Bank transfer,60.85,984.79,No
C03536,Female,55.0,0,No,Yes,9,Yes,No,Fiber optic,Yes,No,Yes,Yes,Yes,No,Month-to-month,No,Mailed check,81.57,821.94,Yes
C05703,Female,18.0,0,No,No,44,Yes,No,Fiber optic,No,Yes,Yes,No,No,No,Month-to-month,Yes,Electronic check,70.81,3084.65,Yes
C04252,Male,49.0,0,No,No,31,Yes,Yes,No,No internet service,No internet service,No internet service,No internet service,No internet service,No internet service,Month-to-month,Yes,Credit card,41.98,1516.38,No
C02403,Female,28.0,0,Yes,No,39,Yes,Yes,Fiber optic,No,No,Yes,No,No,No,One year,Yes,Mailed check,61.31,2266.1,No
C03559,Female,52.0,0,Yes,Yes,47,Yes,No,DSL,No,Yes,No,Yes,Yes,Yes,Month-to-month,Yes,Bank transfer,62.98,3016.65,No
C06949,Female,18.0,0,No,Yes,55,Yes,Yes,No,No internet service,No internet service,No internet service,No internet service,No internet service,No internet service,Month-to-month,Yes,Mailed check,33.81,2038.28,Yes
C04538,Female,18.0,0,Yes,No,17,Yes,No,No,No internet service,No internet service,No internet service,No internet service,No internet service,No internet service,Month-to-month,No,Bank transfer,28.47,578.35,No
C04149,Female,69.0,1,Yes,Yes,0,No,No phone service,DSL,No,No,No,Yes,No,No,Month-to-month,Yes,Electronic check,45.72,3.96,No
C07032,Female,44.0,0,Yes,No,0,Yes,Yes,Fiber optic,No,Yes,Yes,No,No,Yes,Month-to-month,Yes,Electronic check,79.34,176.0,Yes
C06253,Female,49.0,0,Yes,Yes,29,Yes,No,Fiber optic,No,Yes,No,No,No,No,Month-to-month,No,Credit card,48.42,1493.88,Yes
C05782,Female,34.0,0,Yes,No,60,Yes,No,DSL,No,No,No,No,No,No,Two year,No,Credit card,31.51,1872.95,No
C06322,Male,26.0,0,No,No,0,Yes,No,Fiber optic,No,No,No,No,No,No,Month-to-month,No,Electronic check,42.59,116.39,No
C05132,Female,36.0,0,No,No,33,Yes,No,DSL,Yes,No,Yes,No,Yes,No,One year,Yes,Electronic check,61.11,2280.77,No
C03151,Male,64.0,0,Yes,No,18,Yes,Yes,No,No internet service,No internet service,No internet service,No internet service,No internet service,No internet service,One year,Yes,Credit card,37.32,774.69,No
C06234,Female,25.0,0,No,No,17,Yes,Yes,DSL,Yes,No,Yes,Yes,No,Yes,Month-to-month,Yes,Credit card,67.64,1080.49,Yes
C05678,Female,32.0,0,No,No,14,Yes,Yes,DSL,No,Yes,Yes,Yes,No,Yes,Two year,No,Bank transfer,72.55,1109.56,No
C06496,Female,18.0,0,No,No,2,Yes,Yes,Fiber optic,Yes,Yes,No,No,No,No,Month-to-month,Yes,Bank transfer,63.4,168.76,No
C03497,Male,57.0,0,No,No,49,Yes,No,DSL,No,Yes,Yes,No,Yes,No,Month-to-month,Yes,Electronic check,50.73,2290.79,Yes
C00093,Female,26.0,0,No,No,46,Yes,No,Fiber optic,No,No,No,No,Yes,No,Month-to-month,No,Mailed check,55.34,2424.77,No
C05458,Male,33.0,0,No,No,27,Yes,Yes,No,No internet service,No internet service,No internet service,No internet service,No internet service,No internet service,Two year,Yes,Bank transfer,24.6,758.35,No
C00098,Male,41.0,0,Yes,Yes,18,Yes,No,No,No internet service,No internet service,No internet service,No internet service,No internet service,No internet service,Month-to-month,Yes,Credit card,28.13,598.65,No
C01371,Male,54.0,0,Yes,No,0,Yes,Yes,Fiber optic,Yes,No,No,Yes,Yes,No,One year,Yes,Electronic check,79.13,81.43,No
C05157,Female,59.0,0,Yes,No,14,Yes,Yes,DSL,Yes,Yes,No,Yes,Yes,Yes,One year,Yes,Mailed check,86.14,1205.67,No
C04073,Female,58.0,0,No,No,15,Yes,Yes,Fiber optic,Yes,Yes,Yes,No,No,Yes,Month-to-month,No,Electronic check,84.82,1353.35,Yes
C01256,Female,38.0,0,No,Yes,0,Yes,Yes,Fiber optic,No,No,No,No,No,No,Month-to-month,No,Electronic check,57.42,129.47,Yes
C01512,Male,32.0,0,No,No,40,Yes,Yes,Fiber optic,Yes,No,Yes,Yes,No,No,Two year,Yes,Mailed check,81.1,3521.08,No
C03209,Male,55.0,0,No,No,51,Yes,No,DSL,No,No,Yes,Yes,No,No,Two year,No,Credit card,51.87,2592.43,No
C06460,Male,32.0,0,No,No,35,Yes,Yes,DSL,Yes,No,No,Yes,No,No,One year,Yes,Electronic check,59.99,2126.27,No
C01606,Male,63.0,0,Yes,No,57,Yes,No,Fiber optic,No,Yes,No,No,Yes,Yes,Two year,No,Mailed check,78.61,4098.03,No
C02014,Female,40.0,0,No,Yes,31,Yes,No,Fiber optic,No,Yes,Yes,No,Yes,Yes,Month-to-month,Yes,Electronic check,72.69,2273.79,Yes
C04083,Female,53.0,0,Yes,No,11,Yes,No,No,No internet service,No internet service,No internet service,No internet service,No internet service,No internet service,Month-to-month,No,Mailed check,18.0,225.51,No
C06778,Female,53.0,0,Yes,No,29,Yes,Yes,Fiber optic,No,Yes,No,No,Yes,No,Month-to-month,No,Mailed check,65.38,1885.93,No
C05864,Female,29.0,0,Yes,No,10,No,No phone service,DSL,Yes,No,Yes,No,Yes,Yes,Month-to-month,No,Bank transfer,74.12,944.83,No
C05009,Female,50.0,0,Yes,No,33,Yes,No,No,No internet service,No internet service,No internet service,No internet service,No internet service,No internet service,Two year,Yes,Mailed check,29.01,1205.38,No
C00966,Female,48.0,0,Yes,No,9,Yes,No,DSL,No,No,No,No,No,No,Month-to-month,Yes,Credit card,43.99,488.89,No
C00015,Female,43.0,0,No,No,72,Yes,Yes,DSL,Yes,No,No,No,Yes,Yes,Two year,Yes,Mailed check,72.21,4555.74,No
C06095,Male,43.0,0,No,No,47,Yes,Yes,No,No internet service,No internet service,No internet service,No internet service,No internet service,No internet service,Month-to-month,No,Credit card,36.85,1837.62,No
C02952,Male,41.0,0,Yes,No,43,No,No phone service,DSL,Yes,No,No,Yes,Yes,No,Month-to-month,Yes,Electronic check,57.03,2527.7,Yes
C06986,Male,48.0,0,No,No,0,Yes,No,Fiber optic,No,No,No,No,No,No,Month-to-month,No,Electronic check,48.56,56.71,No
C07227,Male,48.0,0,No,Yes,48,Yes,Yes,DSL,No,No,No,No,No,No,One year,Yes,Electronic check,43.48,2389.3,No
C01018,Male,57.0,0,No,No,15,Yes,Yes,No,No internet service,No internet service,No internet service,No internet service,No internet service,No internet service,One year,Yes,Bank transfer,27.82,501.2,No
C03748,Female,39.0,0,No,No,14,Yes,Yes,No,No internet service,No internet service,No internet service,No internet service,No internet service,No internet service,Month-to-month,Yes,Electronic check,32.65,578.27,Yes
C05650,Male,42.0,0,No,No,41,Yes,Yes,No,No internet service,No internet service,No internet service,No internet service,No internet service,No internet service,One year,No,Credit card,27.16,1227.74,No
C02958,Male,51.0,0,Yes,Yes,16,Yes,Yes,DSL,Yes,Yes,No,No,Yes,Yes,Month-to-month,Yes,Bank transfer,68.17,1134.05,No
C00166,Male,67.0,1,Yes,No,41,Yes,Yes,DSL,No,No,No,Yes,Yes,Yes,Month-to-month,No,Electronic check,58.49,2544.88,No
C05364,Male,56.0,0,No,No,24,Yes,No,Fiber optic,No,No,No,No,No,Yes,Month-to-month,Yes,Mailed check,62.44,1738.76,No
C00490,Male,30.0,0,No,No,12,No,No phone service,DSL,No,No,No,No,Yes,Yes,Month-to-month,Yes,Bank transfer,61.67,879.05,Yes
C06453,Female,64.0,0,No,No,47,Yes,Yes,DSL,No,No,No,No,No,No,Two year,No,Mailed check,48.44,2362.94,No
C04834,Male,66.0,1,Yes,No,29,Yes,No,Fiber optic,No,Yes,Yes,No,Yes,Yes,Month-to-month,Yes,Mailed check,83.23,2728.36,Yes
C04424,Male,37.0,0,Yes,No,17,Yes,Yes,Fiber optic,No,No,Yes,No,Yes,Yes,Month-to-month,Yes,Mailed check,82.66,1652.2,No
C00560,Female,18.0,0,No,No,10,Yes,No,Fiber optic,No,Yes,No,No,Yes,Yes,Month-to-month,Yes,Electronic check,63.03,818.67,No
C06647,Female,45.0,0,No,No,19,Yes,No,Fiber optic,No,Yes,No,No,Yes,Yes,One year,Yes,Bank transfer,79.3,1691.66,No
C02147,Female,24.0,0,Yes,No,43,Yes,No,No,No internet service,No internet service,No internet service,No internet service,No internet service,No internet service,Month-to-month,Yes,Bank transfer,37.68,1788.41,No
C02128,Female,52.0,0,Yes,Yes,29,Yes,No,Fiber optic,No,Yes,No,No,Yes,No,Month-to-month,No,Electronic check,64.73,1894.01,No
C03550,Male,64.0,0,No,No,26,Yes,No,DSL,No,No,Yes,No,No,No,Month-to-month,Yes,Electronic check,48.77,1362.26,Yes
C06390,Female,37.0,0,Yes,No,8,Yes,No,Fiber optic,Yes,No,No,No,Yes,Yes,Month-to-month,No,Electronic check,76.66,633.63,Yes
C00071,Female,59.0,0,Yes,No,39,Yes,No,Fiber optic,No,No,No,No,Yes,Yes,Two year,Yes,Electronic check,71.11,2939.03,No
C05111,Female,29.0,0,No,No,0,Yes,Yes,Fiber optic,No,Yes,No,Yes,Yes,No,Month-to-month,Yes,Electronic check,81.45,92.47,Yes
C00901,Female,55.0,0,No,Yes,10,Yes,No,No,No internet service,No internet service,No internet service,No internet service,No internet service,No internet service,Month-to-month,Yes,Bank transfer,22.01,202.99,No
C04849,Male,54.0,0,Yes,No,62,Yes,No,Fiber optic,No,No,No,No,No,Yes,Two year,Yes,Bank transfer,63.47,3797.25,No
C02209,Male,18.0,0,Yes,No,60,No,No phone service,DSL,No,No,Yes,No,No,No,One year,Yes,Bank transfer,48.72,3334.12,No
C02423,Male,34.0,0,No,No,0,Yes,No,Fiber optic,No,No,Yes,No,Yes,No,Month-to-month,Yes,Mailed check,68.8,119.91,Yes
C05245,Male,54.0,0,No,No,4,Yes,No,No,No internet service,No internet service,No internet service,No internet service,No internet service,No internet service,One year,No,Credit card,22.78,175.41,No
C03636,Female,42.0,0,No,Yes,29,Yes,No,Fiber optic,Yes,No,No,Yes,No,No,Month-to-month,Yes,Credit card,65.12,1893.71,Yes
C04134,Female,68.0,1,Yes,Yes,52,Yes,No,DSL,No,Yes,Yes,No,Yes,No,Two year,No,Bank transfer,54.94,2876.42,No
C02922,Male,21.0,0,No,No,15,Yes,Yes,DSL,No,No,No,No,Yes,No,Month-to-month,No,Mailed check,56.2,915.51,No
C03322,Male,41.0,0,No,No,0,Yes,No,DSL,Yes,Yes,No,No,Yes,No,One year,Yes,Credit card,54.94,19.38,No
C01205,Male,43.0,0,Yes,No,25,Yes,No,DSL,No,Yes,Yes,No,No,No,Two year,Yes,Electronic check,50.0,1253.85,Yes
C05769,Female,63.0,0,No,Yes,36,No,No phone service,Fiber optic,Yes,Yes,No,No,Yes,No,Month-to-month,Yes,Bank transfer,66.23,2621.57,No
C00401,Female,46.0,0,No,No,39,Yes,Yes,Fiber optic,No,No,No,No,No,No,Two year,Yes,Bank transfer,58.35,2153.17,No
C03329,Female,62.0,0,No,No,20,Yes,Yes,Fiber optic,No,Yes,No,Yes,No,Yes,Two year,Yes,Credit card,74.54,1533.61,No
C00312,Female,29.0,0,No,Yes,37,Yes,Yes,No,No internet service,No internet service,No internet service,No internet service,No internet service,No internet service,Month-to-month,No,Mailed check,41.05,1816.84,No
C02811,Male,38.0,0,Yes,No,41,Yes,No,Fiber optic,No,Yes,No,No,Yes,No,Two year,Yes,Bank transfer,53.37,2221.58,No
C02962,Male,39.0,0,No,No,7,Yes,Yes,DSL,No,Yes,No,Yes,No,No,Two year,No,Credit card,49.01,376.8,No
C02017,Male,48.0,0,Yes,No,28,Yes,Yes,Fiber optic,No,No,No,No,Yes,No,Month-to-month,No,Bank transfer,58.67,1767.12,No
C04043,Female,38.0,0,Yes,No,0,Yes,No,No,No internet service,No internet service,No internet service,No internet service,No internet service,No internet service,Month-to-month,Yes,Mailed check,18.0,72.99,No
C06844,Male,49.0,0,No,No,0,No,No phone service,DSL,Yes,No,No,Yes,No,No,Month-to-month,Yes,Electronic check,60.23,114.89,Yes
C00718,Male,71.0,1,Yes,No,18,Yes,Yes,DSL,Yes,Yes,Yes,Yes,No,No,Month-to-month,Yes,Electronic check,73.58,1486.45,No
C05896,Male,45.0,0,Yes,No,0,Yes,Yes,DSL,Yes,No,No,No,No,No,Month-to-month,No,Electronic check,46.69,166.82,Yes
C04005,Male,64.0,0,Yes,No,29,Yes,Yes,Fiber optic,No,No,No,No,No,Yes,Month-to-month,No,Electronic check,63.93,2054.57,Yes
C05795,Female,80.0,1,Yes,Yes,0,No,No phone service,Fiber optic,Yes,No,Yes,Yes,No,No,Month-to-month,Yes,Electronic check,70.02,85.53,Yes
C02548,Male,21.0,0,No,No,53,Yes,Yes,Fiber optic,No,No,No,No,Yes,Yes,One year,Yes,Credit card,74.99,3764.07,No
C04660,Female,50.0,0,Yes,No,32,Yes,No,DSL,No,No,Yes,No,No,No,Month-to-month,No,Bank transfer,45.46,1634.02,No
C00937,Female,48.0,0,Yes,No,28,Yes,No,Fiber optic,No,No,Yes,No,No,Yes,Month-to-month,No,Mailed check,66.62,1759.42,No
C05247,Male,38.0,0,No,No,7,Yes,No,DSL,No,No,Yes,Yes,No,Yes,Month-to-month,No,Electronic check,57.05,472.28,No
C01076,Female,53.0,0,No,No,31,Yes,Yes,DSL,Yes,No,No,No,No,No,One year,Yes,Mailed check,50.48,1734.44,No
C02529,Male,46.0,0,Yes,No,30,Yes,Yes,No,No internet service,No internet service,No internet service,No internet service,No internet service,No internet service,Month-to-month,Yes,Credit card,39.42,1308.11,No
C06908,Female,41.0,0,Yes,No,72,Yes,Yes,DSL,Yes,No,No,No,No,No,Two year,Yes,Electronic check,53.78,4171.35,No
C06356,Female,35.0,0,No,No,21,Yes,No,No,No internet service,No internet service,No internet service,No internet service,No internet service,No internet service,Month-to-month,No,Bank transfer,26.69,585.01,No
C05966,Male,18.0,0,No,No,67,Yes,No,Fiber optic,Yes,No,Yes,No,Yes,No,One year,No,Bank transfer,60.1,3728.66,No
C05349,Female,43.0,0,Yes,Yes,47,No,No phone service,No,No internet service,No internet service,No internet service,No internet service,No internet service,No internet service,One year,Yes,Mailed check,24.29,1260.0,No
C00244,Male,29.0,0,No,Yes,58,Yes,Yes,DSL,No,Yes,Yes,No,Yes,No,Month-to-month,Yes,Electronic check,59.7,3519.75,No
C01859,Male,28.0,0,No,No,11,Yes,Yes,Fiber optic,No,No,Yes,No,Yes,Yes,Month-to-month,Yes,Electronic check,83.41,1192.01,Yes
C05203,Female,30.0,0,No,No,22,No,No phone service,DSL,No,Yes,Yes,No,No,Yes,One year,No,Mailed check,52.2,1003.87,No
C06998,Male,44.0,0,No,No,18,Yes,Yes,Fiber optic,No,No,Yes,Yes,No,Yes,One year,Yes,Bank transfer,86.19,1682.97,No
C05506,Female,18.0,0,No,No,0,Yes,No,Fiber optic,No,No,Yes,No,No,Yes,Month-to-month,Yes,Electronic check,60.46,24.26,Yes
C04570,Male,31.0,0,Yes,No,30,Yes,Yes,Fiber optic,No,No,No,No,No,No,Month-to-month,Yes,Credit card,53.82,1583.78,Yes
C00306,Male,37.0,0,No,No,8,Yes,Yes,DSL,No,No,Yes,No,No,No,One year,No,Credit card,45.23,443.8,Yes
C03546,Female,55.0,0,No,No,44,Yes,Yes,DSL,No,Yes,Yes,Yes,No,Yes,Two year,No,Credit card,63.21,3109.31,No
C07136,Male,59.0,0,No,No,62,Yes,No,Fiber optic,Yes,No,Yes,No,No,No,Two year,No,Electronic check,64.82,4166.25,No
C06466,Female,47.0,0,Yes,Yes,25,Yes,Yes,Fiber optic,No,No,Yes,No,No,No,Month-to-month,Yes,Bank transfer,66.46,1768.03,Yes
C02247,Female,57.0,0,No,No,15,Yes,No,No,No internet service,No internet service,No internet service,No internet service,No internet service,No internet service,Month-to-month,No,Credit card,35.76,666.09,No
C04206,Female,42.0,0,Yes,No,50,Yes,No,No,No internet service,No internet service,No internet service,No internet service,No internet service,No internet service,One year,Yes,Credit card,18.0,932.77,No
C02030,Female,66.0,1,Yes,No,0,Yes,No,DSL,No,No,Yes,No,No,No,Month-to-month,No,Electronic check,42.09,95.91,Yes
C00176,Male,51.0,0,No,No,3,No,No phone service,Fiber optic,No,No,No,Yes,Yes,Yes,Two year,No,Bank transfer,82.63,328.3,No
C01216,Female,24.0,0,No,No,10,Yes,No,DSL,No,Yes,No,No,Yes,Yes,Month-to-month,No,Electronic check,55.59,675.0,Yes
C06477,Male,39.0,0,Yes,No,14,Yes,Yes,Fiber optic,No,Yes,Yes,No,Yes,No,Month-to-month,No,Electronic check,75.8,938.54,Yes
C05220,Male,35.0,0,No,Yes,0,No,No phone service,Fiber optic,Yes,No,No,No,No,No,Month-to-month,No,Bank transfer,55.02,143.83,No
C07033,Female,31.0,0,Yes,Yes,17,Yes,No,DSL,No,No,No,No,Yes,Yes,Month-to-month,Yes,Bank transfer,42.28,865.64,No
C00016,Female,47.0,0,No,No,55,Yes,Yes,DSL,Yes,No,No,No,Yes,No,Two year,Yes,Credit card,52.82,3285.41,No
C02827,Female,43.0,0,No,Yes,49,Yes,No,DSL,No,Yes,No,Yes,No,Yes,Month-to-month,No,Bank transfer,47.51,2894.46,No
C01786,Female,36.0,0,No,No,32,Yes,Yes,Fiber optic,Yes,No,Yes,No,Yes,Yes,One year,No,Credit card,78.69,2392.51,No
C06277,Female,53.0,0,Yes,No,16,Yes,Yes,DSL,No,Yes,Yes,Yes,No,Yes,Month-to-month,No,Electronic check,64.69,1184.43,No
C05500,Female,75.0,1,Yes,Yes,44,Yes,No,DSL,No,No,No,No,No,No,Two year,Yes,Credit card,35.47,1630.05,No
C04553,Male,34.0,0,No,No,32,Yes,Yes,Fiber optic,No,Yes,No,No,Yes,Yes,One year,Yes,Credit card,79.18,2576.17,No
C05892,Female,34.0,0,Yes,No,17,Yes,Yes,DSL,No,No,No,No,Yes,Yes,Month-to-month,No,Mailed check,57.28,825.45,No
C00072,Female,56.0,0,Yes,Yes,32,Yes,Yes,Fiber optic,Yes,No,Yes,No,No,Yes,Month-to-month,Yes,Credit card,84.31,2482.26,No
C06991,Female,44.0,0,No,No,0,Yes,Yes,Fiber optic,No,No,No,Yes,No,Yes,Month-to-month,Yes,Electronic check,69.44,36.61,Yes
C04763,Female,41.0,0,No,Yes,8,Yes,No,Fiber optic,No,No,No,Yes,No,No,Month-to-month,No,Bank transfer,59.4,615.83,No
C04331,Male,44.0,0,No,No,61,Yes,Yes,Fiber optic,No,No,Yes,Yes,No,Yes,One year,Yes,Bank transfer,80.24,4432.63,No
C04621,Male,27.0,0,No,No,0,Yes,Yes,Fiber optic,No,No,No,No,Yes,Yes,Month-to-month,No,Mailed check,69.32499999999999,137.33,Yes
C04084,Male,52.0,0,Yes,Yes,8,Yes,Yes,Fiber optic,No,Yes,No,No,No,Yes,Month-to-month,Yes,Bank transfer,77.31,542.99,Yes
C04710,Female,44.0,0,No,Yes,57,Yes,No,DSL,No,No,No,No,Yes,No,One year,No,Mailed check,37.04,2359.09,No
C05894,Male,51.0,0,No,No,63,Yes,No,Fiber optic,No,No,No,No,No,No,Month-to-month,No,Credit card,69.32499999999999,2695.57,No
C04061,Female,48.0,0,Yes,No,0,Yes,No,DSL,Yes,Yes,Yes,Yes,No,No,Month-to-month,Yes,Electronic check,63.62,46.59,Yes
C04453,Male,56.0,0,No,No,65,Yes,Yes,Fiber optic,Yes,Yes,No,No,No,No,Two year,Yes,Electronic check,74.84,4674.22,No
C03460,Male,57.0,0,Yes,No,48,Yes,No,DSL,No,No,No,No,No,Yes,One year,No,Bank transfer,43.73,1959.87,No
C05217,Male,68.0,1,Yes,Yes,50,Yes,No,DSL,Yes,No,No,Yes,Yes,No,Two year,Yes,Bank transfer,66.64,3574.8,No
C02655,Female,25.0,0,No,No,12,Yes,No,Fiber optic,No,Yes,Yes,Yes,No,No,Month-to-month,No,Bank transfer,61.06,847.66,Yes
C00147,Female,60.0,0,Yes,No,36,Yes,Yes,No,No internet service,No internet service,No internet service,No internet service,No internet service,No internet service,Two year,No,Electronic check,28.17,1085.79,No
C04922,Female,72.0,1,Yes,Yes,40,Yes,No,No,No internet service,No internet service,No internet service,No internet service,No internet service,No internet service,One year,No,Electronic check,18.0,620.12,No
C02639,Female,38.0,0,No,No,31,Yes,Yes,Fiber optic,No,Yes,No,No,Yes,No,Month-to-month,No,Mailed check,62.59,2175.93,Yes
C05392,Male,39.0,0,No,Yes,13,No,No phone service,DSL,No,Yes,No,No,Yes,No,Month-to-month,Yes,Electronic check,57.58,746.23,Yes
C01608,Female,42.0,0,Yes,Yes,45,Yes,Yes,No,No internet service,No internet service,No internet service,No internet service,No internet service,No internet service,Two year,No,Electronic check,34.65,1641.13,No
C04365,Male,49.0,0,Yes,No,18,No,No phone service,DSL,No,No,No,No,No,No,Two year,Yes,Mailed check,34.36,723.34,No
C05263,Male,34.0,0,Yes,Yes,45,Yes,Yes,No,No internet service,No internet service,No internet service,No internet service,No internet service,No internet service,One year,Yes,Credit card,19.03,893.33,No
C04943,Female,30.0,0,Yes,No,8,No,No phone service,No,No internet service,No internet service,No internet service,No internet service,No internet service,No internet service,Month-to-month,Yes,Electronic check,20.62,287.11,No
C03021,Female,46.0,0,Yes,No,34,Yes,No,Fiber optic,No,No,No,No,No,No,Month-to-month,Yes,Credit card,54.87,1738.54,No
C01138,Male,48.0,0,No,No,14,Yes,No,Fiber optic,No,Yes,No,No,No,Yes,One year,Yes,Electronic check,63.49,952.46,No
C03520,Female,47.0,0,Yes,No,0,Yes,No,Fiber optic,Yes,No,No,No,No,No,Month-to-month,No,Electronic check,49.26,3.94,Yes
C06520,Male,52.0,0,No,No,9,Yes,Yes,No,No internet service,No internet service,No internet service,No internet service,No internet service,No internet service,Month-to-month,Yes,Electronic check,30.27,424.12,No
C03219,Male,42.0,0,No,No,50,Yes,Yes,Fiber optic,No,Yes,No,No,No,Yes,One year,Yes,Electronic check,71.1,3975.71,Yes
C07056,Female,48.0,0,No,No,54,Yes,No,No,No internet service,No internet service,No internet service,No internet service,No internet service,No internet service,One year,Yes,Mailed check,21.71,1223.83,No
C00359,Female,70.0,1,No,Yes,42,Yes,Yes,Fiber optic,Yes,No,No,No,No,Yes,Two year,Yes,Electronic check,81.92,3915.43,No
C00488,Female,28.0,0,No,No,15,Yes,No,Fiber optic,Yes,No,No,No,No,Yes,Month-to-month,Yes,Electronic check,64.46,1144.76,Yes
C06409,Male,19.0,0,No,No,35,Yes,Yes,Fiber optic,Yes,No,No,No,Yes,Yes,Month-to-month,Yes,Mailed check,77.67,2641.37,No
C05552,Female,54.0,0,No,No,35,Yes,Yes,Fiber optic,Yes,Yes,Yes,Yes,No,No,Month-to-month,No,Credit card,69.49,2278.75,No
C04495,Male,37.0,0,No,No,46,Yes,No,No,No internet service,No internet service,No internet service,No internet service,No internet service,No internet service,One year,No,Credit card,18.0,893.06,No
C04949,Female,25.0,0,No,No,37,Yes,No,DSL,Yes,Yes,No,Yes,No,Yes,Two year,No,Electronic check,67.04,2704.36,No
C06816,Female,46.0,0,Yes,No,31,Yes,Yes,No,No internet service,No internet service,No internet service,No internet service,No internet service,No internet service,Month-to-month,Yes,Electronic check,34.78,1121.17,No
C05691,Male,18.0,0,No,No,57,Yes,No,Fiber optic,No,No,Yes,No,Yes,No,Month-to-month,Yes,Electronic check,56.36,3016.98,No
C01061,Male,36.0,0,No,No,32,Yes,No,Fiber optic,Yes,Yes,Yes,No,Yes,No,One year,Yes,Bank transfer,74.96,2714.41,No
C03089,Female,45.0,0,Yes,No,17,Yes,Yes,Fiber optic,Yes,No,Yes,No,No,No,Month-to-month,Yes,Bank transfer,70.51,1134.2,Yes
C01478,Female,63.0,0,No,No,15,Yes,No,DSL,No,No,No,No,No,No,Month-to-month,Yes,Credit card,35.88,551.11,No
C05545,Female,56.0,0,Yes,No,13,Yes,No,Fiber optic,No,Yes,No,No,Yes,No,Month-to-month,Yes,Electronic check,70.9,979.25,Yes
C05213,Female,33.0,0,No,No,64,Yes,Yes,DSL,No,No,No,No,Yes,Yes,Two year,Yes,Bank transfer,54.665,3574.76,No
C03442,Female,31.0,0,Yes,No,27,Yes,Yes,No,No internet service,No internet service,No internet service,No internet service,No internet service,No internet service,Two year,Yes,Bank transfer,35.86,936.82,No
C03670,Male,23.0,0,No,No,33,No,No phone service,Fiber optic,No,Yes,Yes,No,Yes,No,One year,Yes,Credit card,61.53,2255.15,No
C05134,Female,20.0,0,Yes,No,45,Yes,No,Fiber optic,Yes,No,Yes,Yes,No,No,One year,No,Electronic check,55.93,2750.77,No
C06187,Female,70.0,1,No,No,41,Yes,No,Fiber optic,Yes,No,Yes,No,No,No,One year,Yes,Mailed check,72.93,3313.02,No
C07067,Male,58.0,0,Yes,Yes,45,Yes,Yes,DSL,No,No,Yes,No,Yes,No,Two year,No,Mailed check,60.68,2816.08,No
C00783,Female,36.0,0,No,No,62,Yes,Yes,Fiber optic,No,No,No,Yes,No,No,Two year,No,Credit card,69.11,4439.4,No
C06531,Male,18.0,0,No,No,43,Yes,Yes,Fiber optic,No,No,No,No,No,No,One year,No,Bank transfer,51.41,2229.52,No
C06536,Female,57.0,0,Yes,Yes,15,Yes,No,DSL,Yes,No,No,No,No,No,Month-to-month,Yes,Credit card,40.1,686.11,No
C00055,Male,66.0,1,No,Yes,35,Yes,No,Fiber optic,Yes,No,Yes,No,No,Yes,One year,No,Electronic check,72.23,2711.7,No
C06939,Female,21.0,0,No,No,9,Yes,Yes,DSL,Yes,Yes,No,No,Yes,Yes,Month-to-month,No,Electronic check,72.85,812.37,Yes
C07019,Female,28.0,0,Yes,No,11,Yes,Yes,Fiber optic,No,No,Yes,No,Yes,Yes,Month-to-month,Yes,Credit card,77.53,909.8,No
C01651,Male,71.0,1,No,Yes,21,Yes,Yes,No,No internet service,No internet service,No internet service,No internet service,No internet service,No internet service,One year,Yes,Electronic check,23.2,493.43,No
C06864,Female,38.0,0,Yes,No,0,Yes,No,DSL,No,No,Yes,No,No,Yes,Month-to-month,Yes,Mailed check,58.29,26.74,No
C04109,Male,53.0,0,No,Yes,29,Yes,No,Fiber optic,No,No,Yes,No,No,No,Two year,Yes,Electronic check,58.86,1944.34,No
C00478,Female,39.0,0,No,No,14,Yes,No,DSL,No,No,No,Yes,No,No,Month-to-month,No,Electronic check,48.49,690.69,Yes
C03624,Male,18.0,0,No,No,45,Yes,No,No,No internet service,No internet service,No internet service,No internet service,No internet service,No internet service,One year,Yes,Credit card,18.49,900.45,No
C03734,Male,19.0,0,No,No,72,Yes,Yes,DSL,No,No,No,No,No,No,Two year,Yes,Electronic check,50.64,3775.82,No
C06372,Male,18.0,0,No,Yes,57,Yes,Yes,DSL,No,Yes,Yes,No,Yes,No,Two year,Yes,Electronic check,64.82,3571.07,No
C04879,Male,18.0,0,No,No,72,No,No phone service,DSL,No,No,Yes,No,No,No,Two year,No,Bank transfer,30.38,2157.19,No
C01210,Male,52.0,0,Yes,No,27,Yes,No,Fiber optic,No,No,No,No,No,Yes,One year,Yes,Electronic check,64.35,1575.8,No
C02874,Female,49.0,0,Yes,Yes,31,Yes,No,DSL,No,No,No,No,Yes,Yes,Month-to-month,Yes,Electronic check,49.53,1554.47,No
C04167,Male,44.0,0,Yes,No,29,Yes,No,DSL,No,No,No,Yes,No,No,Month-to-month,No,Credit card,41.29,1340.25,No
C05913,Male,30.0,0,Yes,Yes,0,Yes,No,DSL,No,No,Yes,No,No,Yes,Month-to-month,Yes,Bank transfer,52.68,173.65,Yes
C05025,Male,38.0,0,Yes,No,2,Yes,Yes,No,No internet service,No internet service,No internet service,No internet service,No internet service,No internet service,Month-to-month,No,Bank transfer,29.92,71.67,No
C06492,Male,48.0,0,No,No,59,Yes,No,Fiber optic,No,Yes,No,Yes,Yes,Yes,Two year,No,Electronic check,69.77,4363.38,No
C01898,Female,18.0,0,Yes,No,11,Yes,No,Fiber optic,No,No,No,Yes,No,No,Month-to-month,No,Bank transfer,48.75,520.81,No
C00506,Female,52.0,0,No,No,47,Yes,No,Fiber optic,No,No,No,Yes,No,No,Two year,No,Electronic check,64.68,3210.07,No
C01927,Female,59.0,0,Yes,Yes,39,Yes,No,DSL,No,Yes,Yes,No,Yes,No,One year,Yes,Credit card,67.34,2624.84,No
C06974,Male,36.0,0,No,No,13,Yes,No,DSL,No,No,Yes,No,No,Yes,One year,No,Mailed check,56.43,654.34,Yes
C00195,Female,60.0,0,Yes,No,64,Yes,No,Fiber optic,Yes,Yes,No,Yes,No,Yes,Two year,Yes,Electronic check,73.82,5005.22,No
C01779,Male,21.0,0,Yes,Yes,34,Yes,Yes,Fiber optic,Yes,No,Yes,No,Yes,Yes,One year,Yes,Electronic check,92.4,3009.42,No
C04340,Female,74.0,1,Yes,Yes,38,Yes,Yes,No,No internet service,No internet service,No internet service,No internet service,No internet service,No internet service,Month-to-month,Yes,Bank transfer,30.34,1246.89,No
C04440,Male,31.0,0,No,No,4,Yes,No,DSL,No,Yes,No,No,No,No,Month-to-month,Yes,Mailed check,35.45,180.99,No
C01815,Male,37.0,0,No,No,15,Yes,Yes,Fiber optic,Yes,No,No,No,Yes,Yes,Month-to-month,Yes,Electronic check,85.36,1513.88,Yes
C00659,Male,18.0,0,No,No,0,Yes,No,Fiber optic,No,Yes,Yes,No,Yes,Yes,Month-to-month,Yes,Mailed check,81.37,13.21,Yes
C02411,Female,41.0,0,Yes,No,14,Yes,Yes,Fiber optic,No,No,No,No,Yes,No,One year,No,Mailed check,59.99,976.72,No
C01411,Male,29.0,0,No,No,10,Yes,No,Fiber optic,No,No,No,No,No,Yes,Month-to-month,No,Mailed check,52.96,594.56,No
C03562,Male,52.0,0,No,No,72,Yes,No,DSL,Yes,Yes,No,Yes,Yes,Yes,Two year,Yes,Mailed check,80.02,5370.48,No
C00868,Male,39.0,0,No,No,44,Yes,No,Fiber optic,No,No,Yes,No,No,No,One year,Yes,Electronic check,48.1,2127.25,No
C04074,Male,31.0,0,Yes,No,9,Yes,No,Fiber optic,Yes,No,No,No,No,Yes,Month-to-month,No,Credit card,73.85,703.61,Yes
C06353,Female,49.0,0,Yes,No,22,Yes,No,DSL,No,Yes,No,No,Yes,No,Two year,No,Electronic check,57.98,1322.32,No
C00770,Female,35.0,0,No,No,17,Yes,No,DSL,Yes,Yes,No,No,Yes,No,One year,Yes,Credit card,47.91,813.79,No
C05796,Male,70.0,1,Yes,Yes,59,Yes,Yes,No,No internet service,No internet service,No internet service,No internet service,No internet service,No internet service,Two year,Yes,Electronic check,33.56,2325.84,No
C01869,Female,71.0,1,No,Yes,61,Yes,No,Fiber optic,No,No,Yes,No,No,No,One year,Yes,Bank transfer,61.33,3562.66,No
C06909,Male,29.0,0,Yes,No,44,Yes,No,Fiber optic,No,No,No,No,Yes,Yes,Two year,No,Electronic check,69.74,2908.45,No
C00264,Male,41.0,0,Yes,No,7,Yes,No,Fiber optic,No,Yes,No,No,Yes,No,Month-to-month,Yes,Mailed check,69.8,466.77,Yes
C05826,Male,27.0,0,No,No,1,Yes,No,Fiber optic,Yes,Yes,No,Yes,No,No,Month-to-month,No,Electronic check,71.0,71.31,No
C03463,Male,62.0,0,No,No,58,Yes,Yes,Fiber optic,No,No,No,Yes,Yes,Yes,Month-to-month,No,Credit card,78.63,4731.73,No
C03813,Female,39.0,0,No,No,17,Yes,No,No,No internet service,No internet service,No internet service,No internet service,No internet service,No internet service,Month-to-month,No,Bank transfer,27.94,635.59,No
C01054,Male,20.0,0,No,No,45,No,No phone service,No,No internet service,No internet service,No internet service,No internet service,No internet service,No internet service,Month-to-month,Yes,Credit card,20.71,947.42,No
C06251,Male,28.0,0,No,No,46,Yes,Yes,Fiber optic,No,No,No,Yes,Yes,No,Two year,Yes,Electronic check,75.57,3399.9,No
C03932,Male,25.0,0,No,No,26,Yes,No,DSL,No,Yes,Yes,No,No,No,Month-to-month,Yes,Bank transfer,45.25,1164.97,Yes
C02149,Male,37.0,0,No,No,7,Yes,No,No,No internet service,No internet service,No internet service,No internet service,No internet service,No internet service,Month-to-month,Yes,Credit card,18.0,235.8,Yes
C06341,Female,77.0,1,Yes,No,17,Yes,Yes,Fiber optic,No,Yes,No,No,No,No,One year,Yes,Bank transfer,70.46,1231.0,Yes
C05026,Male,43.0,0,Yes,No,39,Yes,Yes,DSL,No,No,No,Yes,No,No,Month-to-month,Yes,Bank transfer,42.05,1707.97,No
C04187,Male,24.0,0,No,No,16,Yes,Yes,DSL,No,No,Yes,Yes,No,Yes,Month-to-month,No,Electronic check,63.61,1217.83,Yes
C03769,Female,54.0,0,No,No,69,Yes,Yes,Fiber optic,No,Yes,No,No,Yes,No,Month-to-month,Yes,Electronic check,67.37,4343.03,Yes
C05388,Female,42.0,0,No,Yes,67,Yes,No,No,No internet service,No internet service,No internet service,No internet service,No internet service,No internet service,Two year,Yes,Electronic check,34.51,2204.83,No
C01260,Female,53.0,0,Yes,No,23,No,No phone service,Fiber optic,No,No,Yes,Yes,No,No,Month-to-month,No,Electronic check,62.67,1427.49,No
C02718,Female,41.0,0,No,No,26,No,No phone service,Fiber optic,No,No,Yes,No,Yes,Yes,Month-to-month,Yes,Bank transfer,79.3,2132.55,No
C02462,Female,35.0,0,No,No,48,Yes,No,DSL,No,No,No,No,No,No,Two year,Yes,Bank transfer,39.77,1908.71,No
C02642,Male,20.0,0,No,No,62,Yes,No,No,No internet service,No internet service,No internet service,No internet service,No internet service,No internet service,One year,Yes,Mailed check,25.41,1648.89,No
C03711,Male,35.0,0,No,No,25,Yes,Yes,DSL,Yes,No,Yes,No,Yes,Yes,Month-to-month,Yes,Electronic check,65.73,1864.47,No
C02556,Male,30.0,0,No,Yes,20,Yes,Yes,Fiber optic,Yes,No,No,No,Yes,No,One year,No,Bank transfer,76.05,1563.95,No
C00496,Female,38.0,0,No,No,18,No,No phone service,Fiber optic,No,Yes,No,No,Yes,No,Month-to-month,No,Bank transfer,60.93,1217.76,No
C05985,Female,52.0,0,No,Yes,30,Yes,Yes,No,No internet service,No internet service,No internet service,No internet service,No internet service,No internet service,Two year,No,Electronic check,24.07,752.91,No
C03048,Female,64.0,0,Yes,Yes,4,Yes,No,Fiber optic,No,Yes,No,Yes,No,No,Month-to-month,Yes,Mailed check,68.3,420.7,Yes
C03837,Female,36.0,0,Yes,No,41,Yes,Yes,No,No internet service,No internet service,No internet service,No internet service,No internet service,No internet service,Month-to-month,No,Bank transfer,29.2,1139.95,No
C00134,Female,41.0,0,No,No,22,Yes,No,Fiber optic,Yes,Yes,No,No,Yes,Yes,One year,Yes,Electronic check,76.48,1917.62,Yes
C04977,Female,53.0,0,No,No,13,Yes,Yes,DSL,No,No,No,No,No,Yes,Month-to-month,No,Credit card,51.63,608.15,No
C06454,Male,33.0,0,No,No,4,Yes,No,No,No internet service,No internet service,No internet service,No internet service,No internet service,No internet service,Month-to-month,No,Credit card,21.11,215.95,No
C05064,Female,42.0,0,Yes,No,66,Yes,No,Fiber optic,No,Yes,No,Yes,No,Yes,Two year,Yes,Electronic check,76.69,5370.16,No
C04518,Male,47.0,0,No,No,34,Yes,Yes,DSL,No,Yes,No,No,No,No,One year,No,Bank transfer,40.63,1398.46,Yes
C01296,Male,55.0,0,Yes,No,37,Yes,No,Fiber optic,No,No,No,Yes,Yes,No,One year,No,Electronic check,59.15,2402.16,Yes
C05346,Male,35.0,0,No,No,27,No,No phone service,DSL,No,No,No,Yes,Yes,Yes,Month-to-month,No,Electronic check,63.48,1982.12,No
C02742,Female,22.0,0,No,No,45,Yes,Yes,Fiber optic,No,No,No,Yes,No,Yes,Month-to-month,Yes,Bank transfer,84.26,3850.12,No
C01074,Female,49.0,0,No,No,3,Yes,No,DSL,No,No,No,Yes,No,No,Month-to-month,No,Electronic check,45.27,231.2,Yes
C02143,Male,48.0,0,No,No,45,Yes,Yes,Fiber optic,No,No,No,No,No,Yes,Month-to-month,Yes,Electronic check,60.0,2813.78,No
C02786,Male,31.0,0,No,No,5,Yes,Yes,Fiber optic,Yes,No,No,No,Yes,Yes,Month-to-month,No,Bank transfer,84.16,478.98,Yes
C00956,Male,44.0,0,Yes,No,1,Yes,Yes,Fiber optic,No,Yes,No,Yes,No,No,Month-to-month,Yes,Bank transfer,75.68,174.73,Yes
C05143,Female,29.0,0,Yes,Yes,33,Yes,No,Fiber optic,No,Yes,No,Yes,Yes,Yes,Month-to-month,Yes,Mailed check,80.4,2993.06,Yes
C05856,Female,36.0,0,Yes,No,29,Yes,No,No,No internet service,No internet service,No internet service,No internet service,No internet service,No internet service,Two year,No,Bank transfer,21.63,720.56,No
C04198,Male,26.0,0,No,No,62,Yes,No,No,No internet service,No internet service,No internet service,No internet service,No internet service,No internet service,Month-to-month,Yes,Electronic check,21.1,1320.48,No
C00292,Female,35.0,0,No,No,38,Yes,No,Fiber optic,Yes,No,No,No,Yes,No,Month-to-month,Yes,Mailed check,70.13,2700.27,Yes
C00942,Male,42.0,0,No,No,0,Yes,No,DSL,Yes,Yes,No,Yes,Yes,No,Month-to-month,Yes,Credit card,77.75,137.98,No
C01316,Female,45.0,0,Yes,No,13,Yes,No,DSL,No,No,Yes,No,No,Yes,Month-to-month,Yes,Bank transfer,56.24,728.72,No
C01179,Male,45.0,0,No,No,0,Yes,Yes,Fiber optic,Yes,Yes,Yes,No,No,Yes,Month-to-month,Yes,Credit card,93.46,164.36,Yes
C03114,Female,18.0,0,No,No,47,Yes,Yes,DSL,Yes,No,Yes,No,Yes,Yes,Month-to-month,No,Mailed check,54.665,3020.5,No
C05783,Female,48.0,0,Yes,No,48,Yes,Yes,Fiber optic,Yes,No,Yes,No,Yes,Yes,One year,Yes,Mailed check,78.04,4304.48,Yes
C05333,Female,26.0,0,No,No,39,Yes,No,DSL,No,No,No,No,No,Yes,Two year,Yes,Mailed check,46.83,1915.78,No
C05084,Female,42.0,0,Yes,No,4,Yes,No,Fiber optic,No,No,No,Yes,No,Yes,Month-to-month,No,Credit card,68.98,372.75,Yes
C05464,Male,39.0,0,No,No,26,Yes,No,DSL,No,Yes,No,Yes,Yes,No,Month-to-month,Yes,Electronic check,69.46,1864.55,Yes
C00090,Female,42.0,0,Yes,No,52,Yes,No,No,No internet service,No internet service,No internet service,No internet service,No internet service,No internet service,Month-to-month,Yes,Mailed check,34.9,1895.21,No
C00822,Male,29.0,0,No,No,5,Yes,Yes,DSL,No,No,No,Yes,Yes,No,Month-to-month,Yes,Mailed check,57.4,421.88,No
C06243,Female,57.0,0,Yes,No,56,Yes,No,No,No internet service,No internet service,No internet service,No internet service,No internet service,No internet service,Two year,Yes,Electronic check,28.47,1753.14,No
C05586,Male,57.0,0,No,No,35,No,No phone service,Fiber optic,No,No,No,No,Yes,No,Two year,Yes,Mailed check,65.41,1858.87,No
C03807,Female,39.0,0,Yes,No,52,Yes,No,Fiber optic,No,No,No,Yes,Yes,No,One year,No,Credit card,75.78,3868.56,No
C03288,Male,35.0,0,No,No,28,Yes,No,Fiber optic,Yes,No,No,No,No,Yes,Two year,No,Electronic check,61.26,1824.75,No
C05745,Female,61.0,0,No,Yes,9,Yes,No,Fiber optic,No,No,Yes,Yes,Yes,No,Month-to-month,Yes,Mailed check,75.2,781.21,No
C05710,Male,28.0,0,Yes,No,53,Yes,Yes,Fiber optic,No,No,No,No,No,Yes,One year,Yes,Credit card,70.46,3346.57,No
C04351,Female,34.0,0,Yes,No,21,No,No phone service,Fiber optic,No,No,Yes,No,Yes,No,Month-to-month,No,Mailed check,64.84,1558.14,Yes
C01187,Female,35.0,0,No,Yes,8,Yes,Yes,DSL,No,No,Yes,Yes,Yes,No,Month-to-month,Yes,Credit card,72.19,392.2,No
C04272,Male,65.0,0,Yes,Yes,12,Yes,No,DSL,No,Yes,No,Yes,No,Yes,Month-to-month,Yes,Bank transfer,56.71,933.84,No
C06481,Female,46.0,0,Yes,No,37,Yes,No,Fiber optic,Yes,No,No,Yes,Yes,No,Month-to-month,No,Electronic check,68.92,2715.94,No
C00162,Male,40.0,0,No,Yes,32,Yes,No,DSL,No,No,Yes,No,No,Yes,Two year,No,Bank transfer,41.73,1378.22,No
C00474,Female,60.0,0,No,No,72,Yes,No,DSL,Yes,No,Yes,No,Yes,No,One year,No,Electronic check,51.87,3744.28,No
C05733,Female,29.0,0,No,No,16,Yes,No,Fiber optic,No,Yes,No,Yes,No,No,One year,No,Credit card,54.81,898.5,No
C01155,Male,67.0,1,Yes,No,48,Yes,No,DSL,No,No,No,No,No,No,Month-to-month,No,Credit card,38.34,1829.65,No
C07148,Female,43.0,0,Yes,No,3,Yes,No,Fiber optic,No,No,No,Yes,No,No,One year,No,Credit card,52.05,309.13,No
C04719,Male,54.0,0,No,No,43,Yes,Yes,No,No internet service,No internet service,No internet service,No internet service,No internet service,No internet service,Month-to-month,No,Bank transfer,29.09,1371.37,No
C02119,Male,33.0,0,Yes,Yes,21,Yes,No,Fiber optic,No,Yes,No,No,No,No,One year,Yes,Mailed check,57.27,1193.18,Yes
C03206,Female,41.0,0,No,No,5,Yes,Yes,Fiber optic,No,Yes,Yes,No,Yes,No,Month-to-month,No,Electronic check,70.73,439.39,Yes
C05465,Male,43.0,0,No,No,3,No,No phone service,Fiber optic,No,Yes,No,Yes,Yes,No,Month-to-month,Yes,Mailed check,68.92,228.14,No
C01638,Male,62.0,0,Yes,No,19,Yes,No,Fiber optic,No,Yes,No,No,No,No,Month-to-month,Yes,Mailed check,58.02,1296.99,Yes
C01669,Male,18.0,0,No,No,15,Yes,No,DSL,No,No,No,No,No,Yes,Month-to-month,Yes,Credit card,49.05,836.8,Yes
C02197,Female,21.0,0,No,No,30,Yes,No,DSL,No,No,No,No,Yes,Yes,One year,Yes,Bank transfer,51.11,1626.0,Yes
C05484,Female,64.0,0,Yes,Yes,15,No,No phone service,No,No internet service,No internet service,No internet service,No internet service,No internet service,No internet service,Month-to-month,No,Electronic check,22.18,352.53,No
C06017,Female,52.0,0,Yes,No,28,Yes,No,Fiber optic,No,No,No,Yes,Yes,Yes,One year,Yes,Credit card,76.33,2446.58,No
C06054,Female,35.0,0,Yes,No,28,Yes,No,DSL,Yes,No,No,No,No,No,Month-to-month,Yes,Electronic check,32.22,846.97,No
C04090,Female,60.0,0,Yes,No,6,Yes,No,Fiber optic,No,No,No,Yes,No,Yes,Two year,Yes,Bank transfer,77.44,541.18,No
C00020,Female,33.0,0,Yes,No,36,Yes,Yes,DSL,Yes,Yes,Yes,Yes,Yes,No,Two year,Yes,Electronic check,76.76,2972.34,No
C02181,Male,67.0,1,Yes,No,35,Yes,Yes,Fiber optic,Yes,No,No,No,No,No,One year,No,Bank transfer,65.37,2411.65,No
C04986,Female,52.0,0,No,No,70,Yes,Yes,Fiber optic,No,No,No,No,No,Yes,One year,No,Credit card,62.34,4330.09,No
C05420,Male,44.0,0,No,No,10,Yes,No,No,No internet service,No internet service,No internet service,No internet service,No internet service,No internet service,One year,No,Credit card,20.4,224.11,No
C03153,Male,59.0,0,Yes,Yes,18,Yes,No,DSL,No,No,No,No,Yes,No,Month-to-month,Yes,Credit card,53.09,1059.76,No
C04970,Female,58.0,0,Yes,No,26,Yes,No,Fiber optic,No,Yes,No,No,Yes,Yes,Two year,Yes,Bank transfer,71.75,2022.94,No
C00327,Female,43.0,0,No,No,21,Yes,No,No,No internet service,No internet service,No internet service,No internet service,No internet service,No internet service,Month-to-month,Yes,Electronic check,29.26,677.9,No
C02260,Male,33.0,0,Yes,No,14,Yes,Yes,Fiber optic,Yes,Yes,Yes,No,No,Yes,Month-to-month,No,Credit card,74.34,1250.52,No
C00437,Female,43.0,0,Yes,No,47,Yes,Yes,DSL,Yes,No,Yes,No,No,No,One year,No,Credit card,54.82,2824.63,No
C03592,Female,52.0,0,Yes,Yes,50,Yes,No,DSL,No,Yes,No,No,No,No,Two year,No,Electronic check,41.56,2169.16,No
C00964,Female,48.0,0,Yes,No,58,Yes,No,DSL,Yes,No,No,No,No,Yes,One year,Yes,Bank transfer,56.63,3152.12,No
C03590,Male,39.0,0,Yes,No,0,Yes,No,Fiber optic,Yes,No,Yes,No,No,No,One year,Yes,Electronic check,58.14,67.04,No
C01830,Female,18.0,0,No,No,47,Yes,No,Fiber optic,Yes,Yes,Yes,Yes,Yes,Yes,Month-to-month,Yes,Bank transfer,84.07,3844.01,No
C03803,Male,18.0,0,No,No,1,Yes,No,Fiber optic,No,Yes,No,Yes,No,No,Month-to-month,Yes,Credit card,72.19,164.7,Yes
C05972,Female,60.0,0,No,Yes,21,Yes,Yes,DSL,No,Yes,No,No,Yes,No,Month-to-month,Yes,Bank transfer,55.69,1180.01,No
C04523,Female,53.0,0,Yes,Yes,31,No,No phone service,DSL,No,No,No,No,No,Yes,Month-to-month,Yes,Bank transfer,34.01,1119.89,No
C00552,Female,38.0,0,No,No,71,Yes,Yes,DSL,No,Yes,No,No,Yes,Yes,One year,Yes,Bank transfer,67.59,5224.16,No
C04552,Female,28.0,0,No,No,45,Yes,No,Fiber optic,No,No,No,No,No,No,One year,Yes,Bank transfer,50.89,2481.93,No
C02846,Male,48.0,0,Yes,No,12,Yes,No,Fiber optic,No,No,No,No,Yes,No,One year,Yes,Electronic check,52.3,586.5,No
C06215,Male,45.0,0,No,No,51,Yes,No,No,No internet service,No internet service,No internet service,No internet service,No internet service,No internet service,Month-to-month,Yes,Electronic check,25.47,1353.15,Yes
C03280,Female,41.0,0,No,No,51,Yes,No,DSL,Yes,No,No,No,No,Yes,Two year,Yes,Credit card,59.03,3143.32,No
C05947,Male,42.0,0,Yes,No,47,Yes,No,Fiber optic,Yes,No,Yes,No,Yes,Yes,Month-to-month,No,Electronic check,78.06,3698.19,No
C06229,Male,41.0,0,Yes,No,0,Yes,Yes,Fiber optic,No,No,Yes,No,No,No,Month-to-month,Yes,Electronic check,69.38,112.12,Yes
C01877,Male,34.0,0,Yes,Yes,53,Yes,Yes,DSL,No,Yes,No,No,No,No,One year,No,Electronic check,40.62,2482.46,No
C03747,Male,53.0,0,Yes,No,38,Yes,Yes,Fiber optic,No,No,Yes,No,No,No,One year,Yes,Electronic check,72.28,2741.05,No
C01732,Male,26.0,0,No,No,38,Yes,No,No,No internet service,No internet service,No internet service,No internet service,No internet service,No internet service,One year,Yes,Electronic check,21.82,971.45,No
C03865,Female,40.0,0,No,No,29,Yes,Yes,Fiber optic,No,No,No,No,No,No,Two year,Yes,Electronic check,62.72,1809.98,No
C00650,Female,18.0,0,No,No,14,Yes,Yes,Fiber optic,Yes,Yes,No,Yes,No,No,Month-to-month,No,Mailed check,70.65,1061.58,No
C01147,Female,39.0,0,No,No,40,Yes,Yes,Fiber optic,Yes,No,Yes,No,No,No,Month-to-month,Yes,Bank transfer,66.23,2528.58,Yes
C02025,Male,64.0,0,Yes,No,23,Yes,Yes,Fiber optic,Yes,No,No,No,No,No,Month-to-month,No,Credit card,67.99,1640.43,No
C03126,Male,30.0,0,No,No,0,Yes,No,Fiber optic,Yes,No,No,Yes,Yes,No,Month-to-month,Yes,Bank transfer,77.83,4.7,Yes
C03047,Male,54.0,0,No,Yes,49,Yes,No,Fiber optic,No,Yes,Yes,No,Yes,Yes,One year,Yes,Bank transfer,78.07,3836.68,No
C04889,Female,32.0,0,No,No,46,Yes,No,Fiber optic,No,No,No,No,Yes,Yes,Month-to-month,No,Mailed check,70.39,3288.76,Yes
C00417,Male,42.0,0,No,Yes,37,Yes,No,Fiber optic,No,No,No,No,Yes,No,Month-to-month,Yes,Electronic check,65.14,2068.47,Yes
C03610,Female,68.0,1,Yes,No,53,Yes,Yes,DSL,No,No,No,No,Yes,No,Two year,Yes,Mailed check,56.21,3420.62,No
C00275,Male,43.0,0,No,No,37,Yes,No,DSL,No,Yes,No,Yes,No,Yes,Two year,Yes,Electronic check,70.51,2591.25,No
C00125,Female,41.0,0,Yes,No,6,Yes,Yes,No,No internet service,No internet service,No internet service,No internet service,No internet service,No internet service,Month-to-month,Yes,Electronic check,31.16,303.34,Yes
C01389,Female,40.0,0,Yes,No,30,Yes,Yes,DSL,No,No,No,Yes,Yes,Yes,One year,No,Electronic check,73.35,2385.32,No
C02727,Female,35.0,0,Yes,No,0,Yes,No,No,No internet service,No internet service,No internet service,No internet service,No internet service,No internet service,Month-to-month,Yes,Credit card,31.66,85.19,No
C00328,Male,47.0,0,No,Yes,0,Yes,Yes,DSL,Yes,No,No,No,No,Yes,Month-to-month,Yes,Credit card,46.97,48.27,No
C07149,Female,34.0,0,No,No,33,Yes,Yes,Fiber optic,No,Yes,Yes,No,No,Yes,Month-to-month,Yes,Electronic check,69.31,2388.54,Yes
C01886,Female,71.0,1,Yes,Yes,35,Yes,No,DSL,Yes,Yes,No,No,Yes,Yes,Month-to-month,No,Electronic check,55.34,2151.24,No
C05373,Female,18.0,0,No,No,56,Yes,No,Fiber optic,No,No,No,Yes,Yes,Yes,Two year,No,Credit card,74.64,3361.43,No
C06144,Male,44.0,0,No,No,27,Yes,Yes,DSL,Yes,No,No,Yes,No,No,Month-to-month,No,Bank transfer,56.8,1600.59,No
C02162,Male,44.0,0,Yes,Yes,37,Yes,No,DSL,Yes,No,No,Yes,No,Yes,Two year,No,Mailed check,61.05,2377.27,No
C01110,Male,57.0,0,No,Yes,43,Yes,Yes,DSL,No,No,No,No,Yes,No,Month-to-month,Yes,Electronic check,51.86,2600.13,No
C04450,Female,26.0,0,No,No,72,Yes,No,Fiber optic,No,No,No,Yes,No,No,Two year,Yes,Bank transfer,60.14,4410.86,No
C07201,Male,60.0,0,No,No,35,No,No phone service,Fiber optic,Yes,Yes,Yes,No,No,Yes,Month-to-month,Yes,Mailed check,66.69,1943.67,No
C03963,Male,58.0,0,Yes,No,41,Yes,No,Fiber optic,Yes,Yes,Yes,Yes,No,No,Two year,No,Credit card,75.28,3009.7,No
C00008,Female,55.0,0,Yes,No,37,Yes,No,Fiber optic,Yes,No,Yes,No,No,No,Two year,No,Mailed check,65.24,2486.55,No
C04305,Female,22.0,0,No,No,31,Yes,Yes,No,No internet service,No internet service,No internet service,No internet service,No internet service,No internet service,Two year,Yes,Mailed check,18.0,564.09,No
C01620,Male,37.0,0,Yes,Yes,56,Yes,Yes,Fiber optic,Yes,No,No,No,Yes,Yes,One year,Yes,Bank transfer,73.34,4070.01,No
C02226,Female,26.0,0,No,No,0,Yes,No,Fiber optic,No,Yes,No,No,Yes,No,Month-to-month,No,Electronic check,58.86,15.14,Yes
C05851,Male,48.0,0,Yes,No,50,Yes,No,No,No internet service,No internet service,No internet service,No internet service,No internet service,No internet service,One year,Yes,Electronic check,18.0,993.66,No
C06089,Female,38.0,0,Yes,Yes,18,Yes,Yes,Fiber optic,No,Yes,No,No,Yes,No,Month-to-month,Yes,Electronic check,86.99,1534.38,Yes
C03958,Female,40.0,0,Yes,No,26,Yes,No,Fiber optic,Yes,No,Yes,No,No,Yes,Two year,Yes,Mailed check,85.92,2487.84,No
C00395,Female,53.0,0,Yes,No,32,Yes,Yes,Fiber optic,No,Yes,Yes,No,No,No,One year,Yes,Credit card,64.29,2421.8,No
C03251,Male,44.0,0,Yes,No,16,Yes,No,DSL,No,Yes,No,No,No,Yes,Month-to-month,Yes,Bank transfer,44.3,790.54,Yes
C01783,Female,18.0,0,No,No,41,No,No phone service,Fiber optic,Yes,No,Yes,No,No,No,Month-to-month,Yes,Credit card,64.19,2698.7,No
C03086,Male,46.0,0,Yes,Yes,26,Yes,No,Fiber optic,No,No,Yes,Yes,Yes,Yes,One year,No,Bank transfer,80.21,2144.16,No
C06000,Female,52.0,0,No,No,19,Yes,Yes,Fiber optic,Yes,Yes,No,No,No,Yes,Month-to-month,No,Credit card,84.63,1767.2,No
C01571,Male,30.0,0,No,No,22,Yes,No,Fiber optic,No,Yes,No,No,Yes,No,One year,No,Electronic check,68.32,1842.34,Yes
C03647,Female,26.0,0,No,Yes,52,No,No phone service,Fiber optic,No,No,No,No,No,No,Two year,Yes,Mailed check,44.78,2102.42,No
C07215,Female,56.0,0,No,No,32,Yes,Yes,DSL,No,Yes,No,No,Yes,Yes,One year,No,Mailed check,60.38,2182.08,No
C05503,Female,52.0,0,Yes,Yes,23,Yes,No,Fiber optic,Yes,No,No,No,Yes,Yes,Month-to-month,Yes,Electronic check,76.06,1754.3,No
C01548,Female,24.0,0,No,No,58,Yes,Yes,DSL,No,No,No,Yes,Yes,No,Month-to-month,No,Electronic check,51.5,3151.12,No
C02531,Female,52.0,0,No,No,48,Yes,No,No,No internet service,No internet service,No internet service,No internet service,No internet service,No internet service,Two year,Yes,Electronic check,23.14,1225.73,No
C05819,Male,18.0,0,No,No,15,No,No phone service,Fiber optic,No,Yes,No,No,Yes,No,Month-to-month,Yes,Electronic check,64.55,928.22,Yes
C02744,Male,22.0,0,No,No,45,Yes,Yes,No,No internet service,No internet service,No internet service,No internet service,No internet service,No internet service,One year,Yes,Electronic check,29.31,1471.67,No
C07014,Female,38.0,0,No,No,29,Yes,No,Fiber optic,No,No,No,No,No,No,One year,Yes,Credit card,59.92,1840.94,No
C04303,Female,50.0,0,No,No,33,Yes,No,DSL,Yes,No,Yes,No,No,No,Month-to-month,No,Credit card,42.84,1449.59,No
C03983,Female,59.0,0,No,No,25,Yes,No,DSL,Yes,Yes,Yes,No,Yes,No,Two year,Yes,Electronic check,51.21,1231.39,No
C02954,Female,30.0,0,No,No,13,Yes,Yes,DSL,Yes,No,No,No,Yes,Yes,Month-to-month,No,Mailed check,62.31,1000.87,Yes
C04160,Female,57.0,0,No,No,33,Yes,No,Fiber optic,No,No,No,Yes,No,No,Month-to-month,Yes,Credit card,62.29,2349.58,No
C00748,Male,56.0,0,Yes,No,18,Yes,No,Fiber optic,No,Yes,No,No,No,No,Month-to-month,Yes,Credit card,53.8,1147.42,Yes
C00985,Male,40.0,0,No,No,0,Yes,Yes,Fiber optic,Yes,Yes,Yes,No,Yes,No,One year,Yes,Electronic check,87.38,78.92,Yes
C00804,Female,18.0,0,No,Yes,72,Yes,Yes,DSL,No,No,No,Yes,No,No,Two year,Yes,Credit card,54.8,4201.66,No
C06693,Female,20.0,0,No,No,30,Yes,No,No,No internet service,No internet service,No internet service,No internet service,No internet service,No internet service,One year,Yes,Mailed check,30.31,1016.81,No
C02885,Female,36.0,0,Yes,No,43,Yes,No,Fiber optic,No,No,No,No,No,No,Two year,Yes,Credit card,54.36,2247.1,No
C01321,Male,26.0,0,No,No,0,Yes,Yes,Fiber optic,Yes,Yes,Yes,Yes,Yes,Yes,Month-to-month,No,Credit card,95.9,52.85,Yes
C00917,Female,41.0,0,Yes,No,63,Yes,No,Fiber optic,No,No,Yes,No,No,Yes,Two year,Yes,Mailed check,68.6,4556.57,No
C01024,Male,28.0,0,No,No,38,Yes,No,Fiber optic,Yes,Yes,No,Yes,Yes,No,One year,No,Electronic check,68.85,2565.39,No
C04544,Male,24.0,0,Yes,Yes,0,Yes,Yes,DSL,Yes,No,No,No,No,No,Month-to-month,No,Electronic check,59.86,126.83,No
C05435,Male,53.0,0,Yes,No,28,Yes,No,No,No internet service,No internet service,No internet service,No internet service,No internet service,No internet service,Month-to-month,Yes,Bank transfer,31.43,815.34,No
C06437,Male,53.0,0,No,No,40,Yes,No,Fiber optic,Yes,Yes,No,Yes,Yes,No,Month-to-month,No,Electronic check,80.38,3148.86,No
C01617,Male,62.0,0,Yes,Yes,33,Yes,Yes,Fiber optic,Yes,No,No,No,Yes,Yes,Month-to-month,No,Bank transfer,78.59,2699.16,Yes
C03950,Female,40.0,0,Yes,No,17,Yes,No,DSL,No,No,No,Yes,Yes,No,One year,No,Electronic check,49.59,803.62,No
C05677,Male,61.0,0,Yes,No,13,Yes,No,Fiber optic,Yes,No,Yes,No,No,No,Month-to-month,Yes,Electronic check,65.83,1002.74,Yes
C04750,Female,34.0,0,No,No,67,Yes,No,No,No internet service,No internet service,No internet service,No internet service,No internet service,No internet service,Two year,Yes,Credit card,30.11,1895.98,No
C01981,Female,33.0,0,No,No,24,No,No phone service,DSL,Yes,Yes,No,No,No,No,One year,Yes,Electronic check,43.99,1174.89,No
C06298,Female,51.0,0,Yes,No,0,Yes,No,Fiber optic,No,No,Yes,Yes,No,No,Month-to-month,No,Credit card,59.77,165.64,No
C01163,Female,31.0,0,No,No,31,Yes,Yes,Fiber optic,No,No,No,Yes,No,No,Month-to-month,No,Bank transfer,64.23,2167.15,No
C02362,Female,29.0,0,No,No,21,Yes,No,Fiber optic,No,Yes,No,No,Yes,Yes,Month-to-month,No,Electronic check,75.19,1431.77,Yes
C04787,Female,62.0,0,No,No,0,Yes,No,No,No internet service,No internet service,No internet service,No internet service,No internet service,No internet service,Month-to-month,Yes,Credit card,30.62,178.26,No
C05128,Female,22.0,0,No,No,25,Yes,No,Fiber optic,No,No,No,No,No,No,Month-to-month,Yes,Bank transfer,50.64,1408.6,No
C06543,Male,52.0,0,Yes,Yes,36,Yes,Yes,DSL,No,No,No,Yes,No,No,Month-to-month,Yes,Electronic check,56.68,2449.84,No
C04965,Male,18.0,0,No,No,16,Yes,Yes,Fiber optic,No,Yes,Yes,Yes,Yes,No,Month-to-month,No,Credit card,85.66,1542.43,Yes
C00047,Male,50.0,0,Yes,Yes,21,Yes,Yes,DSL,Yes,No,No,Yes,No,No,Month-to-month,Yes,Electronic check,59.76,1437.27,Yes
C00989,Female,34.0,0,No,No,16,No,No phone service,Fiber optic,No,No,No,Yes,No,Yes,Month-to-month,No,Electronic check,60.18,1004.82,Yes
C04853,Female,42.0,0,No,No,23,Yes,No,DSL,No,Yes,No,No,No,Yes,Month-to-month,Yes,Electronic check,49.72,1271.61,No
C00004,Male,71.0,1,Yes,No,29,Yes,No,No,No internet service,No internet service,No internet service,No internet service,No internet service,No internet service,Month-to-month,No,Electronic check,31.37,866.34,No
C04667,Female,73.0,1,No,Yes,0,Yes,Yes,No,No internet service,No internet service,No internet service,No internet service,No internet service,No internet service,One year,No,Mailed check,42.38,161.0,No
C04197,Male,34.0,0,Yes,No,25,Yes,No,DSL,Yes,No,No,Yes,Yes,No,Month-to-month,Yes,Bank transfer,56.34,1499.86,Yes
C06591,Male,29.0,0,Yes,No,42,Yes,Yes,Fiber optic,Yes,No,No,Yes,Yes,No,One year,No,Electronic check,76.37,3011.56,No
C02649,Male,50.0,0,No,No,48,No,No phone service,DSL,No,No,Yes,No,No,Yes,Two year,No,Electronic check,48.36,2339.39,No
C00640,Female,39.0,0,No,No,15,No,No phone service,Fiber optic,No,No,No,Yes,No,No,Month-to-month,No,Bank transfer,51.93,957.14,No
C00261,Female,30.0,0,No,No,32,No,No phone service,Fiber optic,Yes,No,Yes,Yes,No,No,Month-to-month,Yes,Electronic check,65.12,2440.13,Yes
C00127,Male,55.0,0,Yes,No,58,Yes,No,Fiber optic,No,No,No,Yes,No,No,One year,Yes,Electronic check,66.24,4064.38,Yes
C02666,Female,35.0,0,No,Yes,22,Yes,No,DSL,No,Yes,No,No,No,No,Two year,No,Bank transfer,50.43,1062.52,No
C02322,Male,19.0,0,No,No,27,Yes,No,DSL,No,No,No,No,Yes,Yes,Month-to-month,Yes,Electronic check,61.69,1689.36,No
C06446,Female,44.0,0,No,No,51,Yes,No,Fiber optic,No,Yes,No,No,Yes,No,Two year,Yes,Credit card,65.07,3790.9,No
C03359,Female,35.0,0,Yes,No,38,Yes,No,DSL,No,No,No,No,Yes,No,Two year,Yes,Mailed check,52.18,1951.77,No
C02832,Male,63.0,0,Yes,No,27,Yes,No,Fiber optic,Yes,No,Yes,No,No,No,Month-to-month,Yes,Mailed check,60.69,1928.43,No
C02521,Male,31.0,0,Yes,No,0,No,No phone service,DSL,No,Yes,No,No,No,Yes,Month-to-month,Yes,Mailed check,45.99,91.66,No
C06424,Female,44.0,0,Yes,No,37,Yes,Yes,Fiber optic,No,Yes,No,Yes,Yes,No,Two year,Yes,Credit card,72.39,2815.7,No
C02950,Male,33.0,0,No,No,57,Yes,Yes,DSL,No,Yes,Yes,No,Yes,No,One year,No,Electronic check,47.58,2878.5,No
C02935,Male,65.0,0,No,No,0,Yes,No,DSL,No,Yes,Yes,No,No,Yes,Month-to-month,No,Mailed check,54.19,140.38,Yes
C01857,Male,25.0,0,Yes,No,37,Yes,Yes,DSL,No,No,Yes,No,Yes,Yes,Month-to-month,Yes,Electronic check,68.51,2827.01,No
C01711,Male,18.0,0,No,No,41,Yes,Yes,DSL,No,No,No,Yes,No,No,Month-to-month,Yes,Mailed check,54.07,2220.91,No
C02703,Female,55.0,0,Yes,No,24,Yes,No,DSL,Yes,No,No,No,No,No,Two year,No,Electronic check,47.53,1174.28,No
C02313,Female,67.0,1,No,No,28,Yes,No,Fiber optic,Yes,Yes,No,No,Yes,Yes,One year,No,Mailed check,74.57,2108.28,No
C06014,Female,43.0,0,No,No,44,Yes,No,Fiber optic,Yes,No,Yes,Yes,Yes,Yes,Month-to-month,No,Electronic check,91.47,3575.3,No
C02518,Female,37.0,0,No,No,64,Yes,No,DSL,Yes,Yes,No,Yes,No,Yes,One year,Yes,Electronic check,66.68,4082.79,No
C00201,Male,52.0,0,Yes,No,26,Yes,No,Fiber optic,No,Yes,No,No,No,No,One year,Yes,Bank transfer,62.97,1602.55,No
C02993,Female,34.0,0,No,No,19,Yes,No,Fiber optic,No,Yes,Yes,No,No,No,Two year,No,Mailed check,82.63,1447.28,No
C01493,Female,42.0,0,No,No,10,Yes,Yes,DSL,No,Yes,Yes,Yes,No,Yes,Month-to-month,No,Electronic check,71.25,733.96,No
C04037,Male,20.0,0,Yes,No,34,Yes,No,DSL,Yes,No,No,No,No,No,One year,No,Bank transfer,38.76,1455.13,No
C00554,Female,63.0,0,No,No,54,Yes,No,No,No internet service,No internet service,No internet service,No internet service,No internet service,No internet service,Two year,No,Electronic check,27.35,1542.5,No
C05531,Female,31.0,0,No,No,34,Yes,No,No,No internet service,No internet service,No internet service,No internet service,No internet service,No internet service,Month-to-month,No,Electronic check,32.41,1218.51,No
C04260,Female,52.0,0,Yes,No,47,Yes,Yes,No,No internet service,No internet service,No internet service,No internet service,No internet service,No internet service,Two year,Yes,Credit card,29.98,1424.52,No
C02594,Male,35.0,0,Yes,No,8,Yes,No,DSL,Yes,No,Yes,Yes,Yes,No,Month-to-month,No,Credit card,49.87,600.33,No
C05669,Female,46.0,0,No,Yes,53,Yes,No,DSL,No,Yes,Yes,Yes,No,Yes,One year,No,Electronic check,67.95,3512.71,No
C05042,Female,55.0,0,No,No,9,Yes,Yes,No,No internet service,No internet service,No internet service,No internet service,No internet service,No internet service,One year,No,Bank transfer,43.92,378.08,No
C01046,Male,47.0,0,No,No,62,Yes,No,Fiber optic,No,No,No,No,Yes,Yes,Month-to-month,No,Mailed check,67.25,4186.87,No
C05116,Male,45.0,0,Yes,No,35,Yes,No,No,No internet service,No internet service,No internet service,No internet service,No internet service,No internet service,Month-to-month,No,Bank transfer,26.63,946.66,Yes
C04549,Male,65.0,0,Yes,No,44,Yes,No,Fiber optic,No,No,No,Yes,Yes,Yes,Month-to-month,No,Mailed check,73.31,2881.53,No
C01097,Male,56.0,0,No,No,0,Yes,Yes,Fiber optic,No,Yes,No,No,Yes,Yes,One year,No,Mailed check,83.08,35.33,Yes
C00240,Female,32.0,0,No,No,12,Yes,No,Fiber optic,No,No,No,No,No,No,Month-to-month,Yes,Mailed check,66.39,842.48,No
C04938,Female,32.0,0,No,No,44,Yes,No,DSL,Yes,Yes,Yes,No,No,Yes,Month-to-month,Yes,Electronic check,65.13,3149.06,Yes
C01273,Female,54.0,0,No,Yes,2,Yes,No,DSL,No,No,No,No,Yes,Yes,Month-to-month,No,Bank transfer,57.98,247.41,No
C03703,Male,57.0,0,Yes,No,45,Yes,No,Fiber optic,No,No,Yes,No,No,Yes,Two year,Yes,Electronic check,66.81,2759.17,Yes
C00270,Male,55.0,0,No,Yes,14,Yes,No,DSL,No,No,No,No,No,Yes,One year,Yes,Mailed check,38.18,723.42,No
C06930,Male,42.0,0,No,No,32,Yes,Yes,Fiber optic,Yes,No,No,No,No,Yes,One year,Yes,Bank transfer,75.82,2504.04,No
C03630,Male,33.0,0,No,No,14,Yes,No,Fiber optic,Yes,No,No,No,Yes,No,Month-to-month,No,Bank transfer,61.67,791.59,No
C03062,Female,34.0,0,Yes,Yes,42,Yes,Yes,DSL,No,No,No,No,Yes,Yes,Two year,No,Bank transfer,55.81,2505.96,No
C00502,Female,57.0,0,Yes,No,45,Yes,No,DSL,No,Yes,No,No,No,No,Month-to-month,Yes,Credit card,39.09,2107.68,No
C02136,Female,30.0,0,Yes,No,17,Yes,Yes,No,No internet service,No internet service,No internet service,No internet service,No internet service,No internet service,Month-to-month,No,Electronic check,28.04,449.51,No
C05848,Female,29.0,0,No,No,25,Yes,No,No,No internet service,No internet service,No internet service,No internet service,No internet service,No internet service,Month-to-month,Yes,Mailed check,32.24,932.76,No
C06504,Female,56.0,0,Yes,No,34,Yes,No,No,No internet service,No internet service,No internet service,No internet service,No internet service,No internet service,Two year,No,Credit card,31.89,1083.93,No
C00740,Male,46.0,0,Yes,No,10,Yes,No,Fiber optic,No,Yes,No,No,Yes,No,Month-to-month,Yes,Electronic check,71.13,829.04,Yes
C06188,Female,18.0,0,No,No,13,Yes,Yes,Fiber optic,Yes,No,No,Yes,Yes,No,Month-to-month,Yes,Electronic check,86.02,1035.55,Yes
C01575,Male,59.0,0,Yes,No,13,Yes,Yes,Fiber optic,Yes,No,No,No,No,No,One year,No,Mailed check,62.41,985.23,No
C03035,Female,44.0,0,No,No,25,No,No phone service,Fiber optic,No,Yes,No,Yes,No,No,Month-to-month,No,Credit card,58.91,1597.13,Yes
C02343,Female,42.0,0,No,No,37,Yes,No,DSL,No,No,No,Yes,No,No,Month-to-month,Yes,Mailed check,46.33,1829.34,No
C06451,Male,41.0,0,No,Yes,0,No,No phone service,Fiber optic,No,No,No,No,Yes,No,Month-to-month,Yes,Electronic check,50.75,36.5,Yes
C02444,Male,59.0,0,Yes,No,9,Yes,Yes,Fiber optic,No,No,Yes,No,Yes,Yes,Two year,Yes,Mailed check,87.93,853.84,No
C06375,Male,38.0,0,No,No,66,Yes,No,No,No internet service,No internet service,No internet service,No internet service,No internet service,No internet service,One year,Yes,Electronic check,37.49,2690.45,No
C05839,Female,25.0,0,Yes,No,33,Yes,No,Fiber optic,No,No,Yes,No,No,No,One year,Yes,Electronic check,58.77,2142.81,Yes
C00611,Male,39.0,0,Yes,No,23,Yes,No,No,No internet service,No internet service,No internet service,No internet service,No internet service,No internet service,Month-to-month,No,Bank transfer,35.19,929.09,No
C00029,Female,54.0,0,Yes,No,15,Yes,No,Fiber optic,No,No,No,Yes,Yes,Yes,Month-to-month,Yes,Electronic check,78.88,1219.85,Yes
C06832,Female,48.0,0,Yes,Yes,0,No,No phone service,DSL,No,No,Yes,Yes,No,Yes,Month-to-month,Yes,Electronic check,54.43,141.59,No
C00696,Male,19.0,0,No,No,25,Yes,Yes,Fiber optic,Yes,No,Yes,No,No,No,Month-to-month,Yes,Mailed check,69.14,1692.34,No
C06323,Female,53.0,0,Yes,No,22,No,No phone service,Fiber optic,Yes,Yes,Yes,Yes,No,No,Month-to-month,Yes,Electronic check,79.18,1691.54,No
C04123,Male,47.0,0,Yes,No,19,Yes,No,DSL,Yes,Yes,No,No,No,No,Month-to-month,Yes,Credit card,46.55,977.2,No
C06873,Female,47.0,0,No,No,29,Yes,No,Fiber optic,No,No,Yes,No,No,No,Two year,Yes,Electronic check,63.57,1969.18,No
C00202,Male,55.0,0,Yes,No,39,Yes,No,No,No internet service,No internet service,No internet service,No internet service,No internet service,No internet service,One year,Yes,Mailed check,35.77,1467.04,No
C04018,Female,30.0,0,No,No,23,Yes,No,No,No internet service,No internet service,No internet service,No internet service,No internet service,No internet service,Month-to-month,Yes,Electronic check,22.26,644.54,No
C06118,Female,27.0,0,Yes,No,39,Yes,No,DSL,No,No,No,Yes,Yes,No,Month-to-month,No,Electronic check,55.43,2159.33,No
C02686,Male,36.0,0,No,No,20,Yes,Yes,Fiber optic,No,No,No,No,No,Yes,Two year,Yes,Electronic check,77.71,1703.61,No
C01417,Female,61.0,0,No,No,12,Yes,No,No,No internet service,No internet service,No internet service,No internet service,No internet service,No internet service,One year,Yes,Bank transfer,29.82,305.87,No
C00679,Female,42.0,0,No,No,24,No,No phone service,No,No internet service,No internet service,No internet service,No internet service,No internet service,No internet service,Month-to-month,Yes,Electronic check,30.58,745.81,No
C03261,Male,31.0,0,No,Yes,4,Yes,No,DSL,No,Yes,Yes,No,Yes,Yes,Month-to-month,No,Bank transfer,62.64,409.28,Yes
C01459,Male,18.0,0,No,No,38,Yes,No,DSL,Yes,No,No,No,Yes,Yes,Month-to-month,No,Mailed check,56.9,2180.05,Yes
C01430,Female,39.0,0,No,No,38,Yes,Yes,DSL,No,No,No,No,Yes,Yes,One year,No,Electronic check,55.81,1871.31,No
C01822,Female,53.0,0,No,Yes,25,Yes,No,No,No internet service,No internet service,No internet service,No internet service,No internet service,No internet service,Month-to-month,Yes,Bank transfer,27.91,747.11,No
C03996,Female,45.0,0,Yes,No,16,Yes,Yes,Fiber optic,Yes,No,No,No,No,Yes,Month-to-month,Yes,Electronic check,73.07,1428.7,Yes
C01582,Male,41.0,0,Yes,No,21,Yes,Yes,DSL,No,Yes,Yes,No,Yes,No,Month-to-month,No,Credit card,61.3,1181.23,No
C00115,Male,26.0,0,No,No,48,Yes,No,Fiber optic,Yes,No,No,No,No,No,Two year,Yes,Electronic check,50.23,2415.88,No
C03828,Female,41.0,0,No,No,7,Yes,Yes,Fiber optic,No,No,Yes,No,No,Yes,Month-to-month,Yes,Credit card,72.23,547.93,Yes
C06717,Female,18.0,0,Yes,No,48,No,No phone service,Fiber optic,No,Yes,Yes,No,No,Yes,Month-to-month,Yes,Electronic check,63.85,3411.32,No
C04686,Male,44.0,0,Yes,No,22,Yes,No,DSL,No,No,Yes,No,No,No,Month-to-month,Yes,Mailed check,47.6,1189.86,Yes
C01543,Female,30.0,0,No,No,1,No,No phone service,DSL,No,Yes,Yes,Yes,No,No,One year,Yes,Electronic check,39.06,203.11,No
C02605,Male,58.0,0,No,No,64,Yes,Yes,Fiber optic,Yes,Yes,No,No,Yes,No,Two year,Yes,Mailed check,81.3,5036.5,No
C01453,Female,56.0,0,No,No,41,Yes,No,Fiber optic,Yes,No,No,No,Yes,Yes,One year,Yes,Electronic check,75.82,3102.1,No
C00908,Male,53.0,0,No,No,46,Yes,No,Fiber optic,No,No,No,No,No,No,One year,No,Electronic check,50.43,2148.32,No
C06139,Female,66.0,1,Yes,No,33,Yes,No,DSL,No,No,No,No,No,Yes,One year,Yes,Mailed check,42.14,1606.6,No
C05989,Male,44.0,0,Yes,No,52,Yes,No,DSL,No,Yes,Yes,No,Yes,No,Two year,No,Credit card,59.19,3064.31,No
C04984,Male,51.0,0,Yes,No,29,Yes,No,Fiber optic,No,No,No,No,No,No,Month-to-month,Yes,Bank transfer,52.29,1431.14,Yes
C05024,Female,40.0,0,No,No,20,Yes,Yes,Fiber optic,No,No,No,Yes,No,Yes,One year,No,Bank transfer,77.78,1485.89,No
C01420,Female,51.0,0,No,No,0,Yes,No,Fiber optic,No,Yes,No,No,Yes,No,Month-to-month,Yes,Electronic check,62.46,27.01,Yes
C06179,Female,19.0,0,No,No,36,Yes,Yes,DSL,Yes,No,Yes,No,No,No,Month-to-month,Yes,Electronic check,54.2,1786.87,No
C00385,Male,36.0,0,Yes,Yes,35,Yes,No,No,No internet service,No internet service,No internet service,No internet service,No internet service,No internet service,Month-to-month,No,Electronic check,27.66,971.1,No
C00565,Female,55.0,0,Yes,No,15,Yes,Yes,Fiber optic,No,Yes,Yes,No,Yes,Yes,Month-to-month,Yes,Electronic check,81.78,1361.31,Yes
C05555,Male,19.0,0,No,No,27,Yes,No,Fiber optic,No,No,No,No,No,Yes,One year,Yes,Electronic check,62.87,2019.87,No
C00447,Female,80.0,1,Yes,Yes,15,Yes,No,DSL,Yes,No,No,No,No,No,Month-to-month,No,Credit card,45.89,705.53,No
C01671,Male,56.0,0,No,No,42,Yes,No,Fiber optic,Yes,Yes,Yes,Yes,Yes,No,One year,Yes,Bank transfer,88.45,3698.89,No
C03260,Male,37.0,0,No,No,23,Yes,No,DSL,No,No,No,No,No,Yes,Two year,No,Credit card,38.89,932.93,No
C06191,Female,18.0,0,Yes,No,52,Yes,Yes,DSL,Yes,No,No,No,Yes,No,One year,Yes,Bank transfer,63.28,3214.28,No
C03286,Male,42.0,0,Yes,Yes,22,Yes,Yes,DSL,No,No,No,No,Yes,No,Month-to-month,Yes,Electronic check,58.08,1236.47,Yes
C04738,Male,38.0,0,Yes,No,17,Yes,Yes,Fiber optic,Yes,Yes,No,Yes,No,Yes,Month-to-month,No,Electronic check,85.09,1591.07,Yes
C04457,Male,60.0,0,Yes,No,0,Yes,No,Fiber optic,Yes,Yes,No,Yes,Yes,Yes,Month-to-month,Yes,Mailed check,83.42,34.34,Yes
C02256,Female,18.0,0,No,No,10,Yes,No,No,No internet service,No internet service,No internet service,No internet service,No internet service,No internet service,One year,No,Mailed check,27.7,308.36,No
C02609,Female,55.0,0,Yes,No,0,Yes,Yes,DSL,No,Yes,No,No,No,Yes,Month-to-month,No,Credit card,52.29,1.09,No
C04392,Male,43.0,0,No,No,39,Yes,No,No,No internet service,No internet service,No internet service,No internet service,No internet service,No internet service,One year,Yes,Electronic check,18.0,833.79,No
C04396,Male,55.0,0,Yes,Yes,10,No,No phone service,DSL,Yes,Yes,Yes,No,Yes,Yes,Month-to-month,Yes,Bank transfer,67.28,830.71,No
C01834,Male,56.0,0,Yes,Yes,43,Yes,No,DSL,No,No,Yes,Yes,Yes,No,One year,No,Electronic check,50.83,2411.0,No
C05098,Female,32.0,0,No,No,24,Yes,Yes,Fiber optic,No,Yes,No,No,No,Yes,One year,Yes,Bank transfer,70.57,1762.54,Yes
C07246,Male,39.0,0,Yes,No,35,Yes,No,DSL,Yes,Yes,No,Yes,Yes,Yes,One year,Yes,Bank transfer,75.65,2777.94,No
C03495,Male,40.0,0,Yes,Yes,35,Yes,Yes,Fiber optic,Yes,No,No,No,Yes,Yes,Two year,Yes,Bank transfer,90.99,3701.62,No
C01423,Female,27.0,0,Yes,No,28,Yes,No,Fiber optic,Yes,Yes,No,Yes,No,No,Two year,Yes,Electronic check,69.3,2191.0,No
C03235,Female,59.0,0,Yes,Yes,5,No,No phone service,DSL,No,No,No,Yes,No,No,Month-to-month,Yes,Credit card,40.32,284.17,Yes
C04728,Male,22.0,0,No,No,27,Yes,No,DSL,No,No,Yes,No,No,Yes,Month-to-month,No,Credit card,50.32,1208.82,No
C04425,Male,57.0,0,Yes,No,14,Yes,Yes,Fiber optic,Yes,Yes,No,Yes,No,No,One year,Yes,Electronic check,74.99,1263.8,No
C00321,Male,70.0,1,No,Yes,49,Yes,Yes,Fiber optic,No,No,No,No,No,Yes,One year,No,Credit card,52.74,2539.53,Yes
C06142,Female,36.0,0,No,No,30,Yes,Yes,No,No internet service,No internet service,No internet service,No internet service,No internet service,No internet service,One year,No,Bank transfer,27.05,863.69,No
C04870,Female,46.0,0,Yes,Yes,0,Yes,No,Fiber optic,No,No,No,No,Yes,No,Month-to-month,No,Bank transfer,58.42,72.83,No
C00544,Female,43.0,0,No,No,28,Yes,Yes,Fiber optic,Yes,Yes,No,No,Yes,No,One year,Yes,Electronic check,76.94,2252.31,No
C00602,Female,18.0,0,Yes,No,34,Yes,Yes,DSL,Yes,No,No,No,Yes,No,Month-to-month,Yes,Electronic check,42.53,1606.36,Yes
C05676,Male,40.0,0,No,No,58,Yes,Yes,Fiber optic,No,Yes,No,No,Yes,Yes,One year,Yes,Electronic check,75.49,4211.59,No
C05491,Female,31.0,0,No,No,38,Yes,No,DSL,No,No,Yes,Yes,No,No,One year,Yes,Credit card,41.84,1538.47,Yes
C02200,Male,51.0,0,Yes,No,37,Yes,Yes,Fiber optic,No,No,No,No,Yes,No,One year,No,Mailed check,60.33,2288.71,No
C01226,Female,62.0,0,No,No,47,Yes,Yes,Fiber optic,No,No,No,No,No,No,Month-to-month,Yes,Electronic check,63.23,3168.49,Yes
C01848,Female,70.0,1,No,Yes,23,Yes,No,Fiber optic,No,Yes,No,No,No,No,One year,No,Credit card,58.69,1499.06,No
C04656,Female,68.0,1,Yes,No,22,Yes,No,No,No internet service,No internet service,No internet service,No internet service,No internet service,No internet service,One year,No,Bank transfer,21.48,579.62,No
C01589,Female,42.0,0,No,No,52,Yes,No,DSL,No,Yes,Yes,No,No,No,One year,Yes,Mailed check,46.64,2484.79,No
C06333,Female,49.0,0,Yes,No,16,Yes,Yes,Fiber optic,Yes,No,Yes,Yes,No,No,Month-to-month,Yes,Electronic check,75.88,1218.01,No
C05739,Female,31.0,0,No,No,20,Yes,No,DSL,Yes,Yes,No,Yes,No,No,Month-to-month,Yes,Electronic check,69.11,1396.28,No
C03407,Male,57.0,0,No,No,21,Yes,No,DSL,Yes,Yes,No,No,Yes,Yes,Month-to-month,No,Electronic check,60.89,1322.16,Yes
C00380,Male,72.0,1,No,Yes,39,Yes,No,Fiber optic,Yes,No,No,No,Yes,No,Month-to-month,Yes,Bank transfer,63.47,2422.47,No
C06289,Male,53.0,0,No,No,42,No,No phone service,Fiber optic,No,No,No,No,No,No,Month-to-month,Yes,Bank transfer,51.65,2454.41,Yes
C00444,Male,60.0,0,No,Yes,37,Yes,No,Fiber optic,No,No,No,Yes,No,Yes,Two year,No,Bank transfer,68.48,2727.72,No
C04428,Female,18.0,0,No,No,38,Yes,No,Fiber optic,Yes,Yes,No,No,No,Yes,Month-to-month,No,Electronic check,72.28,2691.77,Yes
C05600,Male,38.0,0,Yes,No,0,Yes,No,DSL,No,No,Yes,No,No,No,Month-to-month,No,Credit card,34.29,112.28,Yes
C02909,Female,80.0,1,Yes,Yes,23,Yes,Yes,Fiber optic,Yes,Yes,No,Yes,Yes,No,Month-to-month,No,Bank transfer,75.27,1732.23,No
C01971,Female,34.0,0,No,No,7,Yes,No,DSL,No,Yes,No,No,Yes,No,Month-to-month,No,Credit card,41.32,390.41,No
C00149,Male,41.0,0,Yes,No,11,Yes,Yes,DSL,Yes,No,No,No,Yes,No,Month-to-month,Yes,Credit card,62.27,741.66,Yes
C05056,Female,18.0,0,Yes,No,0,Yes,Yes,DSL,No,No,No,No,No,No,Month-to-month,No,Credit card,41.75,147.95,Yes
C06171,Female,48.0,0,Yes,No,62,Yes,Yes,Fiber optic,No,Yes,Yes,No,Yes,No,One year,No,Bank transfer,72.65,4902.73,Yes
C07043,Male,20.0,0,Yes,No,24,Yes,No,No,No internet service,No internet service,No internet service,No internet service,No internet service,No internet service,Month-to-month,Yes,Electronic check,18.38,409.15,No
C06958,Female,49.0,0,Yes,No,0,Yes,Yes,No,No internet service,No internet service,No internet service,No internet service,No internet service,No internet service,Month-to-month,Yes,Credit card,37.68,19.99,No
C06442,Male,51.0,0,No,No,24,Yes,No,DSL,No,No,Yes,No,Yes,Yes,One year,No,Electronic check,61.02,1685.35,No
C06575,Male,65.0,0,Yes,No,62,No,No phone service,Fiber optic,No,No,No,No,No,No,Two year,No,Bank transfer,41.77,2829.95,No
C00614,Male,41.0,0,No,No,13,Yes,Yes,Fiber optic,No,Yes,No,No,Yes,Yes,Month-to-month,Yes,Electronic check,86.7,1207.5,Yes
C06985,Male,43.0,0,Yes,Yes,35,Yes,Yes,DSL,Yes,No,No,No,Yes,Yes,One year,No,Electronic check,66.76,2795.38,No
C01315,Male,80.0,1,No,No,64,Yes,Yes,Fiber optic,No,Yes,Yes,Yes,Yes,No,Two year,No,Electronic check,82.69,5527.36,No
C07217,Male,39.0,0,No,No,5,No,No phone service,Fiber optic,No,Yes,No,No,No,No,Month-to-month,Yes,Electronic check,54.46,279.7,Yes
C06340,Female,52.0,0,Yes,Yes,8,Yes,Yes,Fiber optic,No,Yes,No,Yes,No,No,Month-to-month,Yes,Electronic check,72.27,642.54,Yes
C01042,Female,19.0,0,No,No,37,Yes,Yes,No,No internet service,No internet service,No internet service,No internet service,No internet service,No internet service,Two year,No,Bank transfer,30.51,1157.29,No
C06616,Male,71.0,1,Yes,Yes,44,Yes,Yes,Fiber optic,Yes,No,No,No,Yes,No,Two year,Yes,Credit card,80.23,3589.33,No
C04268,Female,52.0,0,Yes,No,60,No,No phone service,Fiber optic,No,Yes,No,No,Yes,No,Two year,No,Electronic check,52.58,3607.84,No
C02465,Female,31.0,0,Yes,Yes,63,Yes,No,Fiber optic,Yes,Yes,No,Yes,Yes,Yes,Two year,Yes,Electronic check,93.81,6130.09,No
C06539,Male,72.0,1,Yes,No,32,Yes,Yes,DSL,No,Yes,No,No,Yes,Yes,Month-to-month,No,Electronic check,61.29,2116.85,Yes
C02628,Female,18.0,0,No,No,39,Yes,Yes,DSL,Yes,Yes,No,No,Yes,Yes,Two year,Yes,Bank transfer,79.42,2996.75,No
C00878,Male,55.0,0,Yes,Yes,52,Yes,No,Fiber optic,No,Yes,Yes,No,No,No,Month-to-month,Yes,Electronic check,58.11,3434.41,Yes
C02052,Female,27.0,0,Yes,No,45,Yes,No,DSL,No,Yes,Yes,Yes,Yes,Yes,Month-to-month,Yes,Bank transfer,72.71,2769.41,No
C01240,Female,45.0,0,No,No,22,Yes,No,Fiber optic,No,No,No,Yes,No,No,Month-to-month,No,Credit card,69.37,1625.06,No
C03884,Male,59.0,0,Yes,No,63,Yes,Yes,No,No internet service,No internet service,No internet service,No internet service,No internet service,No internet service,Two year,Yes,Bank transfer,37.41,2687.78,No
C05391,Male,44.0,0,No,Yes,41,Yes,Yes,DSL,No,Yes,Yes,Yes,Yes,No,One year,Yes,Bank transfer,59.66,2249.88,No
C00449,Male,18.0,0,No,No,56,Yes,No,Fiber optic,Yes,Yes,No,No,No,No,Two year,No,Electronic check,73.58,3529.4,No
C04218,Male,35.0,0,Yes,Yes,19,No,No phone service,Fiber optic,No,Yes,No,No,Yes,No,Month-to-month,Yes,Credit card,66.59,1345.75,No
C06465,Male,32.0,0,Yes,No,11,Yes,No,Fiber optic,Yes,Yes,No,Yes,No,No,Month-to-month,Yes,Electronic check,68.74,996.9,No
C01245,Female,61.0,0,Yes,Yes,37,Yes,No,No,No internet service,No internet service,No internet service,No internet service,No internet service,No internet service,One year,Yes,Mailed check,27.56,1026.88,No
C06775,Female,40.0,0,No,No,0,Yes,No,DSL,Yes,No,No,Yes,No,No,Month-to-month,Yes,Electronic check,53.59,101.21,Yes
C04042,Female,40.0,0,No,No,44,Yes,No,Fiber optic,Yes,No,No,Yes,Yes,Yes,Month-to-month,Yes,Credit card,83.42,3900.5,No
C04447,Male,43.0,0,No,No,41,Yes,No,Fiber optic,Yes,No,Yes,No,Yes,No,Month-to-month,Yes,Electronic check,68.49,2802.71,No
C03653,Female,40.0,0,Yes,No,36,Yes,No,Fiber optic,No,No,No,No,No,Yes,Two year,Yes,Electronic check,54.47,2241.54,No
C02585,Male,44.0,0,No,Yes,5,Yes,No,Fiber optic,Yes,No,No,No,Yes,Yes,Month-to-month,Yes,Mailed check,73.02,450.75,No
C04403,Male,60.0,0,No,No,6,Yes,Yes,Fiber optic,No,No,No,No,No,Yes,Month-to-month,Yes,Bank transfer,74.07,589.67,No
C03306,Male,44.0,0,No,No,24,Yes,No,Fiber optic,Yes,No,No,No,No,No,Month-to-month,No,Electronic check,51.77,1314.45,No
C01978,Female,52.0,0,Yes,No,44,Yes,Yes,DSL,Yes,Yes,No,No,Yes,Yes,Month-to-month,Yes,Electronic check,77.38,3545.86,No
C02822,Male,42.0,0,No,No,0,No,No phone service,No,No internet service,No internet service,No internet service,No internet service,No internet service,No internet service,Month-to-month,No,Electronic check,27.42,66.28,No
C04000,Female,42.0,0,No,No,27,Yes,Yes,Fiber optic,No,Yes,No,No,No,No,Two year,Yes,Credit card,72.43,1912.71,No
C01158,Male,25.0,0,Yes,No,50,Yes,No,DSL,No,Yes,No,No,No,No,One year,Yes,Bank transfer,40.64,1969.35,No
C03731,Male,66.0,1,No,No,24,Yes,No,Fiber optic,No,Yes,No,No,No,Yes,Two year,Yes,Credit card,70.44,1806.3,No
C04498,Female,18.0,0,No,No,38,Yes,No,No,No internet service,No internet service,No internet service,No internet service,No internet service,No internet service,One year,Yes,Electronic check,34.17,1317.47,No
C05568,Male,34.0,0,Yes,Yes,42,Yes,Yes,Fiber optic,No,No,No,No,No,No,Month-to-month,Yes,Electronic check,69.43,2864.0,No
C00595,Female,53.0,0,Yes,Yes,31,No,No phone service,Fiber optic,Yes,No,No,No,No,Yes,Month-to-month,No,Bank transfer,66.46,2406.67,Yes
C06073,Female,37.0,0,No,No,53,Yes,No,Fiber optic,No,Yes,No,No,No,No,Month-to-month,No,Electronic check,44.99,2246.62,Yes
C01357,Male,49.0,0,No,Yes,25,Yes,Yes,DSL,No,Yes,No,No,Yes,No,Month-to-month,Yes,Credit card,61.35,1758.46,No
C03969,Male,55.0,0,Yes,No,66,Yes,No,Fiber optic,Yes,No,Yes,Yes,No,No,Two year,Yes,Mailed check,71.67,5004.09,No
C01574,Male,42.0,0,No,No,13,Yes,No,Fiber optic,No,No,No,No,No,No,Month-to-month,Yes,Electronic check,61.6,1031.4,Yes
C02421,Male,69.0,1,Yes,No,5,Yes,Yes,Fiber optic,No,No,No,Yes,Yes,No,Month-to-month,No,Credit card,64.48,486.54,No
C01480,Male,67.0,1,No,No,50,Yes,Yes,Fiber optic,Yes,No,No,Yes,Yes,No,One year,No,Bank transfer,80.4,4029.86,No
C01643,Male,48.0,0,No,No,1,Yes,No,DSL,Yes,No,Yes,No,Yes,No,Month-to-month,Yes,Mailed check,60.42,150.55,No
C05124,Female,53.0,0,No,Yes,1,Yes,No,Fiber optic,No,No,No,No,No,No,One year,Yes,Credit card,52.78,124.71,No
C01672,Male,33.0,0,Yes,No,32,Yes,No,Fiber optic,No,No,No,Yes,No,Yes,Two year,Yes,Electronic check,77.44,2752.05,Yes
C05916,Female,40.0,0,No,No,43,Yes,No,Fiber optic,No,No,No,No,No,No,One year,Yes,Bank transfer,54.42,2284.05,No
C04781,Male,42.0,0,Yes,No,49,No,No phone service,No,No internet service,No internet service,No internet service,No internet service,No internet service,No internet service,Two year,Yes,Credit card,21.43,1308.4,No
C04751,Female,41.0,0,Yes,No,50,Yes,No,Fiber optic,Yes,No,Yes,No,No,Yes,Month-to-month,No,Bank transfer,69.13,3527.06,No
C04586,Male,18.0,0,No,No,28,Yes,No,Fiber optic,No,Yes,Yes,No,No,No,Month-to-month,Yes,Credit card,72.33,2174.67,Yes
C01889,Male,65.0,0,Yes,Yes,21,Yes,Yes,Fiber optic,No,No,No,Yes,Yes,No,Month-to-month,Yes,Credit card,71.32,1314.28,No
C05189,Female,44.0,0,No,No,37,Yes,Yes,Fiber optic,Yes,Yes,Yes,No,No,Yes,Two year,Yes,Credit card,92.24,3263.79,Yes
C05847,Male,62.0,0,Yes,Yes,55,Yes,Yes,No,No internet service,No internet service,No internet service,No internet service,No internet service,No internet service,Two year,No,Electronic check,29.46,1717.46,No
C04076,Female,27.0,0,No,No,0,Yes,Yes,No,No internet service,No internet service,No internet service,No internet service,No internet service,No internet service,Month-to-month,No,Electronic check,27.03,105.05,Yes
C04894,Male,46.0,0,No,No,10,Yes,Yes,Fiber optic,Yes,No,No,No,No,No,Month-to-month,No,Electronic check,58.36,658.29,Yes
C03506,Male,42.0,0,No,No,41,Yes,Yes,No,No internet service,No internet service,No internet service,No internet service,No internet service,No internet service,Month-to-month,Yes,Credit card,32.22,1484.18,No
C00310,Female,41.0,0,No,Yes,46,Yes,No,DSL,Yes,Yes,Yes,No,No,No,Two year,No,Electronic check,57.41,2739.25,No
C00159,Female,45.0,0,No,No,48,Yes,No,Fiber optic,Yes,No,Yes,No,No,Yes,Two year,Yes,Electronic check,68.38,3582.32,No
C01731,Male,35.0,0,No,Yes,0,Yes,Yes,DSL,Yes,No,Yes,No,No,No,Month-to-month,Yes,Bank transfer,58.68,31.12,No
C05717,Male,45.0,0,Yes,No,55,Yes,Yes,DSL,No,No,Yes,No,No,Yes,One year,No,Credit card,53.98,3205.88,No
C05817,Male,55.0,0,Yes,No,28,Yes,Yes,DSL,No,Yes,Yes,No,No,No,Month-to-month,Yes,Bank transfer,64.22,1895.7,No
C00171,Male,33.0,0,Yes,No,31,Yes,No,Fiber optic,No,Yes,No,No,No,No,Month-to-month,Yes,Bank transfer,59.58,1923.55,No
C02633,Female,20.0,0,No,No,38,Yes,No,DSL,No,No,Yes,Yes,No,Yes,One year,Yes,Electronic check,61.1,2354.53,No
C05345,Female,55.0,0,Yes,No,0,Yes,Yes,No,No internet service,No internet service,No internet service,No internet service,No internet service,No internet service,Month-to-month,No,Bank transfer,34.8,89.175,No
C04048,Male,42.0,0,No,No,39,Yes,No,Fiber optic,No,No,No,No,Yes,No,Month-to-month,Yes,Electronic check,54.04,2135.39,Yes
C00697,Female,34.0,0,No,No,24,Yes,Yes,Fiber optic,Yes,No,Yes,No,No,Yes,Month-to-month,Yes,Mailed check,84.94,1914.44,No
C02550,Female,40.0,0,No,No,32,Yes,No,No,No internet service,No internet service,No internet service,No internet service,No internet service,No internet service,One year,No,Credit card,32.02,1240.53,No
C05031,Female,38.0,0,Yes,Yes,0,Yes,Yes,DSL,Yes,No,Yes,No,No,Yes,Month-to-month,Yes,Mailed check,60.51,27.02,Yes
C03771,Female,50.0,0,Yes,No,64,Yes,Yes,DSL,No,Yes,No,No,No,No,Two year,No,Bank transfer,49.68,3191.53,No
C01213,Female,40.0,0,No,No,34,Yes,No,DSL,No,Yes,Yes,No,Yes,No,Two year,Yes,Bank transfer,56.74,1827.65,No
C01763,Male,18.0,0,Yes,No,0,Yes,No,Fiber optic,No,Yes,No,Yes,No,No,Month-to-month,Yes,Electronic check,62.93,137.37,Yes
C02028,Female,42.0,0,Yes,No,38,Yes,Yes,Fiber optic,No,No,No,Yes,No,No,Month-to-month,Yes,Bank transfer,69.02,2753.68,No
C05888,Male,49.0,0,No,No,22,Yes,No,Fiber optic,No,Yes,Yes,No,Yes,No,One year,Yes,Bank transfer,62.78,1480.79,No
C02140,Female,45.0,0,Yes,No,72,Yes,No,DSL,No,No,No,Yes,No,Yes,One year,Yes,Credit card,63.45,4305.89,No
C06072,Female,30.0,0,No,No,44,Yes,Yes,Fiber optic,No,Yes,No,No,No,No,One year,No,Mailed check,74.38,3117.32,No
C03682,Female,56.0,0,Yes,No,12,No,No phone service,Fiber optic,Yes,No,No,No,Yes,No,One year,Yes,Electronic check,64.05,849.05,No
C01949,Male,23.0,0,No,No,33,Yes,No,Fiber optic,Yes,No,No,Yes,No,No,One year,Yes,Electronic check,67.26,2283.42,No
C01397,Male,25.0,0,No,No,5,Yes,No,Fiber optic,Yes,No,No,No,Yes,No,Month-to-month,Yes,Electronic check,68.52,472.42,Yes
C04294,Female,65.0,0,Yes,No,30,No,No phone service,DSL,No,No,No,No,Yes,No,Month-to-month,Yes,Electronic check,43.16,1551.46,No
C02103,Female,45.0,0,No,No,26,Yes,No,Fiber optic,No,No,No,Yes,No,Yes,Month-to-month,Yes,Credit card,76.4,1897.85,No
C01329,Female,36.0,0,No,No,31,Yes,Yes,DSL,No,No,No,Yes,Yes,No,Month-to-month,No,Credit card,53.02,1702.09,Yes
C04759,Male,27.0,0,Yes,No,12,No,No phone service,Fiber optic,No,Yes,Yes,Yes,No,No,Month-to-month,Yes,Bank transfer,55.85,716.45,Yes
C05667,Male,57.0,0,No,No,43,Yes,No,Fiber optic,No,No,No,No,Yes,No,Two year,Yes,Bank transfer,66.78,2938.33,No
C00916,Male,36.0,0,No,No,23,Yes,Yes,DSL,No,No,No,No,No,Yes,One year,No,Electronic check,49.11,1165.02,No
C02617,Male,34.0,0,Yes,No,61,Yes,No,Fiber optic,No,Yes,No,Yes,Yes,Yes,Month-to-month,No,Bank transfer,69.54,4385.78,No
C05330,Female,41.0,0,Yes,No,26,Yes,No,DSL,No,No,Yes,No,Yes,No,Month-to-month,No,Electronic check,48.06,1164.66,No
C06227,Male,28.0,0,No,No,15,Yes,Yes,Fiber optic,No,Yes,No,Yes,No,Yes,Month-to-month,Yes,Credit card,88.97,1495.84,No
C01440,Female,21.0,0,No,No,46,Yes,No,Fiber optic,Yes,Yes,No,No,No,Yes,One year,Yes,Credit card,68.79,2754.08,No
C05032,Male,28.0,0,No,No,22,Yes,No,DSL,Yes,No,Yes,No,Yes,No,Month-to-month,Yes,Mailed check,58.9,1395.14,No
C05001,Male,43.0,0,Yes,No,14,No,No phone service,No,No internet service,No internet service,No internet service,No internet service,No internet service,No internet service,Month-to-month,No,Electronic check,28.74,390.89,Yes
C02915,Male,45.0,0,No,No,15,Yes,No,DSL,Yes,No,No,Yes,No,No,Month-to-month,No,Bank transfer,53.53,910.99,No
C05268,Male,60.0,0,No,No,40,Yes,No,No,No internet service,No internet service,No internet service,No internet service,No internet service,No internet service,Month-to-month,Yes,Mailed check,18.74,768.34,No
C00266,Female,34.0,0,Yes,Yes,29,Yes,No,No,No internet service,No internet service,No internet service,No internet service,No internet service,No internet service,Two year,No,Electronic check,31.91,1073.31,No
C03762,Male,42.0,0,No,Yes,66,Yes,Yes,DSL,No,No,No,No,No,No,Two year,Yes,Credit card,40.9,2884.41,No
C00751,Male,46.0,0,No,No,20,Yes,Yes,No,No internet service,No internet service,No internet service,No internet service,No internet service,No internet service,Month-to-month,No,Electronic check,30.76,621.73,No
C06999,Female,30.0,0,Yes,No,47,Yes,Yes,No,No internet service,No internet service,No internet service,No internet service,No internet service,No internet service,One year,Yes,Electronic check,26.28,1302.4,No
C01400,Male,50.0,0,Yes,Yes,12,No,No phone service,DSL,No,Yes,Yes,Yes,Yes,No,Month-to-month,Yes,Mailed check,61.55,782.08,No
C05517,Male,48.0,0,No,No,1,Yes,No,Fiber optic,No,No,Yes,No,No,No,Month-to-month,Yes,Electronic check,59.36,157.24,Yes
C06881,Female,58.0,0,Yes,No,23,Yes,Yes,DSL,No,Yes,Yes,No,No,Yes,Two year,Yes,Electronic check,67.47,1402.77,No
C02924,Female,35.0,0,No,No,19,Yes,No,Fiber optic,No,Yes,No,No,No,Yes,Two year,Yes,Bank transfer,63.27,1252.68,No
C02544,Female,57.0,0,Yes,No,10,Yes,Yes,Fiber optic,No,No,No,No,No,No,Two year,Yes,Credit card,52.23,502.72,Yes
C05271,Male,22.0,0,Yes,No,55,Yes,No,DSL,Yes,Yes,Yes,No,Yes,No,One year,Yes,Credit card,67.11,3798.82,No
C03775,Male,31.0,0,No,No,0,Yes,No,DSL,No,No,Yes,No,No,No,Month-to-month,Yes,Mailed check,50.69,120.92,No
C01049,Male,31.0,0,Yes,No,15,No,No phone service,DSL,No,Yes,No,Yes,No,Yes,One year,Yes,Bank transfer,54.7,929.62,No
C05512,Female,51.0,0,Yes,No,66,Yes,No,DSL,Yes,No,Yes,No,Yes,No,Two year,Yes,Bank transfer,62.41,4192.62,No
C05775,Male,18.0,0,Yes,No,43,Yes,No,Fiber optic,Yes,No,Yes,No,No,No,Month-to-month,Yes,Credit card,72.88,3128.74,No
C03402,Male,54.0,0,Yes,No,6,Yes,Yes,DSL,No,No,Yes,No,No,Yes,Month-to-month,Yes,Bank transfer,51.74,362.54,No
C05821,Male,33.0,0,No,No,30,Yes,No,Fiber optic,No,Yes,No,Yes,No,No,Two year,Yes,Electronic check,56.48,1612.69,No
C05754,Female,50.0,0,No,No,22,No,No phone service,DSL,No,Yes,No,No,No,No,One year,No,Electronic check,29.93,711.8,No
C04582,Male,18.0,0,No,No,34,Yes,No,DSL,Yes,No,No,No,No,No,Two year,No,Mailed check,33.23,1101.48,No
C06472,Male,47.0,0,No,Yes,6,Yes,No,DSL,No,No,Yes,Yes,Yes,Yes,One year,No,Credit card,54.6,503.72,No
C03098,Female,57.0,0,Yes,No,25,Yes,No,DSL,No,No,No,Yes,Yes,No,Two year,No,Credit card,49.97,1382.69,No
C05265,Female,50.0,0,Yes,Yes,45,Yes,Yes,No,No internet service,No internet service,No internet service,No internet service,No internet service,No internet service,One year,No,Bank transfer,18.0,930.33,No
C05832,Male,45.0,0,Yes,No,23,Yes,Yes,DSL,No,Yes,Yes,No,Yes,Yes,Two year,Yes,Credit card,62.92,1698.59,No
C03977,Male,49.0,0,Yes,No,37,Yes,Yes,Fiber optic,No,Yes,No,No,No,No,One year,No,Electronic check,61.98,2247.89,No
C06780,Male,19.0,0,No,No,14,Yes,No,Fiber optic,No,No,Yes,Yes,No,Yes,Month-to-month,No,Bank transfer,68.65,1196.63,Yes
C06018,Female,46.0,0,Yes,Yes,11,Yes,Yes,No,No internet service,No internet service,No internet service,No internet service,No internet service,No internet service,Month-to-month,Yes,Bank transfer,39.03,490.68,No
C03290,Male,43.0,0,Yes,No,36,Yes,No,Fiber optic,Yes,No,No,Yes,No,No,Two year,No,Bank transfer,60.7,2407.61,No
C01723,Female,46.0,0,No,No,25,No,No phone service,Fiber optic,Yes,Yes,No,Yes,No,No,One year,Yes,Bank transfer,67.49,1766.79,No
C00126,Male,46.0,0,No,No,34,Yes,No,Fiber optic,No,No,Yes,Yes,No,Yes,Month-to-month,No,Credit card,61.53,2271.63,Yes
C00891,Female,34.0,0,No,No,37,Yes,Yes,DSL,No,Yes,No,Yes,No,Yes,Month-to-month,Yes,Bank transfer,67.56,2603.44,No
C01172,Female,45.0,0,Yes,Yes,55,Yes,Yes,Fiber optic,No,No,No,No,Yes,Yes,Two year,Yes,Bank transfer,76.21,4136.53,No
C03388,Male,28.0,0,No,No,23,Yes,Yes,Fiber optic,No,No,Yes,Yes,Yes,No,One year,Yes,Credit card,81.05,2102.47,No
C06959,Male,48.0,0,No,No,32,Yes,Yes,DSL,No,No,Yes,No,No,No,Two year,Yes,Bank transfer,46.65,1557.57,No
C06282,Female,30.0,0,No,No,48,Yes,No,DSL,Yes,Yes,No,No,No,No,Two year,Yes,Mailed check,55.52,2673.89,No
C06070,Female,30.0,0,Yes,No,72,Yes,No,Fiber optic,No,No,Yes,No,No,Yes,Two year,Yes,Credit card,60.87,4339.88,No
C01649,Female,44.0,0,No,No,38,Yes,No,DSL,No,No,No,Yes,No,No,One year,Yes,Credit card,44.72,1639.99,No
C05787,Female,59.0,0,No,No,36,No,No phone service,DSL,No,Yes,No,Yes,Yes,Yes,One year,No,Credit card,47.66,1919.55,No
C03914,Male,31.0,0,Yes,No,0,Yes,No,Fiber optic,No,No,Yes,No,Yes,Yes,Month-to-month,No,Bank transfer,75.61,12.05,No
C00745,Female,26.0,0,No,Yes,15,No,No phone service,DSL,No,No,No,No,Yes,Yes,Month-to-month,No,Electronic check,49.26,904.81,No
C00911,Female,21.0,0,Yes,No,0,Yes,Yes,Fiber optic,No,Yes,No,No,No,No,Month-to-month,No,Electronic check,65.93,64.01,Yes
C00912,Female,42.0,0,No,No,3,Yes,Yes,No,No internet service,No internet service,No internet service,No internet service,No internet service,No internet service,One year,No,Credit card,29.71,82.29,No
C01628,Male,19.0,0,No,No,16,Yes,No,Fiber optic,No,No,No,No,No,No,Month-to-month,No,Electronic check,45.87,727.33,Yes
C03908,Male,38.0,0,No,No,39,Yes,No,No,No internet service,No internet service,No internet service,No internet service,No internet service,No internet service,Month-to-month,No,Electronic check,27.15,1033.05,No
C03879,Male,44.0,0,No,No,43,Yes,Yes,Fiber optic,Yes,No,No,No,No,Yes,One year,Yes,Credit card,67.16,2705.94,No
C01781,Male,18.0,0,No,No,29,Yes,No,No,No internet service,No internet service,No internet service,No internet service,No internet service,No internet service,Month-to-month,No,Credit card,27.15,775.9,No
C04334,Female,66.0,1,Yes,Yes,19,Yes,Yes,DSL,No,No,No,No,No,Yes,Month-to-month,Yes,Bank transfer,60.25,1079.9,No
C06919,Male,42.0,0,Yes,No,62,Yes,No,DSL,No,Yes,Yes,No,No,No,One year,Yes,Electronic check,40.41,2665.61,No
C02848,Female,73.0,1,No,No,41,Yes,No,Fiber optic,Yes,Yes,No,No,No,No,Month-to-month,Yes,Electronic check,62.05,2460.52,Yes
C07095,Male,47.0,0,Yes,No,30,Yes,Yes,No,No internet service,No internet service,No internet service,No internet service,No internet service,No internet service,Month-to-month,Yes,Electronic check,36.6,1190.07,No
C06987,Male,23.0,0,No,No,24,Yes,No,Fiber optic,Yes,No,No,No,Yes,No,Month-to-month,Yes,Electronic check,73.95,2175.3,No
C05110,Male,60.0,0,Yes,No,31,Yes,No,Fiber optic,Yes,Yes,No,No,No,No,Month-to-month,Yes,Bank transfer,74.98,2461.84,No
C06136,Male,58.0,0,Yes,Yes,63,Yes,No,No,No internet service,No internet service,No internet service,No internet service,No internet service,No internet service,Two year,Yes,Electronic check,25.3,1668.51,No
C00174,Female,24.0,0,No,No,42,Yes,No,DSL,No,No,Yes,No,Yes,No,Month-to-month,Yes,Electronic check,43.69,1620.32,Yes
C04693,Female,42.0,0,Yes,Yes,26,Yes,Yes,Fiber optic,Yes,No,Yes,No,Yes,No,Month-to-month,Yes,Mailed check,71.36,2137.77,Yes
C01232,Male,25.0,0,No,No,12,Yes,No,DSL,No,No,No,No,No,Yes,Two year,Yes,Electronic check,45.25,615.29,No
C06900,Male,27.0,0,Yes,No,38,Yes,No,Fiber optic,Yes,No,Yes,No,No,No,One year,No,Electronic check,56.82,2004.39,No
C00996,Male,62.0,0,Yes,Yes,15,Yes,No,DSL,No,No,Yes,Yes,No,Yes,Month-to-month,No,Mailed check,60.0,1121.32,Yes
C03942,Male,38.0,0,No,No,43,Yes,Yes,Fiber optic,No,No,Yes,Yes,No,No,Month-to-month,No,Electronic check,67.05,3098.03,No
C01427,Male,37.0,0,Yes,Yes,33,Yes,Yes,No,No internet service,No internet service,No internet service,No internet service,No internet service,No internet service,Month-to-month,No,Electronic check,32.74,1181.69,No
C06770,Male,69.0,1,No,Yes,10,Yes,Yes,Fiber optic,No,Yes,Yes,Yes,Yes,No,Month-to-month,No,Bank transfer,80.58,771.42,No
C02187,Female,75.0,1,No,Yes,20,Yes,No,DSL,No,No,Yes,Yes,Yes,No,Month-to-month,Yes,Credit card,55.36,1273.12,No
C05815,Male,58.0,0,Yes,No,0,Yes,Yes,Fiber optic,No,Yes,Yes,Yes,Yes,Yes,Month-to-month,Yes,Credit card,87.08,151.25,No
C02076,Female,42.0,0,No,No,30,No,No phone service,Fiber optic,No,No,No,No,No,No,Month-to-month,Yes,Electronic check,49.34,1757.11,Yes
C05269,Male,53.0,0,Yes,Yes,17,Yes,No,Fiber optic,Yes,No,Yes,Yes,No,No,Month-to-month,No,Electronic check,68.46,1219.51,No
C04287,Male,34.0,0,Yes,No,1,Yes,Yes,No,No internet service,No internet service,No internet service,No internet service,No internet service,No internet service,Month-to-month,Yes,Electronic check,34.9,32.53,No
C00562,Male,48.0,0,Yes,No,50,Yes,No,No,No internet service,No internet service,No internet service,No internet service,No internet service,No internet service,Two year,Yes,Mailed check,24.03,1493.02,No
C05793,Female,33.0,0,No,Yes,63,No,No phone service,DSL,No,Yes,Yes,No,Yes,Yes,Two year,Yes,Electronic check,57.71,3950.56,No
C05251,Male,37.0,0,Yes,No,28,Yes,No,DSL,No,Yes,No,Yes,No,No,Two year,Yes,Electronic check,43.31,1107.04,No
C03883,Female,36.0,0,Yes,No,27,No,No phone service,No,No internet service,No internet service,No internet service,No internet service,No internet service,No internet service,One year,Yes,Electronic check,20.55,603.33,No
C01057,Female,18.0,0,No,No,17,Yes,Yes,DSL,Yes,No,No,No,No,No,One year,Yes,Credit card,51.2,842.97,No
C05159,Male,51.0,0,Yes,Yes,30,Yes,Yes,DSL,No,No,No,No,No,Yes,One year,Yes,Mailed check,56.28,1711.6,No
C01031,Male,58.0,0,Yes,No,67,Yes,No,DSL,No,Yes,No,Yes,Yes,Yes,Two year,No,Mailed check,62.51,4469.72,No
C03362,Male,67.0,1,No,Yes,30,Yes,Yes,Fiber optic,No,No,No,Yes,Yes,No,Month-to-month,No,Electronic check,68.89,2144.12,Yes
C06733,Male,53.0,0,Yes,No,31,No,No phone service,DSL,Yes,Yes,Yes,Yes,No,No,Month-to-month,No,Bank transfer,57.44,1963.63,No
C03864,Male,59.0,0,Yes,No,22,Yes,No,Fiber optic,Yes,No,No,Yes,No,No,Month-to-month,Yes,Electronic check,67.93,1524.23,No
C01674,Male,21.0,0,No,No,13,Yes,No,Fiber optic,No,Yes,No,Yes,No,No,Month-to-month,Yes,Electronic check,61.67,766.43,No
C02355,Female,61.0,0,No,No,7,Yes,Yes,Fiber optic,No,No,No,No,No,No,Month-to-month,No,Bank transfer,58.52,477.58,Yes
C06270,Female,27.0,0,No,No,10,Yes,No,No,No internet service,No internet service,No internet service,No internet service,No internet service,No internet service,Month-to-month,Yes,Electronic check,18.0,655.1800000000001,No
C07112,Female,61.0,0,Yes,Yes,0,Yes,No,Fiber optic,No,No,No,No,No,No,Month-to-month,No,Electronic check,56.95,81.29,Yes
C03685,Female,30.0,0,Yes,No,41,Yes,No,Fiber optic,No,Yes,No,No,Yes,No,One year,No,Mailed check,68.05,2987.52,No
C00597,Male,52.0,0,No,Yes,13,Yes,No,DSL,No,No,No,No,No,Yes,Month-to-month,Yes,Bank transfer,52.17,710.7,No
C02056,Female,39.0,0,Yes,Yes,40,No,No phone service,No,No internet service,No internet service,No internet service,No internet service,No internet service,No internet service,One year,No,Credit card,18.0,770.64,No
C06891,Female,31.0,0,No,No,41,Yes,Yes,DSL,No,No,No,No,No,Yes,One year,No,Electronic check,45.93,1879.45,No
C04479,Female,73.0,1,No,No,26,Yes,No,DSL,Yes,No,No,No,No,Yes,Two year,Yes,Bank transfer,59.4,1618.09,No
C04075,Female,35.0,0,No,No,31,Yes,No,Fiber optic,No,No,No,No,No,No,One year,No,Electronic check,51.82,1765.94,No
C00721,Male,27.0,0,No,No,29,Yes,No,Fiber optic,No,No,Yes,Yes,No,No,Month-to-month,Yes,Mailed check,74.51,2087.28,Yes
C03481,Male,22.0,0,No,No,72,Yes,Yes,Fiber optic,Yes,No,No,No,No,No,Two year,Yes,Electronic check,68.24,5700.05,No
C06204,Female,48.0,0,Yes,No,0,Yes,No,DSL,No,Yes,Yes,No,Yes,No,Month-to-month,Yes,Credit card,59.48,89.85,Yes
C06821,Male,22.0,0,Yes,No,0,Yes,No,DSL,Yes,No,No,No,Yes,No,Month-to-month,No,Mailed check,59.26,94.97,No
C06019,Male,35.0,0,Yes,No,38,Yes,Yes,DSL,No,Yes,No,No,No,Yes,One year,Yes,Bank transfer,62.7,2063.15,No
C02450,Female,18.0,0,No,No,43,Yes,Yes,Fiber optic,No,No,Yes,No,No,No,One year,Yes,Electronic check,67.81,2762.28,No
C06634,Female,50.0,0,No,No,28,Yes,No,DSL,Yes,Yes,Yes,No,No,Yes,Two year,No,Mailed check,64.39,1804.86,No
C01047,Male,80.0,1,Yes,Yes,38,Yes,No,No,No internet service,No internet service,No internet service,No internet service,No internet service,No internet service,Month-to-month,No,Electronic check,18.28,711.34,No
C05160,Female,46.0,0,No,No,4,No,No phone service,Fiber optic,No,Yes,No,No,Yes,Yes,One year,Yes,Credit card,65.08,259.16,No
C00869,Female,36.0,0,No,No,25,Yes,No,DSL,No,No,Yes,Yes,No,Yes,Month-to-month,Yes,Electronic check,59.53,1694.69,Yes
C05926,Female,47.0,0,No,No,39,Yes,No,Fiber optic,No,No,No,No,No,Yes,Month-to-month,Yes,Mailed check,65.13,2842.8,No
C04136,Female,63.0,0,Yes,No,38,Yes,No,Fiber optic,No,No,No,No,No,Yes,Month-to-month,Yes,Mailed check,55.08,2553.05,No
C02724,Male,59.0,0,No,No,40,Yes,Yes,Fiber optic,No,Yes,No,Yes,Yes,Yes,One year,No,Bank transfer,84.01,3306.94,No
C07232,Female,37.0,0,No,No,53,Yes,No,No,No internet service,No internet service,No internet service,No internet service,No internet service,No internet service,Month-to-month,Yes,Electronic check,25.87,1644.51,No
C03472,Male,32.0,0,No,Yes,6,Yes,No,No,No internet service,No internet service,No internet service,No internet service,No internet service,No internet service,One year,Yes,Electronic check,24.76,296.11,No
C00703,Male,53.0,0,Yes,No,36,Yes,Yes,DSL,No,No,No,Yes,No,No,Month-to-month,Yes,Bank transfer,53.78,1698.3,No
C03916,Male,62.0,0,Yes,No,23,Yes,Yes,Fiber optic,No,Yes,No,No,Yes,No,Month-to-month,No,Bank transfer,63.78,1667.8,No
C05093,Male,51.0,0,No,No,56,Yes,Yes,No,No internet service,No internet service,No internet service,No internet service,No internet service,No internet service,One year,No,Credit card,36.79,2157.38,No
C01241,Female,46.0,0,No,No,63,Yes,No,No,No internet service,No internet service,No internet service,No internet service,No internet service,No internet service,One year,No,Mailed check,30.25,2071.02,No
C01969,Female,38.0,0,Yes,Yes,37,Yes,No,No,No internet service,No internet service,No internet service,No internet service,No internet service,No internet service,One year,Yes,Electronic check,28.12,2380.09,No
C04599,Female,45.0,0,Yes,No,9,Yes,Yes,Fiber optic,No,No,Yes,Yes,No,Yes,One year,No,Credit card,75.01,622.36,No
C04913,Female,63.0,0,Yes,Yes,28,Yes,Yes,Fiber optic,No,No,No,No,Yes,No,Month-to-month,No,Electronic check,51.98,1409.75,No
C00945,Female,44.0,0,Yes,No,51,Yes,No,DSL,Yes,Yes,No,No,No,Yes,Month-to-month,Yes,Electronic check,58.84,2825.81,No
C04745,Female,59.0,0,Yes,No,15,No,No phone service,No,No internet service,No internet service,No internet service,No internet service,No internet service,No internet service,Month-to-month,No,Mailed check,18.48,238.57,No
C01705,Male,30.0,0,No,No,55,Yes,No,Fiber optic,No,No,Yes,Yes,No,Yes,Two year,Yes,Electronic check,75.56,4049.38,No
C00335,Female,30.0,0,No,No,47,Yes,Yes,DSL,Yes,No,No,No,Yes,No,Two year,Yes,Bank transfer,55.71,3159.77,No
C04094,Female,58.0,0,No,Yes,15,Yes,No,DSL,Yes,Yes,No,No,Yes,No,Month-to-month,Yes,Bank transfer,54.99,1081.68,No
C01421,Female,37.0,0,No,No,25,Yes,No,Fiber optic,No,No,Yes,No,No,No,One year,Yes,Mailed check,65.08,1464.69,Yes
C01332,Male,51.0,0,No,No,72,Yes,No,No,No internet service,No internet service,No internet service,No internet service,No internet service,No internet service,Two year,Yes,Mailed check,39.43,3139.06,No
C02264,Male,47.0,0,No,No,72,Yes,Yes,Fiber optic,Yes,No,No,Yes,Yes,No,Two year,Yes,Bank transfer,83.93,6856.48,No
C06601,Male,18.0,0,No,No,3,Yes,No,Fiber optic,No,No,Yes,No,Yes,No,Month-to-month,Yes,Electronic check,68.57,270.67,Yes
C07169,Female,40.0,0,No,No,32,Yes,Yes,Fiber optic,Yes,Yes,No,Yes,No,No,Month-to-month,Yes,Electronic check,72.61,2570.94,No
C03531,Female,57.0,0,No,No,5,Yes,No,Fiber optic,No,Yes,No,No,No,Yes,Month-to-month,Yes,Credit card,72.48,567.6,No
C05662,Female,42.0,0,No,No,42,Yes,No,Fiber optic,No,No,Yes,No,No,No,Two year,Yes,Bank transfer,56.34,2587.47,No
C05149,Male,35.0,0,No,Yes,61,Yes,Yes,Fiber optic,No,No,Yes,No,No,No,Two year,Yes,Bank transfer,63.55,3878.5,No
C00154,Male,38.0,0,No,No,46,Yes,No,No,No internet service,No internet service,No internet service,No internet service,No internet service,No internet service,Two year,Yes,Bank transfer,32.22,1653.03,No
C03417,Female,18.0,0,No,No,5,Yes,Yes,Fiber optic,No,No,No,No,No,No,Month-to-month,Yes,Credit card,63.48,312.01,Yes
C06941,Female,56.0,0,Yes,No,19,Yes,Yes,DSL,No,No,Yes,No,No,No,Two year,No,Credit card,50.76,1013.96,No
C05198,Female,38.0,0,No,No,21,Yes,Yes,No,No internet service,No internet service,No internet service,No internet service,No internet service,No internet service,Month-to-month,Yes,Credit card,27.2,734.59,No
C00439,Male,54.0,0,Yes,No,30,Yes,Yes,Fiber optic,No,No,Yes,Yes,No,Yes,Month-to-month,Yes,Bank transfer,82.14,2369.5,Yes
C03299,Female,26.0,0,No,No,48,Yes,Yes,Fiber optic,No,No,No,No,No,No,Two year,No,Credit card,57.74,2743.52,No
C06600,Female,19.0,0,Yes,No,37,Yes,No,Fiber optic,No,No,Yes,No,No,Yes,Month-to-month,No,Bank transfer,61.0,2393.93,No
C02982,Male,43.0,0,No,No,40,Yes,No,Fiber optic,No,Yes,Yes,No,No,No,One year,Yes,Credit card,71.56,3181.48,No
C03095,Male,30.0,0,No,No,26,Yes,Yes,DSL,No,No,No,No,No,No,Month-to-month,No,Bank transfer,41.97,980.29,No
C06704,Female,45.0,0,Yes,No,0,Yes,No,Fiber optic,Yes,No,Yes,No,Yes,Yes,Month-to-month,No,Credit card,82.29,104.28,No
C03856,Male,44.0,0,No,No,22,Yes,No,Fiber optic,No,No,Yes,No,No,No,Month-to-month,No,Bank transfer,60.15,1296.77,No
C03479,Female,32.0,0,No,No,4,No,No phone service,DSL,No,No,Yes,Yes,Yes,No,Month-to-month,No,Mailed check,42.47,210.15,No
C07199,Male,18.0,0,Yes,No,17,Yes,No,Fiber optic,No,Yes,No,Yes,Yes,No,Month-to-month,Yes,Electronic check,79.96,1644.69,Yes
C03433,Female,46.0,0,No,No,43,No,No phone service,DSL,No,Yes,Yes,Yes,No,Yes,Month-to-month,Yes,Credit card,62.29,2793.62,No
C02976,Male,19.0,0,Yes,No,52,Yes,Yes,No,No internet service,No internet service,No internet service,No internet service,No internet service,No internet service,Month-to-month,No,Electronic check,24.46,1489.71,No
C06558,Female,29.0,0,Yes,No,29,Yes,No,Fiber optic,No,No,Yes,No,No,Yes,Month-to-month,No,Credit card,74.14,1835.3,No
C05175,Male,37.0,0,Yes,No,59,Yes,No,No,No internet service,No internet service,No internet service,No internet service,No internet service,No internet service,Two year,No,Credit card,26.97,1504.54,No
C04393,Male,58.0,0,No,No,45,Yes,No,DSL,No,No,No,No,No,Yes,One year,Yes,Electronic check,55.92,2569.7,Yes
C03123,Male,43.0,0,No,No,39,Yes,Yes,DSL,Yes,Yes,No,No,No,No,Two year,Yes,Bank transfer,66.0,2534.67,No
C05654,Male,47.0,0,No,No,46,Yes,No,Fiber optic,No,No,Yes,No,No,Yes,Month-to-month,No,Bank transfer,61.57,2653.18,Yes
C06797,Male,44.0,0,Yes,No,49,No,No phone service,Fiber optic,Yes,Yes,No,Yes,No,Yes,Two year,No,Electronic check,66.2,3312.56,No
C04705,Female,76.0,1,Yes,Yes,17,Yes,Yes,Fiber optic,No,No,Yes,No,Yes,No,Two year,Yes,Mailed check,81.46,1311.85,No
C04650,Female,36.0,0,No,No,0,Yes,No,DSL,No,Yes,No,No,No,No,One year,No,Electronic check,43.56,78.49,No
C05126,Female,52.0,0,No,No,44,Yes,No,Fiber optic,Yes,Yes,No,Yes,Yes,Yes,Two year,No,Mailed check,80.22,3702.95,No
C02369,Male,18.0,0,Yes,No,28,No,No phone service,Fiber optic,No,No,Yes,Yes,No,No,Month-to-month,Yes,Electronic check,56.72,1529.32,No
C02974,Male,53.0,0,No,No,17,Yes,Yes,Fiber optic,No,Yes,Yes,Yes,No,No,Month-to-month,Yes,Bank transfer,62.76,1337.73,Yes
C05565,Female,44.0,0,No,No,41,Yes,No,DSL,No,No,No,No,Yes,No,Two year,No,Electronic check,51.95,2583.32,No
C05983,Male,43.0,0,No,No,40,Yes,Yes,Fiber optic,No,No,No,No,No,No,One year,Yes,Electronic check,61.49,2557.58,No
C01043,Female,48.0,0,Yes,No,20,No,No phone service,Fiber optic,Yes,No,No,No,No,Yes,One year,No,Mailed check,59.98,1283.4850000000001,No
C05328,Female,51.0,0,No,No,46,No,No phone service,DSL,Yes,No,Yes,No,No,Yes,Two year,Yes,Electronic check,50.52,2472.75,No
C01450,Male,26.0,0,No,No,11,Yes,Yes,Fiber optic,No,No,Yes,No,Yes,No,Month-to-month,Yes,Bank transfer,72.41,871.94,Yes
C05047,Male,18.0,0,Yes,No,11,Yes,Yes,Fiber optic,Yes,No,No,No,No,No,Month-to-month,No,Credit card,63.06,835.25,No
C01967,Female,41.0,0,Yes,No,14,Yes,No,DSL,No,No,Yes,Yes,No,No,Month-to-month,Yes,Mailed check,51.27,832.25,No
C00218,Male,63.0,0,No,No,37,Yes,Yes,Fiber optic,Yes,No,No,Yes,Yes,Yes,Month-to-month,Yes,Mailed check,88.82,3236.25,Yes
C05874,Male,61.0,0,No,No,72,Yes,Yes,No,No internet service,No internet service,No internet service,No internet service,No internet service,No internet service,Two year,No,Mailed check,25.18,1520.2,No
C03611,Male,32.0,0,No,No,5,Yes,Yes,Fiber optic,No,Yes,No,No,No,Yes,Month-to-month,No,Bank transfer,76.57,343.64,Yes
C03992,Female,53.0,0,Yes,No,26,Yes,Yes,Fiber optic,No,Yes,No,No,No,Yes,Month-to-month,Yes,Mailed check,84.21,2370.18,Yes
C00839,Female,45.0,0,No,No,48,Yes,Yes,Fiber optic,No,Yes,No,Yes,No,Yes,Two year,Yes,Mailed check,72.44,3172.73,No
C04802,Female,48.0,0,No,No,12,Yes,Yes,Fiber optic,Yes,No,No,No,Yes,No,Month-to-month,No,Electronic check,70.37,971.05,Yes
C00919,Female,32.0,0,No,Yes,67,Yes,Yes,DSL,Yes,No,No,No,Yes,Yes,Two year,No,Credit card,67.16,4362.0,No
C06694,Male,32.0,0,No,No,0,No,No phone service,Fiber optic,Yes,Yes,No,No,No,No,Month-to-month,No,Bank transfer,69.57,123.46,No
C00934,Male,51.0,0,No,No,9,Yes,No,Fiber optic,No,Yes,No,Yes,Yes,Yes,Month-to-month,No,Mailed check,72.06,751.82,No
C02700,Female,24.0,0,No,No,33,Yes,No,DSL,No,No,No,Yes,No,Yes,One year,No,Electronic check,46.57,1417.33,No
C04066,Male,34.0,0,No,Yes,22,Yes,Yes,Fiber optic,No,Yes,No,No,Yes,No,Month-to-month,Yes,Electronic check,72.56,1674.96,No
C02274,Female,56.0,0,Yes,No,14,Yes,Yes,No,No internet service,No internet service,No internet service,No internet service,No internet service,No internet service,Month-to-month,No,Electronic check,26.34,373.4,No
C03212,Female,55.0,0,No,Yes,64,Yes,No,No,No internet service,No internet service,No internet service,No internet service,No internet service,No internet service,One year,No,Electronic check,18.02,1130.6,No
C07247,Female,26.0,0,Yes,No,46,Yes,Yes,DSL,Yes,No,No,No,No,No,One year,No,Bank transfer,52.83,2102.28,No
C06232,Male,42.0,0,Yes,No,17,Yes,Yes,Fiber optic,No,Yes,No,No,No,No,Month-to-month,Yes,Credit card,67.13,1277.0,No
C01604,Female,32.0,0,No,No,32,Yes,Yes,No,No internet service,No internet service,No internet service,No internet service,No internet service,No internet service,Month-to-month,Yes,Electronic check,23.86,856.07,No
C04584,Female,36.0,0,No,No,6,Yes,Yes,DSL,No,No,No,No,Yes,Yes,Month-to-month,No,Electronic check,61.0,484.41,Yes
C03909,Male,46.0,0,Yes,Yes,26,Yes,No,DSL,Yes,Yes,Yes,Yes,Yes,Yes,One year,No,Credit card,77.5,2234.38,No
C05794,Female,61.0,0,No,No,51,Yes,Yes,Fiber optic,No,No,No,No,Yes,No,One year,Yes,Mailed check,70.19,3701.35,No
C01279,Male,43.0,0,Yes,Yes,49,Yes,Yes,DSL,Yes,No,Yes,No,Yes,Yes,Month-to-month,No,Credit card,67.49,3149.15,No
C04487,Female,52.0,0,No,No,3,Yes,No,Fiber optic,Yes,Yes,No,No,No,No,Month-to-month,Yes,Credit card,59.43,226.69,No
C02378,Female,25.0,0,No,No,20,Yes,No,No,No internet service,No internet service,No internet service,No internet service,No internet service,No internet service,Month-to-month,Yes,Electronic check,27.77,640.37,No
C07152,Male,36.0,0,Yes,No,10,Yes,Yes,DSL,No,Yes,No,Yes,Yes,No,One year,Yes,Bank transfer,62.56,745.54,No
C00601,Female,56.0,0,Yes,No,51,Yes,No,Fiber optic,No,No,Yes,No,Yes,Yes,One year,Yes,Electronic check,69.73,3860.5,No
C05840,Male,45.0,0,No,No,65,Yes,No,Fiber optic,No,Yes,No,No,No,No,Two year,Yes,Mailed check,60.88,4150.17,No
C01899,Female,36.0,0,Yes,No,26,Yes,Yes,Fiber optic,No,No,Yes,No,No,No,One year,Yes,Mailed check,64.22,1686.94,No
C01823,Female,61.0,0,No,No,44,Yes,Yes,DSL,No,No,No,No,Yes,Yes,Two year,No,Mailed check,56.92,2506.68,No
C01531,Female,28.0,0,No,No,46,Yes,Yes,DSL,Yes,No,No,Yes,No,Yes,Month-to-month,Yes,Mailed check,66.15,3415.7,No
C05515,Male,60.0,0,No,No,23,Yes,No,Fiber optic,Yes,No,No,No,No,Yes,Two year,Yes,Bank transfer,66.05,1510.72,Yes
C02791,Female,51.0,0,No,No,36,Yes,No,Fiber optic,Yes,Yes,Yes,No,No,No,Month-to-month,Yes,Electronic check,62.12,2336.05,No
C00634,Male,38.0,0,No,Yes,9,Yes,No,DSL,Yes,Yes,Yes,No,Yes,Yes,Month-to-month,No,Electronic check,63.74,550.89,No
C01797,Male,53.0,0,Yes,Yes,41,Yes,No,DSL,No,Yes,No,No,No,Yes,Month-to-month,Yes,Electronic check,49.72,2210.11,Yes
C00150,Male,28.0,0,No,No,41,No,No phone service,Fiber optic,No,Yes,No,No,Yes,Yes,Month-to-month,Yes,Electronic check,83.15,3105.26,Yes
C04382,Male,33.0,0,No,No,63,Yes,No,DSL,Yes,No,No,No,No,No,Month-to-month,Yes,Bank transfer,39.03,2790.65,No
C01324,Female,51.0,0,No,No,41,Yes,No,DSL,No,Yes,Yes,No,No,Yes,Two year,Yes,Mailed check,57.63,2839.98,No
C00975,Female,50.0,0,Yes,No,5,Yes,Yes,DSL,No,No,Yes,No,No,No,Month-to-month,Yes,Credit card,53.19,398.32,No
C04651,Male,56.0,0,No,No,27,Yes,Yes,DSL,No,Yes,No,No,No,Yes,One year,No,Electronic check,44.77,1374.59,Yes
C02191,Female,52.0,0,Yes,Yes,0,Yes,Yes,Fiber optic,Yes,No,Yes,No,No,No,Month-to-month,No,Electronic check,66.62,91.47,Yes
C04476,Female,30.0,0,Yes,No,16,Yes,Yes,DSL,No,No,Yes,Yes,No,No,Month-to-month,Yes,Electronic check,58.12,1025.2,No
C06394,Male,52.0,0,No,No,8,No,No phone service,DSL,No,Yes,Yes,No,No,Yes,Month-to-month,No,Electronic check,48.17,503.84,No
C04257,Male,60.0,0,No,No,42,Yes,No,Fiber optic,Yes,Yes,No,No,No,Yes,Month-to-month,Yes,Electronic check,67.52,2814.01,No
C04711,Female,53.0,0,Yes,No,59,Yes,No,DSL,No,Yes,No,Yes,No,No,Two year,Yes,Credit card,56.85,3039.95,No
C07216,Male,31.0,0,No,No,29,Yes,No,No,No internet service,No internet service,No internet service,No internet service,No internet service,No internet service,One year,No,Bank transfer,24.25,798.67,No
C01960,Male,45.0,0,Yes,No,23,Yes,No,Fiber optic,Yes,No,No,No,No,No,Month-to-month,No,Electronic check,59.69,1441.04,No
C07213,Male,26.0,0,Yes,No,0,Yes,No,Fiber optic,Yes,Yes,No,Yes,Yes,Yes,Month-to-month,No,Electronic check,88.8,40.18,Yes
C04106,Female,21.0,0,No,No,0,Yes,No,No,No internet service,No internet service,No internet service,No internet service,No internet service,No internet service,Month-to-month,Yes,Mailed check,22.21,96.63,No
C02154,Male,19.0,0,No,No,1,Yes,Yes,Fiber optic,No,No,No,No,No,No,Month-to-month,Yes,Electronic check,63.17,98.5,Yes
C04182,Female,46.0,0,Yes,No,44,No,No phone service,Fiber optic,No,Yes,No,No,No,No,Month-to-month,Yes,Electronic check,45.34,2133.94,No
C05835,Female,27.0,0,Yes,No,38,Yes,Yes,DSL,No,No,No,No,Yes,No,Month-to-month,Yes,Electronic check,59.5,2049.08,Yes
C02485,Female,18.0,0,No,No,28,Yes,No,No,No internet service,No internet service,No internet service,No internet service,No internet service,No internet service,Month-to-month,Yes,Electronic check,28.16,929.81,No
C01193,Male,73.0,1,No,No,11,No,No phone service,Fiber optic,No,No,No,No,Yes,No,Month-to-month,No,Bank transfer,61.42,715.1,Yes
C00873,Male,18.0,0,No,Yes,31,Yes,Yes,DSL,No,No,No,Yes,No,No,Month-to-month,No,Credit card,54.02,1610.63,No
C00915,Female,46.0,0,No,No,19,Yes,Yes,No,No internet service,No internet service,No internet service,No internet service,No internet service,No internet service,Month-to-month,Yes,Bank transfer,39.4,902.86,No
C03279,Female,18.0,0,No,No,29,Yes,No,No,No internet service,No internet service,No internet service,No internet service,No internet service,No internet service,Month-to-month,Yes,Electronic check,34.62,1050.12,No
C00635,Female,28.0,0,No,No,37,Yes,Yes,DSL,No,No,No,No,Yes,Yes,Two year,Yes,Electronic check,70.17,2577.04,No
C00259,Male,52.0,0,Yes,No,20,Yes,No,DSL,Yes,Yes,No,Yes,No,No,Two year,Yes,Electronic check,68.52,1427.99,No
C00387,Female,28.0,0,No,No,40,No,No phone service,Fiber optic,No,No,No,Yes,Yes,No,One year,No,Electronic check,58.47,2320.67,Yes
C03975,Male,32.0,0,No,No,40,Yes,Yes,DSL,No,Yes,No,No,Yes,No,Month-to-month,No,Bank transfer,57.31,2165.01,Yes
C05487,Male,48.0,0,Yes,No,35,Yes,Yes,Fiber optic,Yes,No,Yes,No,No,Yes,Month-to-month,Yes,Credit card,92.47,2888.65,Yes
C05239,Male,41.0,0,No,No,34,No,No phone service,Fiber optic,Yes,Yes,No,No,No,Yes,Two year,Yes,Credit card,71.48,2620.9,No
C03529,Female,53.0,0,No,No,43,Yes,Yes,Fiber optic,Yes,No,No,Yes,No,No,One year,No,Electronic check,61.51,2681.36,No
C02341,Female,51.0,0,Yes,No,39,Yes,Yes,DSL,No,No,No,No,No,No,Two year,No,Bank transfer,42.47,1771.16,Yes
C00006,Male,36.0,0,Yes,No,72,Yes,No,Fiber optic,No,No,Yes,No,Yes,No,Two year,Yes,Electronic check,69.32,5314.96,No
C04752,Male,49.0,0,Yes,Yes,25,Yes,Yes,DSL,Yes,No,Yes,No,No,No,Month-to-month,Yes,Electronic check,47.02,1316.78,No
C03906,Female,31.0,0,No,No,25,Yes,No,Fiber optic,No,No,No,No,No,Yes,One year,Yes,Electronic check,69.42,1705.25,No
C05711,Female,67.0,1,Yes,No,0,Yes,No,DSL,Yes,No,No,Yes,Yes,No,Month-to-month,Yes,Electronic check,61.45,40.37,Yes
C03045,Male,47.0,0,Yes,No,14,Yes,Yes,No,No internet service,No internet service,No internet service,No internet service,No internet service,No internet service,Month-to-month,Yes,Electronic check,28.44,572.08,No
C06742,Male,51.0,0,No,Yes,35,No,No phone service,No,No internet service,No internet service,No internet service,No internet service,No internet service,No internet service,Month-to-month,Yes,Electronic check,22.82,929.1,No
C05354,Female,57.0,0,Yes,Yes,33,Yes,No,DSL,No,No,Yes,Yes,Yes,No,Two year,Yes,Credit card,66.53,2463.88,No
C02036,Female,38.0,0,Yes,No,30,Yes,Yes,Fiber optic,Yes,No,Yes,No,No,Yes,One year,No,Electronic check,79.59,2240.69,Yes
C00050,Female,73.0,1,Yes,Yes,11,Yes,No,DSL,Yes,No,No,No,Yes,Yes,One year,Yes,Mailed check,74.89,846.69,No
C04550,Male,64.0,0,Yes,No,26,Yes,Yes,DSL,No,No,Yes,No,No,No,Month-to-month,No,Mailed check,42.28,1173.06,No
C00462,Male,18.0,0,No,No,28,Yes,No,No,No internet service,No internet service,No internet service,No internet service,No internet service,No internet service,One year,No,Bank transfer,23.97,876.98,No
C05731,Male,57.0,0,No,No,5,Yes,No,No,No internet service,No internet service,No internet service,No internet service,No internet service,No internet service,Month-to-month,No,Bank transfer,20.74,241.13,No
C05822,Male,56.0,0,No,No,65,Yes,Yes,Fiber optic,Yes,Yes,No,No,No,Yes,One year,No,Credit card,81.0,6076.61,No
C01562,Female,63.0,0,Yes,No,26,Yes,No,DSL,No,No,Yes,No,No,Yes,One year,No,Mailed check,46.75,1393.72,No
C06416,Female,58.0,0,Yes,No,10,Yes,No,Fiber optic,No,No,No,No,No,No,Month-to-month,Yes,Bank transfer,56.65,706.18,No
C00204,Male,40.0,0,Yes,No,11,No,No phone service,No,No internet service,No internet service,No internet service,No internet service,No internet service,No internet service,Month-to-month,Yes,Credit card,19.93,239.29,No
C02379,Male,36.0,0,No,Yes,59,Yes,Yes,DSL,No,No,No,No,No,Yes,One year,Yes,Credit card,38.28,2359.11,No
C02231,Male,21.0,0,Yes,No,45,Yes,No,No,No internet service,No internet service,No internet service,No internet service,No internet service,No internet service,Two year,No,Electronic check,18.53,806.85,No
C01323,Male,70.0,1,No,No,27,No,No phone service,DSL,No,Yes,No,No,Yes,Yes,Month-to-month,Yes,Electronic check,59.03,1723.76,Yes
C05036,Male,36.0,0,No,No,33,Yes,No,DSL,No,Yes,No,No,Yes,Yes,One year,No,Mailed check,55.22,1791.66,No
C07126,Female,24.0,0,Yes,No,32,Yes,No,Fiber optic,Yes,No,No,Yes,Yes,No,One year,Yes,Electronic check,80.61,2944.47,No
C03784,Female,45.0,0,No,No,61,Yes,No,No,No internet service,No internet service,No internet service,No internet service,No internet service,No internet service,Two year,Yes,Bank transfer,25.81,1639.9,No
C02563,Male,45.0,0,Yes,Yes,23,Yes,Yes,DSL,No,Yes,Yes,No,Yes,Yes,Month-to-month,No,Bank transfer,61.65,1480.88,No
C04911,Female,40.0,0,No,No,0,Yes,Yes,Fiber optic,Yes,Yes,No,Yes,No,No,Month-to-month,Yes,Electronic check,82.91,23.65,No
C04080,Male,48.0,0,No,No,38,Yes,Yes,Fiber optic,No,No,No,Yes,Yes,Yes,One year,Yes,Mailed check,82.24,3114.09,No
C04817,Female,53.0,0,Yes,Yes,9,Yes,No,DSL,No,Yes,Yes,No,Yes,No,Month-to-month,Yes,Bank transfer,58.45,576.99,Yes
C04536,Male,43.0,0,No,No,24,Yes,No,DSL,No,No,No,Yes,Yes,Yes,One year,No,Mailed check,57.44,1348.44,No
C05434,Female,66.0,1,No,No,49,Yes,Yes,Fiber optic,No,No,No,No,Yes,Yes,Two year,Yes,Credit card,82.8,3805.25,No
C00950,Female,39.0,0,Yes,No,37,Yes,Yes,DSL,No,Yes,Yes,No,Yes,Yes,Two year,No,Credit card,67.82,2581.36,No
C00972,Female,18.0,0,No,No,19,Yes,No,Fiber optic,No,No,No,No,Yes,Yes,One year,No,Credit card,62.51,1358.29,No
C06258,Female,30.0,0,Yes,Yes,30,Yes,Yes,Fiber optic,Yes,No,Yes,No,No,Yes,Month-to-month,Yes,Credit card,74.29,2694.21,Yes
C01839,Male,40.0,0,No,No,0,No,No phone service,No,No internet service,No internet service,No internet service,No internet service,No internet service,No internet service,Month-to-month,No,Electronic check,22.01,123.32,No
C04189,Female,56.0,0,Yes,No,24,Yes,Yes,Fiber optic,No,No,Yes,No,No,Yes,Two year,Yes,Credit card,78.87,1556.16,Yes
C02221,Male,51.0,0,Yes,No,0,Yes,No,Fiber optic,No,Yes,No,No,No,No,Month-to-month,Yes,Credit card,56.59,120.54,No
C03499,Male,60.0,0,No,No,0,Yes,Yes,No,No internet service,No internet service,No internet service,No internet service,No internet service,No internet service,Month-to-month,No,Electronic check,28.56,116.28,Yes
C03076,Female,41.0,0,No,No,29,Yes,No,DSL,Yes,Yes,Yes,No,No,No,Month-to-month,Yes,Electronic check,44.77,1250.23,Yes
C02480,Female,46.0,0,No,No,22,Yes,Yes,Fiber optic,No,No,No,No,No,No,One year,No,Credit card,61.04,1161.22,Yes
C00765,Female,58.0,0,No,No,41,Yes,No,DSL,No,Yes,No,No,No,No,Two year,Yes,Bank transfer,51.6,2266.67,No
C02688,Female,49.0,0,Yes,No,33,Yes,No,DSL,Yes,No,No,No,Yes,No,Two year,Yes,Electronic check,51.99,1762.02,No
C03061,Female,37.0,0,No,No,65,Yes,Yes,DSL,No,Yes,Yes,Yes,Yes,Yes,One year,Yes,Electronic check,72.49,4167.07,No
C01734,Male,52.0,0,Yes,No,10,Yes,No,Fiber optic,No,No,No,Yes,Yes,Yes,Month-to-month,Yes,Bank transfer,73.35,843.58,No
C01201,Female,64.0,0,Yes,No,17,Yes,Yes,No,No internet service,No internet service,No internet service,No internet service,No internet service,No internet service,Month-to-month,No,Electronic check,24.1,539.41,Yes
C01425,Female,54.0,0,Yes,Yes,44,Yes,No,DSL,No,Yes,Yes,No,No,No,Two year,Yes,Electronic check,43.94,1909.23,Yes
C00190,Female,31.0,0,Yes,No,11,Yes,No,DSL,Yes,No,No,No,Yes,No,Month-to-month,Yes,Credit card,55.84,820.05,No
C04739,Male,45.0,0,No,No,33,No,No phone service,Fiber optic,No,Yes,Yes,Yes,Yes,No,Two year,Yes,Bank transfer,71.08,2376.19,No
C01602,Female,18.0,0,No,No,57,Yes,No,DSL,No,No,No,No,Yes,Yes,One year,No,Bank transfer,48.36,3146.8,No
C01444,Female,46.0,0,Yes,No,33,Yes,No,DSL,No,No,No,No,No,Yes,Two year,Yes,Bank transfer,46.77,1668.2,No
C05657,Female,33.0,0,No,No,57,Yes,No,Fiber optic,No,Yes,No,No,Yes,No,Month-to-month,Yes,Electronic check,74.03,4721.39,No
C01238,Male,30.0,0,No,No,16,Yes,No,DSL,No,No,No,No,No,No,Month-to-month,No,Electronic check,29.61,658.16,No
C01000,Female,36.0,0,Yes,Yes,22,No,No phone service,No,No internet service,No internet service,No internet service,No internet service,No internet service,No internet service,Month-to-month,No,Bank transfer,18.0,438.68,No
C06395,Female,24.0,0,No,No,0,Yes,No,DSL,No,No,No,Yes,No,No,Month-to-month,Yes,Bank transfer,49.37,65.42,Yes
C02050,Female,42.0,0,No,No,44,Yes,No,DSL,No,No,Yes,No,No,No,Month-to-month,No,Bank transfer,40.57,1740.14,No
C03945,Female,49.0,0,No,No,8,Yes,No,Fiber optic,No,No,Yes,No,Yes,No,Month-to-month,No,Credit card,61.22,588.07,No
C04214,Female,31.0,0,No,Yes,35,Yes,Yes,Fiber optic,Yes,No,Yes,No,No,Yes,Month-to-month,Yes,Electronic check,96.0,3185.39,Yes
C00809,Male,40.0,0,No,No,0,Yes,Yes,No,No internet service,No internet service,No internet service,No internet service,No internet service,No internet service,Month-to-month,No,Mailed check,23.33,85.76,No
C04003,Female,51.0,0,No,No,0,Yes,No,Fiber optic,Yes,Yes,No,No,Yes,Yes,Month-to-month,No,Electronic check,78.7,101.57,Yes
C04273,Male,18.0,0,Yes,No,48,Yes,No,Fiber optic,No,No,Yes,Yes,No,Yes,Month-to-month,No,Bank transfer,74.88,3590.56,No
C01004,Female,34.0,0,Yes,No,42,Yes,Yes,DSL,No,Yes,No,Yes,No,No,One year,Yes,Credit card,55.68,2526.95,No
C05096,Female,71.0,1,Yes,Yes,29,No,No phone service,DSL,No,No,No,No,Yes,Yes,Month-to-month,No,Electronic check,46.03,1586.35,No
C07025,Male,48.0,0,Yes,No,6,Yes,Yes,DSL,No,Yes,Yes,Yes,No,No,Month-to-month,Yes,Electronic check,66.21,529.28,No
C00137,Female,68.0,1,Yes,No,27,Yes,No,DSL,No,No,No,No,Yes,Yes,One year,No,Credit card,54.72,1612.69,No
C05550,Male,45.0,0,No,No,15,Yes,No,DSL,No,No,No,No,No,No,Month-to-month,No,Electronic check,46.09,776.88,Yes
C02863,Female,44.0,0,Yes,No,0,Yes,No,Fiber optic,No,Yes,Yes,No,No,Yes,Month-to-month,No,Mailed check,61.5,69.08,Yes
C01551,Female,24.0,0,No,No,33,No,No phone service,Fiber optic,No,Yes,No,Yes,Yes,No,Month-to-month,Yes,Bank transfer,70.35,2327.97,No
C02698,Male,51.0,0,No,No,28,No,No phone service,Fiber optic,Yes,No,No,Yes,No,No,Month-to-month,Yes,Credit card,58.12,1623.06,No
C06012,Female,44.0,0,No,No,24,Yes,No,DSL,Yes,No,No,No,No,No,Two year,Yes,Bank transfer,43.0,1110.57,No
C06183,Female,40.0,0,No,Yes,21,Yes,Yes,Fiber optic,No,No,No,Yes,Yes,No,Month-to-month,Yes,Bank transfer,78.83,1753.19,No
C06740,Male,41.0,0,No,No,30,Yes,No,DSL,No,No,Yes,Yes,Yes,No,Month-to-month,No,Electronic check,55.14,1899.59,No
C01962,Male,46.0,0,Yes,No,2,Yes,No,Fiber optic,No,Yes,No,Yes,No,No,Month-to-month,No,Electronic check,68.22,203.17,Yes
C03393,Male,18.0,0,No,No,0,No,No phone service,DSL,Yes,Yes,No,No,No,Yes,Month-to-month,No,Bank transfer,53.69,56.76,No
C01394,Male,24.0,0,No,No,29,Yes,No,Fiber optic,No,No,Yes,Yes,No,No,Two year,No,Electronic check,63.93,2035.48,No
C00241,Female,47.0,0,No,No,38,Yes,No,No,No internet service,No internet service,No internet service,No internet service,No internet service,No internet service,Two year,Yes,Electronic check,30.92,1111.51,No
C03183,Male,51.0,0,No,No,6,Yes,No,DSL,No,No,Yes,No,Yes,No,Month-to-month,No,Mailed check,51.43,305.68,Yes
C06966,Male,18.0,0,No,No,5,Yes,No,Fiber optic,Yes,No,No,Yes,Yes,Yes,Month-to-month,Yes,Mailed check,85.64,388.04,Yes
C06433,Male,28.0,0,Yes,Yes,4,No,No phone service,No,No internet service,No internet service,No internet service,No internet service,No internet service,No internet service,One year,No,Mailed check,18.0,141.5,No
C04607,Male,18.0,0,No,No,72,Yes,Yes,DSL,No,No,No,No,Yes,Yes,Two year,Yes,Credit card,67.23,5294.84,No
C05632,Male,30.0,0,Yes,No,48,Yes,No,Fiber optic,Yes,Yes,Yes,No,No,No,Two year,Yes,Bank transfer,76.53,4219.14,No
C01313,Male,42.0,0,Yes,No,27,No,No phone service,Fiber optic,Yes,No,No,Yes,Yes,Yes,One year,No,Bank transfer,73.44,1856.71,No
C06159,Female,23.0,0,No,No,72,Yes,No,Fiber optic,No,Yes,No,No,Yes,Yes,Two year,Yes,Electronic check,72.54,4986.57,No
C00169,Female,59.0,0,No,No,20,Yes,Yes,No,No internet service,No internet service,No internet service,No internet service,No internet service,No internet service,One year,No,Credit card,33.98,655.94,No
C06061,Female,54.0,0,Yes,No,15,Yes,No,DSL,No,Yes,Yes,No,Yes,No,Two year,Yes,Electronic check,49.04,681.54,No
C00719,Female,39.0,0,No,No,44,Yes,Yes,Fiber optic,No,Yes,Yes,Yes,Yes,No,Month-to-month,No,Electronic check,67.77,3311.51,No
C06839,Male,27.0,0,No,No,19,Yes,Yes,Fiber optic,No,No,No,Yes,No,No,One year,Yes,Mailed check,70.6,1525.68,No
C00019,Male,42.0,0,Yes,Yes,21,Yes,Yes,Fiber optic,No,Yes,Yes,No,No,Yes,Two year,Yes,Credit card,76.57,1814.14,No
C04674,Female,30.0,0,No,No,13,Yes,Yes,No,No internet service,No internet service,No internet service,No internet service,No internet service,No internet service,Month-to-month,No,Electronic check,39.26,547.35,No
C02824,Male,54.0,0,No,No,63,Yes,Yes,No,No internet service,No internet service,No internet service,No internet service,No internet service,No internet service,Two year,Yes,Bank transfer,40.0,2863.75,No
C02490,Female,47.0,0,No,No,64,Yes,No,DSL,No,Yes,No,Yes,Yes,No,Two year,No,Credit card,52.94,3269.62,No
C04050,Male,44.0,0,No,Yes,67,Yes,No,Fiber optic,No,No,No,No,Yes,Yes,Two year,No,Mailed check,68.11,4346.54,No
C06512,Female,58.0,0,No,No,16,Yes,No,Fiber optic,Yes,Yes,Yes,Yes,Yes,Yes,Month-to-month,No,Electronic check,86.87,1534.64,No
C06352,Male,39.0,0,Yes,Yes,28,Yes,Yes,Fiber optic,No,Yes,Yes,Yes,No,No,Month-to-month,No,Electronic check,73.79,2228.55,Yes
C02798,Male,34.0,0,Yes,No,18,Yes,No,DSL,Yes,No,Yes,Yes,No,No,One year,No,Electronic check,59.94,1286.78,No
C06594,Female,62.0,0,Yes,Yes,22,Yes,No,Fiber optic,No,No,Yes,Yes,No,No,Month-to-month,No,Electronic check,65.95,1405.13,Yes
C00762,Male,49.0,0,No,Yes,30,Yes,No,No,No internet service,No internet service,No internet service,No internet service,No internet service,No internet service,Month-to-month,Yes,Credit card,25.15,718.81,No
C02363,Male,61.0,0,Yes,Yes,38,Yes,Yes,Fiber optic,Yes,No,Yes,No,Yes,No,Month-to-month,Yes,Electronic check,80.71,2790.79,Yes
C02973,Male,33.0,0,Yes,No,53,Yes,No,Fiber optic,No,Yes,No,No,Yes,Yes,Two year,Yes,Credit card,80.24,4419.73,No
C04461,Male,35.0,0,No,No,21,Yes,No,Fiber optic,Yes,No,Yes,No,No,No,Month-to-month,Yes,Credit card,62.11,1331.68,No
C04768,Female,39.0,0,Yes,Yes,13,No,No phone service,DSL,No,No,No,No,Yes,No,Month-to-month,Yes,Electronic check,49.24,658.9,No
C03765,Female,32.0,0,No,No,67,Yes,Yes,No,No internet service,No internet service,No internet service,No internet service,No internet service,No internet service,One year,Yes,Credit card,37.59,2749.49,No
C04237,Female,38.0,0,Yes,No,17,No,No phone service,DSL,No,No,No,No,No,Yes,Month-to-month,Yes,Electronic check,41.14,876.37,No
C02615,Male,44.0,0,Yes,Yes,37,Yes,No,DSL,No,No,No,No,Yes,No,Month-to-month,No,Credit card,42.99,1562.22,No
C04346,Male,41.0,0,Yes,No,62,Yes,No,Fiber optic,No,No,Yes,No,Yes,No,One year,Yes,Electronic check,66.77,4263.09,No
C04657,Female,46.0,0,No,Yes,16,Yes,No,Fiber optic,No,No,Yes,Yes,Yes,Yes,Month-to-month,Yes,Mailed check,92.35,1554.76,Yes
C01234,Male,56.0,0,Yes,No,45,Yes,No,Fiber optic,Yes,Yes,No,Yes,No,No,One year,No,Electronic check,67.49,2967.95,No
C02330,Female,18.0,0,No,No,65,Yes,Yes,No,No internet service,No internet service,No internet service,No internet service,No internet service,No internet service,Two year,No,Electronic check,37.17,2645.0,No
C05674,Female,50.0,0,No,No,19,Yes,No,No,No internet service,No internet service,No internet service,No internet service,No internet service,No internet service,Month-to-month,No,Electronic check,18.0,441.73,Yes
C00302,Male,43.0,0,No,No,36,Yes,Yes,No,No internet service,No internet service,No internet service,No internet service,No internet service,No internet service,Month-to-month,No,Electronic check,27.62,895.46,No
C02261,Female,41.0,0,Yes,No,45,Yes,Yes,Fiber optic,No,No,Yes,Yes,No,No,One year,Yes,Credit card,69.31,3129.65,No
C02047,Female,68.0,1,Yes,No,22,Yes,No,Fiber optic,Yes,Yes,Yes,No,Yes,No,Month-to-month,Yes,Electronic check,62.18,1490.27,Yes
C01811,Female,39.0,0,No,No,7,Yes,No,Fiber optic,Yes,No,Yes,No,No,Yes,Month-to-month,No,Mailed check,78.79,768.26,Yes
C02807,Female,40.0,0,No,No,12,Yes,No,Fiber optic,No,No,No,No,Yes,No,Month-to-month,Yes,Bank transfer,67.08,922.4,Yes
C01993,Female,45.0,0,Yes,No,47,Yes,Yes,Fiber optic,No,Yes,Yes,Yes,No,No,One year,Yes,Electronic check,77.3,3639.04,No
C03888,Male,19.0,0,No,No,34,No,No phone service,DSL,No,No,No,No,No,Yes,One year,Yes,Credit card,43.58,1573.51,No
C04209,Female,39.0,0,No,No,26,Yes,No,Fiber optic,No,Yes,No,No,Yes,No,Month-to-month,No,Electronic check,66.08,1582.67,Yes
C07066,Male,28.0,0,Yes,No,2,Yes,Yes,Fiber optic,No,No,Yes,No,No,No,Month-to-month,No,Electronic check,70.82,187.8,Yes
C05771,Female,54.0,0,Yes,No,51,Yes,No,Fiber optic,No,No,No,No,No,Yes,One year,Yes,Electronic check,71.48,4072.38,Yes
C06488,Male,48.0,0,No,No,24,No,No phone service,DSL,No,No,No,No,No,No,Month-to-month,Yes,Bank transfer,35.77,864.68,No
C06784,Male,52.0,0,Yes,Yes,0,Yes,Yes,DSL,No,No,No,No,Yes,Yes,Month-to-month,Yes,Electronic check,59.79,105.81,No
C01895,Male,53.0,0,No,No,40,Yes,Yes,DSL,No,No,No,Yes,No,No,Two year,No,Electronic check,42.76,1957.48,No
C06795,Female,34.0,0,Yes,Yes,22,Yes,No,Fiber optic,No,Yes,Yes,No,Yes,Yes,Month-to-month,Yes,Mailed check,81.31,1761.62,No
C01735,Female,40.0,0,Yes,No,15,Yes,No,Fiber optic,No,No,Yes,No,No,No,Month-to-month,No,Electronic check,63.57,981.5,Yes
C02992,Male,49.0,0,No,No,30,Yes,No,Fiber optic,No,Yes,Yes,No,Yes,Yes,Two year,Yes,Electronic check,76.24,2463.92,Yes
C04046,Female,31.0,0,No,No,12,Yes,No,Fiber optic,Yes,No,Yes,No,No,Yes,Month-to-month,Yes,Electronic check,70.57,915.32,No
C01630,Female,27.0,0,No,No,8,Yes,No,Fiber optic,No,No,No,Yes,Yes,No,Month-to-month,No,Electronic check,69.45,532.84,No
C00412,Female,48.0,0,Yes,No,56,Yes,Yes,Fiber optic,No,Yes,No,No,Yes,No,Two year,Yes,Mailed check,75.2,4628.33,Yes
C01462,Male,29.0,0,No,No,57,Yes,No,DSL,No,No,No,Yes,No,No,Two year,Yes,Bank transfer,43.47,2008.75,No
C05716,Female,22.0,0,No,No,24,Yes,Yes,Fiber optic,Yes,No,No,No,No,Yes,Month-to-month,Yes,Electronic check,73.22,2010.78,Yes
C01006,Male,32.0,0,No,No,56,No,No phone service,Fiber optic,No,No,No,Yes,No,No,Month-to-month,Yes,Credit card,47.6,2800.8,No
C00883,Female,28.0,0,No,No,14,Yes,No,DSL,Yes,Yes,Yes,No,Yes,No,One year,No,Mailed check,59.5,851.96,No
C02502,Female,44.0,0,Yes,Yes,26,Yes,No,Fiber optic,No,No,No,No,No,Yes,Two year,Yes,Bank transfer,59.62,1598.75,No
C03371,Female,18.0,0,No,No,31,Yes,No,DSL,No,Yes,Yes,No,No,No,Month-to-month,Yes,Bank transfer,44.8,1265.59,No
C03345,Female,40.0,0,Yes,No,30,Yes,No,No,No internet service,No internet service,No internet service,No internet service,No internet service,No internet service,Month-to-month,Yes,Bank transfer,25.81,803.56,No
C06112,Male,55.0,0,No,Yes,52,Yes,Yes,No,No internet service,No internet service,No internet service,No internet service,No internet service,No internet service,Two year,Yes,Bank transfer,33.46,1610.23,No
C04617,Male,45.0,0,Yes,No,10,Yes,Yes,Fiber optic,No,Yes,Yes,Yes,No,No,Month-to-month,Yes,Credit card,86.05,960.97,Yes
C01704,Female,50.0,0,Yes,No,20,Yes,No,DSL,No,Yes,Yes,No,Yes,Yes,Month-to-month,No,Mailed check,65.63,1481.45,No
C04245,Male,26.0,0,No,No,11,Yes,No,DSL,No,Yes,Yes,No,Yes,Yes,Month-to-month,No,Bank transfer,58.37,825.2,No
C05945,Female,47.0,0,Yes,Yes,30,Yes,No,DSL,No,No,No,No,Yes,No,Month-to-month,No,Electronic check,56.89,1908.85,Yes
C01944,Female,76.0,1,Yes,No,18,Yes,No,DSL,Yes,Yes,No,No,Yes,No,Month-to-month,Yes,Electronic check,52.41,1105.81,No
C02690,Male,76.0,1,Yes,No,2,Yes,Yes,DSL,No,Yes,Yes,No,No,No,Month-to-month,No,Credit card,57.16,208.09,Yes
C04444,Female,19.0,0,No,No,12,Yes,No,No,No internet service,No internet service,No internet service,No internet service,No internet service,No internet service,Month-to-month,No,Credit card,30.32,426.08,No
C02750,Female,43.0,0,Yes,Yes,67,Yes,Yes,Fiber optic,No,No,No,No,Yes,No,Two year,No,Electronic check,62.26,4397.95,No
C03050,Female,66.0,1,No,No,0,Yes,Yes,Fiber optic,No,No,No,Yes,Yes,Yes,Month-to-month,No,Electronic check,80.29,159.33,Yes
C01392,Male,70.0,1,Yes,Yes,23,Yes,No,Fiber optic,No,Yes,Yes,Yes,No,No,Month-to-month,Yes,Electronic check,77.95,1833.34,No
C01180,Female,52.0,0,Yes,Yes,25,Yes,No,DSL,No,Yes,Yes,No,Yes,No,Two year,Yes,Mailed check,55.88,1527.22,No
C01991,Female,48.0,0,Yes,No,14,Yes,Yes,No,No internet service,No internet service,No internet service,No internet service,No internet service,No internet service,Month-to-month,Yes,Electronic check,37.36,608.05,No
C00418,Female,40.0,0,Yes,No,13,Yes,No,No,No internet service,No internet service,No internet service,No internet service,No internet service,No internet service,One year,Yes,Bank transfer,19.47,314.26,No
C01217,Female,18.0,0,No,No,21,Yes,No,DSL,No,No,No,Yes,No,No,Month-to-month,Yes,Credit card,33.68,772.53,No
C01083,Female,42.0,0,Yes,Yes,38,Yes,No,DSL,No,No,Yes,Yes,No,No,Two year,No,Bank transfer,54.02,2345.46,No
C07088,Male,38.0,0,No,No,12,Yes,No,No,No internet service,No internet service,No internet service,No internet service,No internet service,No internet service,Month-to-month,Yes,Mailed check,29.16,291.55,No
C05453,Female,32.0,0,No,No,16,Yes,No,DSL,No,No,Yes,No,No,No,Month-to-month,No,Electronic check,47.27,1010.75,Yes
C01690,Male,52.0,0,No,No,46,Yes,No,Fiber optic,No,No,No,No,Yes,Yes,Month-to-month,Yes,Electronic check,56.6,2451.66,Yes
C00656,Female,47.0,0,No,Yes,66,No,No phone service,Fiber optic,Yes,Yes,No,No,No,No,Two year,Yes,Mailed check,61.44,3835.38,No
C02627,Male,51.0,0,No,No,25,Yes,No,Fiber optic,Yes,No,No,Yes,Yes,No,Month-to-month,Yes,Mailed check,71.44,1782.46,Yes
C04968,Female,53.0,0,No,No,20,Yes,Yes,DSL,No,No,Yes,No,Yes,Yes,One year,Yes,Electronic check,72.83,1413.51,Yes
C03706,Male,39.0,0,No,Yes,39,Yes,No,Fiber optic,No,No,No,No,Yes,Yes,One year,Yes,Bank transfer,62.1,2503.83,No
C00764,Female,49.0,0,Yes,Yes,0,No,No phone service,Fiber optic,No,No,No,No,Yes,Yes,Month-to-month,No,Bank transfer,70.5,84.42,Yes
C00468,Female,38.0,0,No,No,24,Yes,Yes,DSL,No,No,No,Yes,No,Yes,Month-to-month,Yes,Bank transfer,56.97,1695.44,No
C02555,Male,24.0,0,No,No,68,Yes,Yes,Fiber optic,No,No,No,No,No,Yes,Two year,No,Mailed check,63.88,4537.04,No
C00360,Male,58.0,0,Yes,Yes,0,Yes,Yes,DSL,No,Yes,Yes,Yes,No,No,Month-to-month,Yes,Mailed check,64.54,33.95,Yes
C05686,Male,50.0,0,No,No,16,Yes,Yes,Fiber optic,No,Yes,No,Yes,Yes,Yes,Month-to-month,No,Bank transfer,75.03,1282.94,Yes
C01080,Female,70.0,1,No,No,0,Yes,Yes,No,No internet service,No internet service,No internet service,No internet service,No internet service,No internet service,Month-to-month,Yes,Bank transfer,29.69,135.83,No
C06140,Male,46.0,0,No,No,26,Yes,No,Fiber optic,Yes,No,Yes,Yes,Yes,No,One year,No,Bank transfer,83.03,2041.04,No
C01173,Female,35.0,0,No,Yes,11,No,No phone service,Fiber optic,Yes,No,Yes,No,Yes,Yes,Month-to-month,No,Electronic check,73.45,924.25,No
C05763,Male,50.0,0,Yes,Yes,69,Yes,No,Fiber optic,Yes,No,No,Yes,No,Yes,Two year,Yes,Mailed check,75.65,5099.32,No
C03623,Male,60.0,0,No,No,28,Yes,Yes,Fiber optic,No,No,Yes,No,No,No,Month-to-month,Yes,Bank transfer,71.02,2018.88,No
C00172,Female,43.0,0,Yes,No,30,Yes,Yes,Fiber optic,No,No,Yes,No,Yes,Yes,Month-to-month,No,Credit card,77.39,2481.98,Yes
C04846,Female,49.0,0,No,No,21,Yes,Yes,DSL,No,No,No,No,No,No,One year,No,Bank transfer,40.23,738.1,No
C07097,Male,39.0,0,No,No,5,Yes,No,Fiber optic,No,No,No,No,Yes,No,Month-to-month,Yes,Electronic check,68.76,449.41,Yes
C00866,Female,51.0,0,No,No,16,Yes,Yes,No,No internet service,No internet service,No internet service,No internet service,No internet service,No internet service,One year,Yes,Mailed check,38.18,631.24,No
C00780,Female,47.0,0,No,No,28,Yes,No,DSL,No,Yes,Yes,No,No,No,Month-to-month,Yes,Electronic check,42.09,1267.53,Yes
C00693,Male,58.0,0,No,No,28,Yes,Yes,Fiber optic,Yes,No,Yes,Yes,No,Yes,Month-to-month,No,Electronic check,85.6,2217.48,Yes
C06831,Female,56.0,0,No,No,9,Yes,No,Fiber optic,Yes,Yes,Yes,No,Yes,Yes,Month-to-month,Yes,Electronic check,85.79,896.38,Yes
C00811,Female,41.0,0,No,No,45,Yes,No,No,No internet service,No internet service,No internet service,No internet service,No internet service,No internet service,One year,Yes,Electronic check,35.34,1591.9,No
C04081,Female,33.0,0,No,No,5,Yes,No,Fiber optic,Yes,Yes,Yes,No,No,Yes,Month-to-month,Yes,Credit card,76.84,359.09,Yes
C05442,Male,61.0,0,No,No,17,Yes,No,No,No internet service,No internet service,No internet service,No internet service,No internet service,No internet service,One year,Yes,Credit card,36.09,714.54,No
C05652,Male,61.0,0,Yes,Yes,19,Yes,Yes,DSL,No,No,Yes,Yes,No,No,One year,No,Credit card,54.05,1101.32,No
C05089,Male,39.0,0,No,No,0,Yes,Yes,DSL,No,No,No,Yes,Yes,No,One year,Yes,Credit card,61.86,9.69,No
C02850,Female,18.0,0,Yes,No,39,Yes,Yes,DSL,No,No,No,Yes,No,Yes,Month-to-month,Yes,Credit card,61.44,2688.86,No
C03218,Female,58.0,0,Yes,Yes,42,Yes,No,DSL,No,No,Yes,No,Yes,Yes,Month-to-month,Yes,Mailed check,60.81,2679.37,No
C00922,Male,43.0,0,No,No,54,Yes,Yes,DSL,No,No,No,No,No,No,Month-to-month,Yes,Electronic check,52.02,3026.45,No
C04247,Male,43.0,0,Yes,No,16,Yes,No,DSL,No,No,No,No,No,Yes,Month-to-month,No,Electronic check,54.665,867.48,No
C05811,Female,35.0,0,No,No,47,Yes,No,DSL,Yes,Yes,No,Yes,Yes,Yes,Month-to-month,Yes,Electronic check,65.09,3084.63,No
C05347,Female,64.0,0,No,No,6,Yes,No,DSL,No,Yes,No,No,Yes,No,Month-to-month,No,Credit card,37.11,274.6,No
C05953,Female,44.0,0,Yes,Yes,17,Yes,No,DSL,No,No,Yes,No,Yes,No,Two year,Yes,Credit card,55.66,1006.47,No
C04609,Male,29.0,0,No,No,4,Yes,Yes,Fiber optic,No,No,No,No,No,No,Month-to-month,No,Bank transfer,53.97,298.3,Yes
C01307,Female,48.0,0,Yes,No,43,Yes,No,Fiber optic,No,No,No,Yes,Yes,No,Two year,No,Mailed check,65.73,2994.41,No
C05833,Female,54.0,0,No,No,46,No,No phone service,DSL,No,No,Yes,No,Yes,No,One year,Yes,Electronic check,52.18,2439.93,No
C05241,Male,48.0,0,No,Yes,44,Yes,Yes,No,No internet service,No internet service,No internet service,No internet service,No internet service,No internet service,Two year,Yes,Electronic check,25.05,1123.26,No
C03918,Male,74.0,1,No,No,10,Yes,No,Fiber optic,No,No,No,No,No,Yes,Month-to-month,No,Credit card,61.48,700.15,No
C04120,Male,29.0,0,No,Yes,25,Yes,Yes,Fiber optic,No,No,Yes,No,No,No,One year,Yes,Mailed check,63.33,1979.79,No
C04108,Male,49.0,0,No,No,39,No,No phone service,No,No internet service,No internet service,No internet service,No internet service,No internet service,No internet service,Month-to-month,Yes,Electronic check,22.81,851.89,No
C05331,Male,36.0,0,Yes,Yes,25,Yes,Yes,DSL,No,No,No,No,No,No,Month-to-month,No,Electronic check,38.03,1084.95,Yes
C05645,Male,45.0,0,Yes,No,21,Yes,Yes,Fiber optic,No,No,Yes,No,Yes,Yes,Month-to-month,No,Bank transfer,75.72,1747.38,Yes
C05438,Female,26.0,0,Yes,No,0,Yes,No,Fiber optic,No,Yes,No,No,No,No,Month-to-month,Yes,Electronic check,62.94,98.38,Yes
C04328,Male,80.0,1,No,Yes,31,Yes,No,Fiber optic,No,No,Yes,Yes,No,Yes,One year,Yes,Electronic check,88.17,2967.63,No
C01578,Male,42.0,0,No,No,3,Yes,Yes,Fiber optic,Yes,No,No,Yes,Yes,Yes,Month-to-month,Yes,Bank transfer,89.4,384.18,No
C03893,Female,42.0,0,Yes,No,18,Yes,No,Fiber optic,Yes,No,No,No,No,No,Month-to-month,Yes,Credit card,60.31,1300.45,Yes
C00709,Female,47.0,0,No,No,48,No,No phone service,DSL,Yes,No,No,No,Yes,Yes,One year,Yes,Credit card,58.17,2405.41,No
C04063,Female,58.0,0,No,No,43,Yes,No,DSL,No,No,No,No,Yes,No,Month-to-month,Yes,Bank transfer,54.45,2578.33,No
C01230,Female,31.0,0,Yes,No,72,Yes,No,DSL,No,No,Yes,No,No,Yes,Two year,No,Electronic check,55.35,4213.0,No
C03254,Male,42.0,0,No,No,4,Yes,Yes,No,No internet service,No internet service,No internet service,No internet service,No internet service,No internet service,Month-to-month,Yes,Electronic check,27.36,142.02,Yes
C02468,Male,32.0,0,No,No,44,Yes,Yes,Fiber optic,No,Yes,No,No,No,No,Month-to-month,Yes,Credit card,62.12,2798.52,No
C03370,Female,26.0,0,Yes,No,15,Yes,No,DSL,Yes,No,Yes,No,Yes,Yes,Month-to-month,Yes,Bank transfer,75.52,1115.38,Yes
C03780,Male,41.0,0,No,No,25,No,No phone service,No,No internet service,No internet service,No internet service,No internet service,No internet service,No internet service,Month-to-month,No,Electronic check,18.0,576.64,Yes
C04093,Male,49.0,0,No,Yes,25,Yes,Yes,DSL,No,Yes,No,No,No,No,One year,No,Bank transfer,39.78,1061.2,No
C01030,Female,31.0,0,Yes,No,29,Yes,No,Fiber optic,No,Yes,Yes,No,Yes,No,Month-to-month,No,Bank transfer,79.13,2233.17,No
C00982,Female,20.0,0,Yes,No,58,Yes,No,DSL,No,No,Yes,No,No,Yes,Two year,No,Credit card,42.49,2583.87,No
C04631,Female,61.0,0,No,Yes,42,Yes,No,Fiber optic,No,Yes,No,No,Yes,No,Month-to-month,Yes,Electronic check,62.53,2724.17,No
C01383,Female,52.0,0,No,No,45,No,No phone service,Fiber optic,No,No,No,No,No,No,Two year,No,Bank transfer,42.78,1826.73,No
C05395,Female,40.0,0,No,Yes,24,Yes,No,DSL,No,Yes,Yes,No,Yes,Yes,Month-to-month,No,Credit card,57.88,1559.13,No
C05873,Female,30.0,0,No,No,7,Yes,No,DSL,Yes,No,No,No,No,No,Month-to-month,Yes,Electronic check,44.96,374.35,No
C05437,Female,46.0,0,No,No,72,Yes,Yes,DSL,Yes,No,Yes,Yes,No,No,Two year,No,Mailed check,61.79,4584.13,No
C06911,Female,31.0,0,No,No,48,Yes,No,DSL,No,No,Yes,No,No,No,One year,Yes,Electronic check,37.18,1959.66,No
C00146,Male,60.0,0,No,No,10,Yes,No,DSL,Yes,Yes,No,No,No,Yes,Month-to-month,Yes,Bank transfer,55.16,655.1800000000001,Yes
C06429,Female,42.0,0,No,No,32,Yes,Yes,Fiber optic,No,No,No,No,Yes,Yes,One year,No,Mailed check,71.33,2268.09,No
C03954,Male,38.0,0,Yes,No,29,Yes,No,No,No internet service,No internet service,No internet service,No internet service,No internet service,No internet service,Two year,No,Mailed check,18.0,585.64,No
C02944,Male,29.0,0,Yes,Yes,64,Yes,No,Fiber optic,No,Yes,No,Yes,Yes,Yes,Two year,No,Electronic check,79.65,3939.68,No
C01828,Male,63.0,0,Yes,No,13,Yes,No,No,No internet service,No internet service,No internet service,No internet service,No internet service,No internet service,Month-to-month,No,Electronic check,23.44,462.42,No
C01908,Male,59.0,0,Yes,Yes,31,Yes,No,No,No internet service,No internet service,No internet service,No internet service,No internet service,No internet service,Month-to-month,Yes,Bank transfer,30.82,946.24,No
C01017,Male,49.0,0,Yes,No,37,Yes,No,No,No internet service,No internet service,No internet service,No internet service,No internet service,No internet service,Two year,Yes,Mailed check,29.16,1069.34,No
C01666,Female,46.0,0,No,No,22,Yes,Yes,DSL,Yes,Yes,No,Yes,Yes,No,One year,Yes,Electronic check,74.17,1698.05,No
C04921,Male,26.0,0,No,No,0,Yes,Yes,Fiber optic,No,Yes,No,No,Yes,Yes,Two year,No,Credit card,85.29,141.49,No
C00384,Female,44.0,0,Yes,Yes,52,Yes,Yes,Fiber optic,Yes,No,No,Yes,Yes,No,One year,No,Electronic check,81.03,4109.56,No
C02145,Male,18.0,0,No,No,26,Yes,Yes,Fiber optic,No,No,No,Yes,No,Yes,One year,No,Credit card,81.98,2119.54,No
C06837,Male,18.0,0,No,No,14,Yes,No,Fiber optic,No,No,No,No,No,Yes,One year,Yes,Mailed check,67.15,873.4,Yes
C00877,Male,32.0,0,No,No,29,Yes,No,Fiber optic,No,No,No,No,Yes,Yes,Month-to-month,Yes,Electronic check,67.62,1971.94,Yes
C04044,Female,69.0,1,No,Yes,21,Yes,Yes,DSL,No,Yes,Yes,Yes,No,No,Month-to-month,Yes,Electronic check,55.59,1294.53,Yes
C04150,Female,35.0,0,No,No,31,No,No phone service,Fiber optic,Yes,No,No,Yes,Yes,Yes,Two year,Yes,Credit card,76.14,2409.04,No
C03467,Male,69.0,1,Yes,No,48,Yes,No,No,No internet service,No internet service,No internet service,No internet service,No internet service,No internet service,Month-to-month,No,Credit card,18.38,957.48,No
C06610,Female,39.0,0,No,No,21,Yes,No,Fiber optic,Yes,No,No,No,No,Yes,Month-to-month,No,Credit card,59.16,1281.0,No
C05207,Female,30.0,0,No,No,9,Yes,Yes,Fiber optic,No,Yes,Yes,No,Yes,No,Two year,No,Credit card,78.43,595.23,Yes
C03432,Female,58.0,0,No,No,25,Yes,Yes,DSL,No,Yes,No,No,No,Yes,Month-to-month,No,Bank transfer,55.78,1618.32,No
C00974,Male,41.0,0,No,No,65,Yes,No,Fiber optic,No,No,No,No,No,No,Two year,Yes,Bank transfer,60.36,4236.9,No
C05315,Male,53.0,0,No,No,40,Yes,Yes,Fiber optic,No,No,No,Yes,No,No,Month-to-month,Yes,Electronic check,63.9,2670.85,No
C01339,Male,35.0,0,No,No,42,Yes,No,No,No internet service,No internet service,No internet service,No internet service,No internet service,No internet service,Month-to-month,Yes,Bank transfer,22.79,961.67,No
C06648,Female,37.0,0,No,No,32,Yes,No,Fiber optic,Yes,No,No,No,No,No,One year,Yes,Electronic check,55.21,1981.89,No
C05660,Male,38.0,0,No,No,16,Yes,Yes,DSL,Yes,No,No,No,No,Yes,Month-to-month,No,Credit card,45.51,800.14,No
C04494,Male,30.0,0,No,Yes,33,Yes,Yes,Fiber optic,Yes,Yes,No,Yes,Yes,Yes,One year,No,Bank transfer,91.83,2512.08,No
C03205,Male,48.0,0,Yes,No,59,Yes,No,Fiber optic,Yes,No,Yes,No,No,Yes,Two year,Yes,Credit card,82.1,5603.28,No
C06790,Female,55.0,0,No,No,62,Yes,Yes,Fiber optic,No,No,No,No,Yes,No,Two year,Yes,Electronic check,73.92,4255.14,No
C07052,Female,22.0,0,Yes,No,15,Yes,Yes,Fiber optic,No,Yes,No,Yes,Yes,Yes,Month-to-month,Yes,Electronic check,86.67,1542.77,Yes
C06679,Female,37.0,0,No,No,30,Yes,No,DSL,No,Yes,No,No,No,No,Month-to-month,Yes,Credit card,41.31,1364.38,No
C00109,Male,38.0,0,Yes,No,12,Yes,Yes,No,No internet service,No internet service,No internet service,No internet service,No internet service,No internet service,Month-to-month,No,Bank transfer,36.02,378.74,No
C06553,Female,38.0,0,Yes,Yes,68,Yes,Yes,DSL,No,Yes,Yes,Yes,No,Yes,Two year,No,Bank transfer,64.99,4012.15,No
C06914,Male,48.0,0,Yes,No,0,Yes,No,No,No internet service,No internet service,No internet service,No internet service,No internet service,No internet service,Month-to-month,Yes,Electronic check,22.23,175.93,No
C02489,Female,54.0,0,Yes,No,15,No,No phone service,DSL,No,No,No,No,Yes,No,Month-to-month,Yes,Electronic check,49.46,711.58,No
C02456,Male,47.0,0,No,No,61,Yes,No,No,No internet service,No internet service,No internet service,No internet service,No internet service,No internet service,Two year,Yes,Electronic check,35.13,2305.19,No
C02833,Female,33.0,0,No,No,33,No,No phone service,Fiber optic,No,Yes,Yes,No,No,Yes,Month-to-month,Yes,Bank transfer,63.59,2216.15,No
C03662,Female,50.0,0,No,No,60,Yes,Yes,Fiber optic,Yes,No,No,Yes,No,No,Two year,No,Electronic check,71.09,4005.18,No
C04499,Female,28.0,0,No,No,30,Yes,No,Fiber optic,No,Yes,Yes,No,No,No,Two year,Yes,Electronic check,65.63,2459.04,No
C03097,Female,35.0,0,Yes,Yes,42,Yes,No,DSL,No,No,No,No,No,Yes,Month-to-month,Yes,Bank transfer,44.36,1884.29,Yes
C01429,Male,50.0,0,No,Yes,33,Yes,Yes,No,No internet service,No internet service,No internet service,No internet service,No internet service,No internet service,One year,Yes,Electronic check,21.86,909.91,No
C05039,Female,28.0,0,Yes,No,9,Yes,Yes,DSL,Yes,No,No,No,Yes,Yes,Month-to-month,Yes,Credit card,72.37,616.2,No
C00746,Female,27.0,0,Yes,No,34,Yes,No,No,No internet service,No internet service,No internet service,No internet service,No internet service,No internet service,Month-to-month,Yes,Electronic check,30.06,966.59,Yes
C05624,Female,51.0,0,No,No,0,Yes,No,Fiber optic,No,Yes,Yes,No,Yes,Yes,Month-to-month,Yes,Mailed check,92.25,23.04,Yes
C00337,Female,63.0,0,Yes,Yes,6,Yes,Yes,No,No internet service,No internet service,No internet service,No internet service,No internet service,No internet service,Month-to-month,No,Electronic check,31.74,260.92,No
C03917,Female,18.0,0,No,No,23,Yes,No,No,No internet service,No internet service,No internet service,No internet service,No internet service,No internet service,Month-to-month,Yes,Credit card,22.28,712.36,No
C03202,Male,42.0,0,No,No,35,Yes,Yes,DSL,Yes,No,No,Yes,No,Yes,Two year,Yes,Electronic check,66.02,2195.07,No
C03136,Male,51.0,0,Yes,No,50,Yes,Yes,Fiber optic,No,No,No,No,No,Yes,Two year,Yes,Bank transfer,69.28,3812.1,No
C00424,Male,48.0,0,No,No,40,Yes,No,Fiber optic,Yes,No,No,Yes,No,No,One year,Yes,Electronic check,72.99,2757.13,Yes
C07125,Male,49.0,0,No,No,54,Yes,Yes,DSL,Yes,No,Yes,No,No,Yes,One year,Yes,Electronic check,63.42,3936.95,No
C03177,Male,34.0,0,Yes,No,1,Yes,Yes,No,No internet service,No internet service,No internet service,No internet service,No internet service,No internet service,Month-to-month,Yes,Electronic check,29.17,40.61,No
C03042,Male,76.0,1,Yes,Yes,43,Yes,No,No,No internet service,No internet service,No internet service,No internet service,No internet service,No internet service,One year,No,Mailed check,26.36,1079.82,No
C00010,Female,49.0,0,No,No,46,Yes,No,DSL,Yes,No,No,No,No,No,Month-to-month,Yes,Electronic check,50.82,2153.92,Yes
C02064,Male,32.0,0,Yes,No,59,Yes,No,DSL,No,Yes,No,No,No,No,Two year,No,Electronic check,39.07,2063.85,No
C01687,Male,60.0,0,Yes,Yes,47,Yes,No,Fiber optic,No,No,Yes,No,Yes,No,One year,Yes,Credit card,75.02,3439.8,No
C04276,Male,29.0,0,No,Yes,49,Yes,Yes,DSL,Yes,No,No,No,No,No,Two year,No,Bank transfer,41.26,2290.4,No
C04481,Female,50.0,0,No,No,34,Yes,No,Fiber optic,Yes,No,No,No,Yes,Yes,Month-to-month,Yes,Electronic check,78.31,2915.88,Yes
C03436,Male,44.0,0,No,No,30,Yes,No,DSL,No,Yes,Yes,No,No,No,Month-to-month,Yes,Electronic check,48.78,1536.16,No
C05788,Female,24.0,0,No,No,34,Yes,Yes,No,No internet service,No internet service,No internet service,No internet service,No internet service,No internet service,One year,No,Bank transfer,28.6,907.36,No
C00255,Male,41.0,0,No,No,36,No,No phone service,DSL,No,No,Yes,No,Yes,No,Month-to-month,No,Bank transfer,43.74,1636.42,No
C03107,Female,61.0,0,No,No,35,No,No phone service,Fiber optic,No,Yes,No,No,No,Yes,One year,No,Bank transfer,65.47,2423.35,No
C01921,Male,72.0,1,Yes,No,66,Yes,No,Fiber optic,Yes,No,No,No,Yes,Yes,One year,Yes,Credit card,77.2,5120.71,No
C03729,Female,20.0,0,No,No,29,Yes,No,DSL,Yes,Yes,No,No,Yes,No,Month-to-month,Yes,Credit card,61.66,1923.19,Yes
C03361,Male,33.0,0,No,No,51,Yes,Yes,Fiber optic,Yes,No,No,No,No,Yes,Two year,Yes,Mailed check,75.44,3833.03,No
C06811,Female,36.0,0,Yes,Yes,5,Yes,Yes,Fiber optic,No,Yes,No,No,Yes,No,Month-to-month,Yes,Bank transfer,72.26,416.44,Yes
C06701,Male,67.0,1,No,Yes,32,Yes,Yes,Fiber optic,No,No,Yes,No,No,No,Two year,No,Credit card,67.95,2160.23,No
C03758,Female,40.0,0,No,No,53,Yes,Yes,Fiber optic,No,Yes,No,Yes,No,No,Month-to-month,Yes,Credit card,66.05,3484.12,No
C02063,Male,51.0,0,Yes,Yes,10,Yes,No,DSL,Yes,No,No,Yes,No,Yes,Month-to-month,Yes,Bank transfer,61.23,747.35,No
C01957,Male,59.0,0,Yes,No,24,Yes,Yes,Fiber optic,No,No,No,No,No,No,One year,No,Bank transfer,62.55,1672.81,No
C01145,Female,50.0,0,No,No,48,Yes,No,Fiber optic,No,No,Yes,No,No,Yes,One year,Yes,Mailed check,70.18,3844.72,Yes
C06854,Male,32.0,0,No,No,35,Yes,Yes,No,No internet service,No internet service,No internet service,No internet service,No internet service,No internet service,Two year,No,Mailed check,32.68,1132.18,No
C03293,Male,47.0,0,Yes,Yes,18,Yes,Yes,No,No internet service,No internet service,No internet service,No internet service,No internet service,No internet service,One year,Yes,Electronic check,27.41,628.6,No
C06312,Male,42.0,0,No,No,36,Yes,No,Fiber optic,Yes,No,No,No,Yes,No,Month-to-month,Yes,Electronic check,58.87,2243.84,Yes
C00513,Male,37.0,0,No,No,29,Yes,No,DSL,No,Yes,No,No,No,No,Month-to-month,Yes,Electronic check,35.49,918.67,No
C00087,Female,37.0,0,Yes,No,6,Yes,No,Fiber optic,Yes,Yes,No,No,Yes,No,Month-to-month,Yes,Credit card,71.52,532.11,No
C06994,Female,45.0,0,Yes,No,14,Yes,Yes,Fiber optic,Yes,No,Yes,No,Yes,No,One year,No,Credit card,68.65,972.33,No
C00100,Male,18.0,0,No,No,53,Yes,Yes,Fiber optic,No,No,No,No,Yes,Yes,One year,Yes,Mailed check,77.1,4020.8,No
C00074,Male,52.0,0,No,No,11,Yes,Yes,No,No internet service,No internet service,No internet service,No internet service,No internet service,No internet service,Month-to-month,No,Electronic check,29.96,476.32,No
C04314,Male,56.0,0,No,Yes,9,Yes,No,No,No internet service,No internet service,No internet service,No internet service,No internet service,No internet service,Two year,Yes,Credit card,21.58,298.54,No
C02310,Female,18.0,0,Yes,No,5,Yes,No,DSL,No,No,Yes,Yes,Yes,No,Month-to-month,Yes,Bank transfer,58.81,406.48,No
C05699,Female,53.0,0,No,No,0,Yes,No,DSL,No,Yes,Yes,No,Yes,No,Month-to-month,Yes,Electronic check,45.47,37.72,No
C06515,Male,46.0,0,No,Yes,31,Yes,No,DSL,Yes,No,No,Yes,No,No,Month-to-month,Yes,Electronic check,48.5,1446.4,No
C04724,Male,29.0,0,No,No,68,Yes,Yes,Fiber optic,No,No,Yes,No,No,Yes,Two year,Yes,Credit card,72.13,5143.18,No
C04236,Female,40.0,0,No,No,2,Yes,No,DSL,No,Yes,No,No,Yes,Yes,Month-to-month,No,Electronic check,63.27,254.81,No
C03504,Female,61.0,0,No,No,45,Yes,Yes,No,No internet service,No internet service,No internet service,No internet service,No internet service,No internet service,One year,No,Electronic check,31.99,1619.77,No
C01858,Male,28.0,0,No,No,23,Yes,Yes,Fiber optic,No,Yes,Yes,No,Yes,No,Month-to-month,Yes,Electronic check,70.9,1846.96,Yes
C05176,Male,48.0,0,No,No,69,Yes,Yes,DSL,No,No,Yes,No,No,Yes,Two year,Yes,Credit card,59.74,4059.34,No
C06389,Male,19.0,0,Yes,Yes,38,Yes,Yes,Fiber optic,No,Yes,No,Yes,No,No,One year,No,Electronic check,61.66,2366.83,No
C02547,Male,55.0,0,No,Yes,31,Yes,Yes,DSL,No,No,Yes,Yes,Yes,No,Two year,No,Mailed check,57.16,1969.5,No
C00792,Female,42.0,0,Yes,No,61,Yes,Yes,Fiber optic,No,No,Yes,No,Yes,No,One year,Yes,Bank transfer,74.75,4662.48,No
C01456,Male,22.0,0,No,No,3,Yes,Yes,Fiber optic,Yes,Yes,No,No,No,Yes,Month-to-month,Yes,Bank transfer,78.11,257.57,Yes
C04729,Male,70.0,1,Yes,No,48,Yes,No,Fiber optic,No,No,No,No,No,No,Two year,No,Bank transfer,67.58,3660.07,No
C05482,Female,29.0,0,No,No,13,Yes,Yes,DSL,No,No,Yes,No,No,Yes,One year,No,Credit card,58.39,791.66,No
C04534,Female,56.0,0,Yes,Yes,30,Yes,No,Fiber optic,No,No,No,Yes,Yes,No,One year,No,Mailed check,54.22,1644.05,No
C01710,Male,20.0,0,No,No,15,Yes,Yes,No,No internet service,No internet service,No internet service,No internet service,No internet service,No internet service,Month-to-month,No,Credit card,30.86,572.86,Yes
C03244,Male,73.0,1,Yes,Yes,50,Yes,Yes,No,No internet service,No internet service,No internet service,No internet service,No internet service,No internet service,One year,Yes,Credit card,29.57,1710.7,No
C05052,Male,22.0,0,No,No,28,Yes,Yes,Fiber optic,No,Yes,Yes,No,No,No,Month-to-month,Yes,Electronic check,68.73,2287.52,Yes
C07064,Male,32.0,0,Yes,No,0,Yes,No,No,No internet service,No internet service,No internet service,No internet service,No internet service,No internet service,Month-to-month,No,Bank transfer,29.67,76.13,No
C01381,Male,60.0,0,Yes,No,2,Yes,No,DSL,No,No,Yes,No,No,No,Month-to-month,Yes,Mailed check,44.14,130.61,Yes
C00952,Male,58.0,0,No,Yes,14,No,No phone service,Fiber optic,Yes,No,Yes,No,No,No,One year,Yes,Bank transfer,65.01,1023.05,Yes
C01181,Female,21.0,0,Yes,No,32,Yes,No,No,No internet service,No internet service,No internet service,No internet service,No internet service,No internet service,Month-to-month,Yes,Credit card,27.56,885.74,No
C01013,Male,73.0,1,No,Yes,72,Yes,No,DSL,No,No,No,No,No,No,Two year,No,Mailed check,25.8,2107.38,No
C03721,Male,48.0,0,Yes,Yes,42,Yes,Yes,Fiber optic,Yes,No,No,No,Yes,Yes,Two year,No,Mailed check,83.32,3806.22,No
C05286,Female,42.0,0,No,No,9,Yes,Yes,DSL,No,No,Yes,No,Yes,Yes,Month-to-month,No,Electronic check,71.33,736.14,Yes
C03413,Female,35.0,0,No,No,47,Yes,No,Fiber optic,No,Yes,No,Yes,No,Yes,Two year,No,Credit card,66.8,3079.39,No
C05879,Male,52.0,0,No,No,11,Yes,Yes,DSL,Yes,Yes,No,No,Yes,Yes,Month-to-month,Yes,Electronic check,73.79,911.35,Yes
C03245,Female,54.0,0,No,Yes,46,No,No phone service,DSL,Yes,Yes,Yes,No,Yes,No,Month-to-month,No,Electronic check,48.97,2260.35,No
C06042,Female,33.0,0,No,Yes,30,Yes,Yes,DSL,No,Yes,No,No,Yes,No,Month-to-month,No,Electronic check,65.1,2181.59,No
C03861,Male,29.0,0,No,No,23,Yes,Yes,Fiber optic,No,No,No,No,Yes,No,Two year,No,Electronic check,66.85,1865.64,No
C02588,Female,80.0,1,Yes,Yes,30,Yes,No,DSL,No,No,No,No,No,No,One year,Yes,Electronic check,43.25,1393.06,No
C00334,Male,39.0,0,Yes,No,17,Yes,Yes,Fiber optic,Yes,No,No,No,Yes,No,Month-to-month,Yes,Mailed check,70.06,1081.52,Yes
C06964,Male,39.0,0,No,No,25,Yes,No,DSL,No,No,Yes,No,No,No,Month-to-month,No,Electronic check,38.99,1178.94,No
C00084,Male,40.0,0,Yes,Yes,0,Yes,Yes,Fiber optic,No,Yes,No,No,No,No,Month-to-month,No,Electronic check,60.32,177.62,Yes
C05035,Female,37.0,0,No,Yes,20,Yes,Yes,DSL,No,No,No,Yes,No,Yes,Month-to-month,No,Electronic check,58.43,1283.4850000000001,Yes
C05636,Female,29.0,0,No,No,56,Yes,No,Fiber optic,No,No,No,No,No,No,Two year,Yes,Credit card,50.22,2459.9,No
C03766,Female,41.0,0,No,No,7,Yes,No,DSL,No,Yes,Yes,No,No,Yes,Month-to-month,Yes,Mailed check,45.3,428.97,No
C01009,Male,53.0,0,No,Yes,37,Yes,Yes,No,No internet service,No internet service,No internet service,No internet service,No internet service,No internet service,Month-to-month,Yes,Credit card,43.25,1783.94,No
C05715,Male,31.0,0,No,No,58,Yes,Yes,Fiber optic,Yes,No,No,Yes,No,No,Month-to-month,Yes,Credit card,71.03,3512.56,No
C02085,Female,55.0,0,No,No,11,Yes,No,Fiber optic,No,No,Yes,Yes,No,No,Month-to-month,Yes,Bank transfer,71.23,766.07,Yes
C02880,Female,52.0,0,No,No,23,Yes,No,DSL,No,No,No,No,No,Yes,Month-to-month,No,Electronic check,58.5,1322.66,No
C02474,Female,41.0,0,Yes,No,21,Yes,Yes,Fiber optic,No,No,No,Yes,Yes,No,Month-to-month,Yes,Electronic check,79.46,1603.07,No
C05612,Male,45.0,0,Yes,No,18,Yes,Yes,No,No internet service,No internet service,No internet service,No internet service,No internet service,No internet service,Month-to-month,No,Electronic check,32.84,815.37,No
C05363,Male,18.0,0,Yes,No,36,Yes,No,DSL,Yes,Yes,No,Yes,No,Yes,Two year,Yes,Bank transfer,66.15,2405.24,No
C05799,Male,38.0,0,No,Yes,19,Yes,No,No,No internet service,No internet service,No internet service,No internet service,No internet service,No internet service,One year,Yes,Mailed check,32.24,677.86,No
C00651,Male,24.0,0,No,No,31,Yes,No,No,No internet service,No internet service,No internet service,No internet service,No internet service,No internet service,Month-to-month,No,Bank transfer,24.76,826.74,No
C03905,Male,18.0,0,Yes,No,33,Yes,No,DSL,No,Yes,No,No,Yes,Yes,Month-to-month,No,Credit card,68.35,2511.03,No
C02189,Female,43.0,0,Yes,No,23,Yes,Yes,Fiber optic,No,No,Yes,No,No,No,Month-to-month,Yes,Bank transfer,63.68,1602.94,No
C01841,Male,73.0,1,Yes,Yes,11,Yes,Yes,No,No internet service,No internet service,No internet service,No internet service,No internet service,No internet service,Month-to-month,No,Mailed check,33.59,445.9,No
C00369,Male,43.0,0,No,No,0,Yes,No,Fiber optic,No,No,No,No,No,No,Month-to-month,Yes,Electronic check,58.7,93.47,Yes
C01581,Male,58.0,0,Yes,No,8,Yes,Yes,Fiber optic,No,Yes,No,No,No,No,Month-to-month,Yes,Electronic check,69.98,723.34,No
C00707,Female,57.0,0,Yes,No,7,Yes,No,DSL,No,No,Yes,No,No,No,Month-to-month,No,Electronic check,45.52,352.93,Yes
C03541,Female,42.0,0,Yes,No,49,Yes,No,Fiber optic,No,No,No,No,No,No,One year,No,Electronic check,50.44,2530.02,No
C03310,Female,52.0,0,No,No,14,Yes,No,DSL,No,No,No,No,No,Yes,Month-to-month,Yes,Electronic check,46.33,784.89,No
C05080,Female,42.0,0,Yes,Yes,0,Yes,No,DSL,Yes,No,No,No,No,Yes,Month-to-month,No,Electronic check,43.9,41.71,No
C00286,Female,54.0,0,No,Yes,17,Yes,Yes,No,No internet service,No internet service,No internet service,No internet service,No internet service,No internet service,Month-to-month,No,Credit card,33.29,571.11,No
C01614,Male,37.0,0,Yes,Yes,66,Yes,No,Fiber optic,Yes,No,Yes,Yes,No,Yes,Two year,No,Electronic check,80.85,6349.6,No
C02294,Female,50.0,0,Yes,No,52,No,No phone service,Fiber optic,No,No,No,No,No,No,Two year,Yes,Electronic check,41.4,2305.18,No
C05971,Female,23.0,0,No,No,23,Yes,Yes,No,No internet service,No internet service,No internet service,No internet service,No internet service,No internet service,Month-to-month,No,Credit card,37.41,956.74,No
C05687,Female,40.0,0,No,No,2,Yes,No,DSL,No,No,Yes,No,Yes,Yes,Month-to-month,Yes,Electronic check,65.94,231.49,Yes
C03921,Male,59.0,0,No,No,29,Yes,No,Fiber optic,Yes,No,No,No,No,No,One year,No,Electronic check,57.67,1740.64,No
C01098,Female,41.0,0,Yes,No,18,No,No phone service,Fiber optic,No,No,Yes,No,Yes,No,Month-to-month,No,Bank transfer,65.2,1297.27,No
C06537,Female,28.0,0,Yes,No,11,Yes,No,Fiber optic,Yes,Yes,Yes,Yes,No,Yes,Month-to-month,Yes,Electronic check,82.92,929.84,No
C06213,Female,61.0,0,Yes,Yes,63,Yes,Yes,Fiber optic,No,No,Yes,Yes,No,Yes,Two year,No,Mailed check,77.9,4307.06,No
C04933,Male,45.0,0,Yes,No,9,Yes,Yes,Fiber optic,No,No,No,No,Yes,No,Month-to-month,Yes,Mailed check,69.87,803.69,Yes
C07002,Male,62.0,0,No,Yes,0,Yes,Yes,Fiber optic,Yes,Yes,Yes,No,Yes,No,Month-to-month,No,Bank transfer,87.17,176.55,No
C05810,Female,18.0,0,No,No,34,Yes,No,Fiber optic,No,Yes,No,Yes,Yes,Yes,Month-to-month,No,Electronic check,76.68,2287.6,Yes
C06506,Male,18.0,0,No,No,34,Yes,No,Fiber optic,No,No,Yes,Yes,No,No,Month-to-month,Yes,Mailed check,70.5,2265.88,No
C04291,Male,44.0,0,No,No,60,Yes,Yes,DSL,Yes,No,No,Yes,Yes,Yes,Two year,No,Bank transfer,72.8,4285.04,No
C05221,Male,65.0,0,No,Yes,18,Yes,Yes,DSL,Yes,Yes,No,No,No,No,Two year,Yes,Mailed check,66.41,1387.69,No
C04205,Male,44.0,0,No,No,10,Yes,Yes,DSL,Yes,No,No,No,Yes,No,Month-to-month,Yes,Bank transfer,53.96,626.33,No
C01782,Female,28.0,0,Yes,No,44,Yes,Yes,DSL,Yes,No,No,Yes,No,No,Month-to-month,Yes,Mailed check,59.19,2859.87,Yes
C04488,Female,63.0,0,Yes,No,52,Yes,No,DSL,No,No,No,Yes,No,No,Month-to-month,Yes,Credit card,43.29,2088.96,No
C02849,Female,44.0,0,No,No,26,Yes,No,Fiber optic,Yes,No,No,No,No,Yes,Month-to-month,No,Credit card,54.87,1604.33,No
C04573,Female,32.0,0,No,No,0,Yes,No,Fiber optic,Yes,No,No,No,No,No,Month-to-month,Yes,Credit card,64.02,35.81,No
C03318,Female,27.0,0,Yes,No,21,Yes,Yes,No,No internet service,No internet service,No internet service,No internet service,No internet service,No internet service,Month-to-month,No,Mailed check,26.49,630.55,No
C02454,Female,47.0,0,No,Yes,27,Yes,Yes,Fiber optic,Yes,No,No,Yes,No,Yes,Month-to-month,No,Bank transfer,84.19,2468.05,No
C02174,Female,23.0,0,No,No,9,Yes,No,Fiber optic,Yes,No,No,No,Yes,No,Month-to-month,No,Electronic check,70.83,666.64,Yes
C00191,Female,25.0,0,No,No,3,Yes,No,No,No internet service,No internet service,No internet service,No internet service,No internet service,No internet service,Month-to-month,Yes,Electronic check,37.38,238.15,No
C06016,Female,47.0,0,Yes,No,13,Yes,Yes,Fiber optic,No,Yes,No,Yes,No,Yes,Month-to-month,No,Electronic check,71.7,1105.95,No
C00030,Male,56.0,0,No,No,10,No,No phone service,DSL,No,No,Yes,No,No,No,Month-to-month,No,Bank transfer,36.33,370.75,No
C06422,Female,51.0,0,No,Yes,26,Yes,No,No,No internet service,No internet service,No internet service,No internet service,No internet service,No internet service,One year,Yes,Bank transfer,25.26,655.38,No
C01328,Female,42.0,0,Yes,No,3,Yes,No,Fiber optic,No,No,No,No,No,Yes,Month-to-month,No,Electronic check,57.55,164.92,Yes
C04385,Male,80.0,1,Yes,No,42,Yes,Yes,DSL,Yes,No,No,No,Yes,No,Two year,No,Electronic check,48.23,1892.69,No
C01673,Female,37.0,0,No,No,46,Yes,No,Fiber optic,Yes,Yes,No,Yes,No,No,One year,Yes,Bank transfer,77.09,3420.33,No
C00775,Female,34.0,0,Yes,Yes,12,Yes,Yes,Fiber optic,No,No,Yes,Yes,No,No,One year,No,Bank transfer,68.75,883.93,No
C02975,Male,35.0,0,No,Yes,66,Yes,No,Fiber optic,No,Yes,No,No,No,No,Two year,No,Mailed check,48.98,2899.09,No
C02966,Female,29.0,0,No,No,49,Yes,Yes,DSL,No,Yes,Yes,No,No,No,Month-to-month,No,Electronic check,56.07,2463.08,No
C06934,Female,40.0,0,Yes,Yes,0,Yes,Yes,Fiber optic,No,No,Yes,No,No,Yes,Month-to-month,Yes,Mailed check,79.94,83.57,Yes
C03724,Male,43.0,0,No,Yes,40,Yes,No,Fiber optic,No,No,No,Yes,Yes,Yes,One year,No,Bank transfer,73.33,2535.05,No
C00566,Male,48.0,0,No,No,17,Yes,No,Fiber optic,No,No,No,No,No,No,Month-to-month,Yes,Bank transfer,52.41,752.91,Yes
C02702,Female,42.0,0,No,No,9,Yes,No,DSL,Yes,Yes,No,No,Yes,No,Month-to-month,Yes,Credit card,55.68,593.34,No
C04132,Male,22.0,0,No,No,39,Yes,Yes,DSL,No,Yes,Yes,No,No,No,One year,Yes,Bank transfer,61.72,2691.17,No
C04175,Male,31.0,0,No,No,4,Yes,Yes,DSL,No,No,No,No,No,Yes,Month-to-month,No,Bank transfer,41.12,329.82,Yes
C06469,Male,70.0,1,No,Yes,16,Yes,No,Fiber optic,No,No,No,No,No,No,Month-to-month,Yes,Credit card,53.23,987.48,Yes
C06607,Male,30.0,0,Yes,No,8,No,No phone service,Fiber optic,No,No,Yes,No,No,No,Month-to-month,Yes,Bank transfer,50.64,511.06,No
C01483,Male,43.0,0,No,No,40,Yes,No,Fiber optic,Yes,No,No,No,No,No,Month-to-month,Yes,Credit card,64.01,2988.49,No
C00192,Male,42.0,0,No,No,31,Yes,No,DSL,No,No,No,Yes,No,Yes,One year,Yes,Credit card,53.09,1550.68,No
C03641,Female,59.0,0,No,No,51,Yes,Yes,DSL,No,Yes,No,No,No,No,One year,Yes,Bank transfer,44.7,2857.74,No
C00129,Female,58.0,0,No,Yes,35,Yes,Yes,DSL,Yes,No,No,No,No,Yes,Month-to-month,Yes,Electronic check,46.83,1648.08,No
C06670,Female,75.0,1,Yes,No,72,Yes,Yes,Fiber optic,No,Yes,Yes,No,No,Yes,Two year,Yes,Bank transfer,76.28,5960.32,No
C01369,Female,18.0,0,No,No,33,No,No phone service,DSL,No,Yes,No,No,Yes,Yes,Two year,No,Electronic check,57.37,1900.91,No
C04191,Female,43.0,0,No,No,0,Yes,No,No,No internet service,No internet service,No internet service,No internet service,No internet service,No internet service,Month-to-month,Yes,Credit card,25.28,99.15,No
C04919,Male,34.0,0,Yes,Yes,13,Yes,No,DSL,Yes,No,Yes,No,No,No,Month-to-month,No,Electronic check,52.8,762.05,Yes
C01605,Female,34.0,0,No,No,36,Yes,Yes,No,No internet service,No internet service,No internet service,No internet service,No internet service,No internet service,Month-to-month,No,Electronic check,30.92,1092.41,No
C03118,Male,53.0,0,Yes,No,56,Yes,Yes,Fiber optic,Yes,No,No,No,Yes,Yes,One year,Yes,Credit card,73.61,4470.49,No
C01668,Female,43.0,0,No,No,8,Yes,No,DSL,Yes,No,No,No,Yes,No,Month-to-month,No,Mailed check,55.96,489.8,Yes
C00991,Female,27.0,0,No,No,23,No,No phone service,Fiber optic,No,No,No,Yes,No,Yes,Month-to-month,Yes,Bank transfer,64.75,1433.72,No
C01156,Female,35.0,0,No,No,0,Yes,No,No,No internet service,No internet service,No internet service,No internet service,No internet service,No internet service,Month-to-month,Yes,Electronic check,22.08,46.86,No
C03252,Female,47.0,0,No,Yes,42,Yes,Yes,No,No internet service,No internet service,No internet service,No internet service,No internet service,No internet service,One year,No,Electronic check,24.8,999.21,No
C05087,Female,23.0,0,No,No,22,No,No phone service,Fiber optic,Yes,Yes,Yes,No,No,Yes,One year,Yes,Credit card,68.7,1478.25,No
C05048,Female,34.0,0,No,No,71,Yes,Yes,Fiber optic,No,No,No,No,Yes,No,Two year,No,Bank transfer,62.19,4397.95,Yes
C06093,Male,38.0,0,Yes,Yes,11,No,No phone service,Fiber optic,No,No,No,No,No,No,Month-to-month,No,Mailed check,52.84,593.45,No
C04170,Male,18.0,0,No,No,42,Yes,No,Fiber optic,Yes,Yes,No,No,Yes,Yes,Two year,Yes,Electronic check,76.55,2998.24,Yes
C04347,Male,30.0,0,Yes,Yes,27,Yes,Yes,DSL,No,No,No,Yes,No,No,One year,Yes,Bank transfer,54.26,1612.69,No
C05607,Male,32.0,0,No,No,8,Yes,No,DSL,No,No,No,No,Yes,Yes,One year,Yes,Mailed check,55.18,587.84,No
C03997,Male,47.0,0,Yes,Yes,20,Yes,Yes,Fiber optic,No,No,Yes,No,Yes,No,Month-to-month,Yes,Bank transfer,63.32,1384.75,No
C00629,Male,37.0,0,No,No,34,No,No phone service,DSL,Yes,Yes,No,No,Yes,Yes,Month-to-month,Yes,Credit card,64.49,2390.17,No
C04364,Female,49.0,0,Yes,Yes,30,Yes,No,DSL,No,Yes,No,No,No,No,One year,Yes,Mailed check,49.58,1622.99,No
C05366,Female,31.0,0,Yes,No,17,Yes,Yes,No,No internet service,No internet service,No internet service,No internet service,No internet service,No internet service,Two year,No,Bank transfer,27.3,429.43,No
C00181,Female,70.0,1,No,No,18,Yes,Yes,Fiber optic,No,Yes,Yes,No,No,No,Month-to-month,No,Mailed check,68.63,1240.71,Yes
C04574,Male,73.0,1,No,Yes,26,Yes,No,DSL,Yes,No,No,No,No,No,Month-to-month,Yes,Credit card,39.79,1057.45,No
C04873,Female,61.0,0,Yes,No,38,Yes,Yes,No,No internet service,No internet service,No internet service,No internet service,No internet service,No internet service,One year,No,Electronic check,27.37,861.97,No
C02723,Male,60.0,0,No,No,36,Yes,Yes,DSL,No,No,Yes,No,Yes,No,Two year,Yes,Electronic check,66.72,2710.63,No
C05008,Male,60.0,0,No,Yes,53,Yes,Yes,Fiber optic,No,Yes,Yes,Yes,No,Yes,Two year,No,Electronic check,84.99,5057.5,No
C06385,Male,18.0,0,No,No,43,No,No phone service,DSL,No,Yes,Yes,No,No,No,Two year,Yes,Electronic check,51.95,2259.87,No
C00604,Female,27.0,0,No,No,43,Yes,Yes,Fiber optic,No,No,No,No,No,Yes,Month-to-month,Yes,Mailed check,66.14,2977.82,Yes
C01835,Male,44.0,0,Yes,Yes,8,Yes,No,Fiber optic,Yes,Yes,No,Yes,Yes,No,Month-to-month,No,Credit card,77.21,739.82,No
C01340,Female,56.0,0,Yes,No,18,Yes,No,Fiber optic,No,Yes,Yes,Yes,Yes,Yes,One year,Yes,Electronic check,82.51,1393.03,No
C01636,Female,33.0,0,No,No,54,Yes,No,DSL,No,Yes,No,No,Yes,No,Month-to-month,Yes,Electronic check,41.75,2544.15,Yes
C03808,Female,41.0,0,Yes,No,8,No,No phone service,Fiber optic,No,Yes,No,No,Yes,Yes,Month-to-month,No,Electronic check,65.54,552.47,Yes
C04778,Female,18.0,0,No,No,37,Yes,Yes,Fiber optic,Yes,Yes,No,Yes,Yes,No,Month-to-month,Yes,Mailed check,81.19,3156.43,No
C04156,Male,43.0,0,Yes,Yes,1,Yes,Yes,Fiber optic,No,Yes,No,No,No,Yes,Month-to-month,Yes,Electronic check,65.24,142.38,Yes
C04761,Female,23.0,0,No,No,64,Yes,No,DSL,Yes,Yes,Yes,No,No,Yes,One year,No,Mailed check,64.24,4922.26,No
C02243,Male,35.0,0,No,No,51,Yes,Yes,Fiber optic,Yes,No,Yes,No,No,No,One year,Yes,Credit card,71.61,4023.32,No
C02185,Male,74.0,1,Yes,Yes,21,No,No phone service,No,No internet service,No internet service,No internet service,No internet service,No internet service,No internet service,Month-to-month,No,Mailed check,21.9,583.88,No
C05278,Female,38.0,0,Yes,No,4,Yes,No,DSL,Yes,Yes,No,Yes,Yes,No,Month-to-month,No,Mailed check,58.87,287.93,No
C02755,Female,46.0,0,Yes,No,47,Yes,Yes,DSL,No,No,No,No,No,No,One year,No,Credit card,42.53,2099.32,No
C06898,Female,58.0,0,Yes,No,40,Yes,No,Fiber optic,No,Yes,No,No,No,No,One year,Yes,Bank transfer,57.29,2330.35,No
C02808,Male,33.0,0,Yes,No,55,Yes,No,Fiber optic,No,No,No,No,No,Yes,Month-to-month,Yes,Credit card,69.32499999999999,2763.97,No
C02842,Male,43.0,0,Yes,No,13,Yes,No,Fiber optic,No,No,No,Yes,No,Yes,Month-to-month,No,Electronic check,73.8,876.57,No
C05701,Male,37.0,0,No,No,11,Yes,No,DSL,No,Yes,Yes,No,No,Yes,Month-to-month,Yes,Credit card,47.19,607.75,Yes
C00735,Male,42.0,0,Yes,No,51,Yes,Yes,Fiber optic,No,No,No,No,No,No,Two year,No,Bank transfer,56.52,2833.4,Yes
C00921,Female,31.0,0,No,No,66,Yes,Yes,DSL,No,Yes,No,Yes,Yes,Yes,Two year,Yes,Bank transfer,70.86,4978.58,No
C04666,Female,65.0,0,No,No,12,Yes,No,Fiber optic,No,No,Yes,No,Yes,Yes,Month-to-month,Yes,Electronic check,78.91,1105.91,Yes
C07081,Female,54.0,0,Yes,No,32,No,No phone service,Fiber optic,Yes,No,Yes,No,Yes,No,Two year,Yes,Bank transfer,80.15,2367.21,No
C05057,Male,50.0,0,No,No,20,Yes,No,Fiber optic,No,Yes,No,Yes,No,No,Month-to-month,Yes,Bank transfer,68.53,1471.43,Yes
C04496,Male,25.0,0,No,No,9,Yes,Yes,DSL,Yes,Yes,Yes,No,No,Yes,Month-to-month,No,Credit card,54.66,488.77,No
C04796,Male,59.0,0,No,No,40,Yes,No,Fiber optic,No,Yes,No,Yes,No,Yes,Month-to-month,No,Electronic check,70.41,2490.73,No
C00612,Male,45.0,0,Yes,No,0,Yes,Yes,Fiber optic,Yes,Yes,No,No,No,No,Month-to-month,No,Electronic check,78.4,140.86,Yes
C03989,Male,40.0,0,Yes,No,16,Yes,No,Fiber optic,No,Yes,No,No,No,No,Month-to-month,No,Bank transfer,60.43,1009.85,No
C02540,Male,36.0,0,No,No,40,Yes,No,DSL,No,No,No,Yes,No,Yes,Month-to-month,Yes,Bank transfer,48.06,2196.11,Yes
C06554,Male,49.0,0,No,No,37,Yes,Yes,DSL,Yes,No,Yes,No,Yes,No,Month-to-month,Yes,Electronic check,62.87,2229.87,No
C05210,Male,59.0,0,No,No,38,Yes,Yes,Fiber optic,No,No,No,No,Yes,No,One year,Yes,Bank transfer,65.63,2552.13,No
C03354,Female,27.0,0,Yes,Yes,45,Yes,No,DSL,Yes,No,Yes,No,No,Yes,One year,Yes,Electronic check,61.34,2734.81,No
C06404,Male,36.0,0,Yes,Yes,21,Yes,Yes,Fiber optic,Yes,No,Yes,No,No,No,Month-to-month,Yes,Electronic check,83.29,1658.89,No
C02195,Female,19.0,0,Yes,No,49,Yes,No,Fiber optic,No,Yes,No,No,No,Yes,Month-to-month,No,Credit card,56.7,3089.48,No
C06519,Male,48.0,0,No,No,1,Yes,No,No,No internet service,No internet service,No internet service,No internet service,No internet service,No internet service,Month-to-month,Yes,Electronic check,21.02,135.68,No
C00056,Female,24.0,0,No,No,9,Yes,No,No,No internet service,No internet service,No internet service,No internet service,No internet service,No internet service,Month-to-month,No,Electronic check,30.94,365.89,Yes
C06978,Male,38.0,0,Yes,No,72,Yes,Yes,Fiber optic,Yes,No,No,No,Yes,Yes,Two year,Yes,Electronic check,78.93,6015.41,No
C03788,Male,50.0,0,Yes,No,23,No,No phone service,DSL,No,No,No,No,No,No,Month-to-month,No,Electronic check,37.47,924.63,No
C02853,Male,41.0,0,Yes,No,23,No,No phone service,Fiber optic,No,Yes,Yes,No,Yes,Yes,Month-to-month,Yes,Bank transfer,79.48,1854.84,Yes
C02887,Male,51.0,0,Yes,No,0,Yes,No,Fiber optic,No,No,No,No,No,No,Month-to-month,Yes,Credit card,55.95,167.16,No
C02366,Male,35.0,0,Yes,No,34,Yes,No,Fiber optic,No,No,Yes,No,Yes,No,Month-to-month,No,Bank transfer,54.64,1908.58,Yes
C00014,Female,41.0,0,No,No,23,Yes,Yes,Fiber optic,Yes,No,No,No,No,Yes,Month-to-month,No,Credit card,63.11,1529.0,Yes
C06823,Female,67.0,1,No,No,36,No,No phone service,No,No internet service,No internet service,No internet service,No internet service,No internet service,No internet service,One year,No,Mailed check,22.53,892.32,No
C07110,Male,33.0,0,Yes,No,34,Yes,Yes,Fiber optic,No,No,No,No,Yes,No,Two year,Yes,Electronic check,66.11,2035.02,No
C03595,Female,43.0,0,Yes,No,64,Yes,Yes,Fiber optic,No,No,No,Yes,Yes,Yes,Month-to-month,Yes,Electronic check,77.86,5515.18,Yes
C04766,Male,60.0,0,Yes,Yes,50,Yes,No,Fiber optic,No,No,Yes,Yes,No,Yes,Two year,No,Bank transfer,73.2,3917.75,No
C04408,Male,40.0,0,No,Yes,48,Yes,Yes,No,No internet service,No internet service,No internet service,No internet service,No internet service,No internet service,Two year,No,Mailed check,40.47,2006.44,No
C01995,Female,59.0,0,No,No,52,Yes,No,DSL,No,No,No,No,No,No,One year,No,Mailed check,31.87,1561.7,No
C01055,Female,22.0,0,No,No,27,Yes,Yes,DSL,No,No,No,Yes,No,Yes,Month-to-month,No,Bank transfer,56.21,1554.73,No
C04373,Female,57.0,0,Yes,No,25,Yes,Yes,DSL,No,Yes,Yes,No,Yes,No,Month-to-month,Yes,Mailed check,62.97,1471.63,Yes
C07243,Male,74.0,1,No,No,62,Yes,No,Fiber optic,No,Yes,No,No,No,No,One year,Yes,Mailed check,61.13,3877.08,No
C06427,Female,38.0,0,No,No,23,No,No phone service,Fiber optic,No,No,No,No,No,Yes,One year,No,Electronic check,48.39,1380.91,No
C04166,Female,61.0,0,No,No,72,Yes,Yes,Fiber optic,No,No,No,No,Yes,No,Two year,Yes,Credit card,71.61,4960.99,No
C03725,Male,44.0,0,No,No,40,Yes,No,Fiber optic,No,Yes,No,No,No,Yes,One year,Yes,Mailed check,80.38,3467.88,No
C01754,Female,45.0,0,Yes,Yes,33,Yes,No,DSL,Yes,No,No,No,No,No,Month-to-month,Yes,Electronic check,40.74,1228.2,No
C03090,Male,45.0,0,No,No,21,Yes,Yes,DSL,Yes,Yes,No,No,Yes,Yes,Month-to-month,Yes,Bank transfer,75.72,1762.49,No
C05204,Female,52.0,0,Yes,No,42,Yes,No,DSL,No,Yes,No,No,No,Yes,Two year,No,Bank transfer,58.79,2604.96,No
C02287,Female,27.0,0,No,No,10,Yes,Yes,Fiber optic,No,No,No,Yes,No,No,Month-to-month,Yes,Bank transfer,72.56,823.54,No
C02797,Male,41.0,0,No,Yes,40,Yes,Yes,Fiber optic,Yes,No,No,No,No,Yes,Month-to-month,No,Electronic check,61.54,2540.38,Yes
C04527,Male,39.0,0,No,No,8,Yes,Yes,DSL,No,No,No,Yes,No,No,Month-to-month,No,Electronic check,51.02,391.18,Yes
C04362,Female,53.0,0,Yes,No,7,Yes,Yes,Fiber optic,No,No,Yes,No,No,Yes,Month-to-month,No,Electronic check,71.21,650.98,Yes
C03587,Male,28.0,0,No,No,25,Yes,No,DSL,No,Yes,No,No,Yes,No,Two year,No,Electronic check,56.02,1396.11,No
C02015,Male,21.0,0,No,No,20,Yes,No,DSL,No,Yes,Yes,No,Yes,Yes,Month-to-month,No,Credit card,70.55,1544.62,Yes
C01089,Female,21.0,0,No,No,47,Yes,No,Fiber optic,Yes,No,No,No,No,Yes,Two year,No,Mailed check,71.03,3600.56,No
C04230,Female,40.0,0,No,No,43,Yes,Yes,No,No internet service,No internet service,No internet service,No internet service,No internet service,No internet service,Two year,Yes,Electronic check,27.67,1493.56,Yes
C01619,Female,76.0,1,Yes,No,20,Yes,Yes,Fiber optic,No,Yes,Yes,No,Yes,Yes,Month-to-month,No,Mailed check,79.08,1427.31,No
C05141,Male,41.0,0,Yes,No,61,Yes,No,No,No internet service,No internet service,No internet service,No internet service,No internet service,No internet service,Two year,No,Electronic check,31.87,2290.37,No
C00677,Male,34.0,0,No,No,59,Yes,No,No,No internet service,No internet service,No internet service,No internet service,No internet service,No internet service,One year,No,Electronic check,18.0,1232.82,No
C00514,Male,48.0,0,Yes,Yes,40,Yes,No,Fiber optic,Yes,Yes,Yes,No,No,Yes,Month-to-month,No,Electronic check,76.83,2944.86,Yes
C00738,Female,35.0,0,No,No,58,No,No phone service,Fiber optic,Yes,No,Yes,No,No,No,Two year,Yes,Mailed check,58.26,3505.37,No
C03300,Female,43.0,0,Yes,No,18,Yes,No,Fiber optic,Yes,Yes,No,Yes,Yes,Yes,Month-to-month,Yes,Bank transfer,88.25,1470.4,No
C04571,Male,62.0,0,Yes,Yes,72,No,No phone service,Fiber optic,No,No,Yes,No,No,No,One year,No,Mailed check,61.72,4497.26,No
C02308,Female,60.0,0,Yes,No,34,Yes,Yes,DSL,Yes,Yes,Yes,No,No,No,Month-to-month,No,Credit card,65.69,2619.02,No
C04220,Female,34.0,0,Yes,No,21,Yes,No,Fiber optic,No,No,No,No,No,Yes,Month-to-month,Yes,Electronic check,65.74,1546.78,No
C06494,Male,54.0,0,No,No,64,Yes,No,DSL,Yes,Yes,No,Yes,Yes,No,One year,Yes,Bank transfer,59.05,4003.45,No
C01938,Female,18.0,0,No,No,9,Yes,No,Fiber optic,Yes,Yes,No,Yes,No,No,Month-to-month,No,Bank transfer,76.19,781.31,Yes
C04438,Male,30.0,0,Yes,No,11,No,No phone service,DSL,No,Yes,No,No,No,Yes,Month-to-month,No,Credit card,47.02,723.05,No
C06411,Female,37.0,0,No,No,25,No,No phone service,DSL,No,Yes,Yes,Yes,Yes,No,Month-to-month,No,Credit card,59.04,1572.28,No
C05910,Male,75.0,1,Yes,Yes,59,Yes,Yes,DSL,No,Yes,No,No,Yes,No,One year,Yes,Bank transfer,57.31,3289.23,No
C05295,Male,39.0,0,No,No,44,Yes,No,No,No internet service,No internet service,No internet service,No internet service,No internet service,No internet service,One year,No,Electronic check,22.9,1167.19,No
C00517,Female,60.0,0,Yes,Yes,22,Yes,Yes,DSL,No,No,No,No,Yes,No,Month-to-month,Yes,Mailed check,54.08,1257.55,No
C07094,Female,34.0,0,Yes,Yes,0,Yes,No,Fiber optic,No,Yes,No,No,Yes,No,Month-to-month,No,Credit card,71.63,167.59,Yes
C03003,Male,63.0,0,No,No,38,Yes,No,DSL,No,No,Yes,No,Yes,No,One year,No,Mailed check,47.18,2018.3,No
C05394,Male,58.0,0,No,No,13,Yes,Yes,No,No internet service,No internet service,No internet service,No internet service,No internet service,No internet service,Month-to-month,Yes,Electronic check,35.58,574.42,No
C01652,Female,41.0,0,No,No,27,Yes,No,DSL,Yes,Yes,No,Yes,No,No,Month-to-month,No,Electronic check,53.63,1460.9,No
C00440,Male,20.0,0,No,No,72,Yes,No,Fiber optic,No,Yes,Yes,No,Yes,Yes,Two year,Yes,Credit card,85.3,6926.13,No
C00227,Female,46.0,0,No,Yes,46,Yes,Yes,Fiber optic,No,Yes,No,No,Yes,No,Two year,Yes,Electronic check,61.98,2923.96,No
C03340,Female,39.0,0,No,No,35,Yes,No,Fiber optic,No,No,No,No,Yes,No,One year,Yes,Electronic check,58.76,2319.27,Yes
C02772,Female,27.0,0,No,No,23,Yes,No,DSL,Yes,No,No,No,No,No,Month-to-month,No,Electronic check,45.07,1035.82,No
C04211,Male,36.0,0,Yes,No,23,No,No phone service,DSL,No,No,Yes,No,No,Yes,Month-to-month,Yes,Credit card,46.9,1226.65,No
C00163,Female,19.0,0,No,No,6,Yes,No,DSL,Yes,Yes,No,No,No,No,Month-to-month,Yes,Credit card,47.24,315.65,Yes
C02819,Female,18.0,0,Yes,No,57,Yes,No,DSL,No,Yes,No,No,Yes,No,Two year,No,Bank transfer,50.53,3158.6,No
C02370,Female,46.0,0,Yes,No,35,Yes,Yes,Fiber optic,No,Yes,No,No,Yes,No,One year,Yes,Electronic check,66.38,2232.05,No
C02372,Female,39.0,0,No,No,31,Yes,No,No,No internet service,No internet service,No internet service,No internet service,No internet service,No internet service,One year,Yes,Credit card,19.48,645.99,No
C02928,Female,29.0,0,No,Yes,25,No,No phone service,Fiber optic,No,No,Yes,No,No,Yes,Month-to-month,Yes,Credit card,73.83,1897.77,No
C06257,Male,68.0,1,Yes,No,28,Yes,No,Fiber optic,Yes,No,No,No,Yes,Yes,Month-to-month,Yes,Electronic check,74.24,2290.79,No
C05010,Female,27.0,0,No,No,13,Yes,Yes,Fiber optic,No,Yes,No,No,No,No,One year,Yes,Mailed check,55.19,712.37,No
C01798,Female,28.0,0,Yes,No,10,Yes,No,No,No internet service,No internet service,No internet service,No internet service,No internet service,No internet service,Month-to-month,Yes,Electronic check,25.56,295.59,No
C04883,Male,29.0,0,Yes,No,23,Yes,No,DSL,Yes,No,No,No,No,Yes,Month-to-month,No,Electronic check,52.87,1252.27,Yes
C01712,Female,44.0,0,Yes,Yes,19,Yes,No,Fiber optic,No,Yes,No,Yes,Yes,No,Two year,No,Electronic check,72.06,1488.63,No
C05028,Male,43.0,0,No,No,34,Yes,No,No,No internet service,No internet service,No internet service,No internet service,No internet service,No internet service,Month-to-month,Yes,Credit card,26.75,963.36,No
C07158,Male,26.0,0,Yes,Yes,50,Yes,No,No,No internet service,No internet service,No internet service,No internet service,No internet service,No internet service,Two year,Yes,Mailed check,23.7,1002.17,No
C00252,Female,49.0,0,No,Yes,30,Yes,No,No,No internet service,No internet service,No internet service,No internet service,No internet service,No internet service,Two year,Yes,Bank transfer,26.12,833.77,No
C01694,Male,52.0,0,Yes,No,37,Yes,Yes,Fiber optic,Yes,No,Yes,No,No,No,One year,No,Electronic check,70.49,2608.05,No
C06929,Female,41.0,0,No,No,28,Yes,Yes,DSL,No,Yes,No,Yes,Yes,No,One year,No,Electronic check,60.83,1849.69,Yes
C04430,Female,54.0,0,No,No,23,Yes,Yes,DSL,No,Yes,Yes,No,No,No,One year,Yes,Electronic check,51.11,1172.22,Yes
C05166,Male,34.0,0,Yes,No,62,Yes,Yes,Fiber optic,No,No,No,Yes,Yes,No,One year,Yes,Electronic check,77.23,3591.72,No
C06712,Male,32.0,0,Yes,No,31,Yes,No,DSL,No,Yes,No,No,No,Yes,One year,Yes,Electronic check,55.5,1773.57,No
C00038,Female,22.0,0,No,No,2,Yes,No,Fiber optic,No,No,No,No,Yes,Yes,Month-to-month,No,Credit card,67.56,276.46,No
C01144,Female,32.0,0,No,No,15,Yes,No,Fiber optic,No,No,No,Yes,Yes,Yes,Month-to-month,Yes,Mailed check,85.87,1355.77,Yes
C06432,Female,38.0,0,Yes,Yes,8,Yes,No,DSL,No,Yes,No,No,No,No,One year,No,Bank transfer,44.84,445.37,No
C06028,Female,31.0,0,No,No,58,Yes,Yes,No,No internet service,No internet service,No internet service,No internet service,No internet service,No internet service,Month-to-month,Yes,Credit card,33.73,2147.46,No
C05899,Male,46.0,0,No,No,58,Yes,Yes,Fiber optic,Yes,No,No,No,No,Yes,Month-to-month,Yes,Electronic check,70.93,4237.22,No
C04803,Female,50.0,0,Yes,No,23,No,No phone service,DSL,No,Yes,No,No,Yes,No,Month-to-month,No,Credit card,36.31,859.25,No
C06886,Male,26.0,0,No,No,48,Yes,Yes,Fiber optic,Yes,No,No,No,No,Yes,Month-to-month,Yes,Credit card,72.47,3658.55,Yes
C04755,Male,58.0,0,No,No,36,Yes,No,Fiber optic,Yes,Yes,No,Yes,Yes,Yes,Month-to-month,No,Credit card,86.23,3510.39,Yes
C02829,Female,37.0,0,No,No,6,Yes,Yes,Fiber optic,No,No,No,No,Yes,Yes,Month-to-month,No,Electronic check,73.57,443.12,Yes
C06339,Female,49.0,0,No,No,31,Yes,Yes,Fiber optic,No,No,No,No,No,No,Month-to-month,No,Electronic check,54.36,2037.92,No
C02338,Female,52.0,0,Yes,No,22,Yes,Yes,Fiber optic,No,Yes,No,Yes,No,Yes,Month-to-month,Yes,Credit card,79.3,1581.6,No
C00044,Female,41.0,0,No,No,25,Yes,Yes,Fiber optic,No,Yes,Yes,No,Yes,No,Month-to-month,No,Credit card,76.66,1915.9,No
C06342,Female,54.0,0,Yes,No,49,No,No phone service,No,No internet service,No internet service,No internet service,No internet service,No internet service,No internet service,Two year,Yes,Credit card,27.66,1195.94,No
C04432,Female,34.0,0,No,No,23,Yes,Yes,DSL,Yes,No,Yes,No,No,Yes,Month-to-month,Yes,Electronic check,67.5,1603.27,Yes
C01954,Female,21.0,0,No,No,26,No,No phone service,No,No internet service,No internet service,No internet service,No internet service,No internet service,No internet service,One year,No,Bank transfer,21.53,1604.33,No
C02116,Male,45.0,0,No,No,10,Yes,Yes,DSL,No,No,No,No,Yes,No,Month-to-month,No,Credit card,44.82,494.44,Yes
C00096,Male,44.0,0,Yes,No,43,Yes,No,DSL,No,No,No,Yes,No,No,Month-to-month,No,Bank transfer,48.33,2015.26,No
C06025,Male,45.0,0,Yes,Yes,24,Yes,Yes,Fiber optic,Yes,Yes,Yes,No,No,No,Month-to-month,No,Electronic check,78.49,1884.75,Yes
C02402,Female,36.0,0,Yes,No,70,Yes,Yes,Fiber optic,Yes,Yes,No,No,No,No,One year,No,Mailed check,68.65,4001.29,No
C02549,Male,45.0,0,Yes,No,47,Yes,No,Fiber optic,No,No,Yes,No,No,No,Month-to-month,Yes,Electronic check,57.71,2520.5,No
C06489,Female,25.0,0,No,No,16,Yes,No,DSL,No,No,Yes,Yes,Yes,No,Month-to-month,No,Credit card,49.45,743.21,No
C02768,Female,59.0,0,Yes,Yes,43,Yes,No,DSL,Yes,No,No,Yes,Yes,Yes,One year,Yes,Electronic check,67.46,3304.04,No
C04704,Male,42.0,0,Yes,No,31,Yes,No,DSL,No,No,Yes,No,Yes,No,Month-to-month,No,Electronic check,57.2,1873.69,Yes
C00349,Male,35.0,0,Yes,No,29,No,No phone service,DSL,Yes,No,Yes,No,No,No,Month-to-month,Yes,Bank transfer,47.55,1490.38,No
C02980,Female,44.0,0,Yes,No,10,Yes,Yes,Fiber optic,Yes,No,No,No,No,Yes,Month-to-month,Yes,Credit card,73.11,699.04,No
C06680,Male,56.0,0,Yes,No,17,Yes,No,Fiber optic,No,Yes,No,Yes,Yes,Yes,Month-to-month,Yes,Bank transfer,82.01,1527.58,Yes
C00336,Male,53.0,0,No,No,32,Yes,No,Fiber optic,No,No,Yes,No,Yes,No,Month-to-month,No,Mailed check,61.21,2298.15,No
C05049,Male,34.0,0,Yes,No,39,No,No phone service,Fiber optic,No,No,Yes,Yes,Yes,Yes,Two year,Yes,Electronic check,76.5,2702.77,No
C00858,Female,79.0,1,Yes,No,29,No,No phone service,No,No internet service,No internet service,No internet service,No internet service,No internet service,No internet service,Month-to-month,Yes,Credit card,18.0,527.89,No
C01759,Female,55.0,0,Yes,No,30,Yes,No,No,No internet service,No internet service,No internet service,No internet service,No internet service,No internet service,Two year,No,Mailed check,18.75,527.9,No
C05083,Male,64.0,0,No,No,40,No,No phone service,Fiber optic,Yes,Yes,No,No,No,No,Two year,No,Electronic check,56.15,2179.66,No
C04246,Female,26.0,0,No,No,26,Yes,No,No,No internet service,No internet service,No internet service,No internet service,No internet service,No internet service,One year,Yes,Credit card,26.99,816.31,No
C06408,Female,18.0,0,Yes,No,6,Yes,Yes,No,No internet service,No internet service,No internet service,No internet service,No internet service,No internet service,One year,Yes,Electronic check,29.57,244.65,No
C00955,Male,33.0,0,Yes,Yes,43,No,No phone service,No,No internet service,No internet service,No internet service,No internet service,No internet service,No internet service,Two year,No,Electronic check,18.0,791.59,No
C02576,Female,35.0,0,Yes,No,28,Yes,No,DSL,No,No,Yes,Yes,No,No,One year,No,Electronic check,53.56,1672.37,No
C06483,Male,33.0,0,Yes,No,16,Yes,No,Fiber optic,No,No,Yes,No,No,Yes,One year,No,Mailed check,70.8,1269.69,No
C03348,Female,40.0,0,No,No,35,Yes,No,DSL,No,No,No,No,Yes,No,Month-to-month,No,Bank transfer,50.52,1748.02,No
C06388,Female,36.0,0,Yes,No,50,No,No phone service,DSL,Yes,No,No,No,Yes,Yes,Two year,Yes,Credit card,68.98,3575.21,No
C01550,Male,45.0,0,Yes,Yes,8,Yes,No,Fiber optic,No,No,No,No,Yes,Yes,Month-to-month,Yes,Electronic check,54.69,661.03,Yes
C04288,Female,54.0,0,Yes,Yes,38,Yes,Yes,DSL,No,No,Yes,Yes,Yes,Yes,One year,No,Electronic check,70.02,2705.55,No
C02900,Female,41.0,0,No,No,48,Yes,No,Fiber optic,No,No,No,No,No,No,One year,Yes,Bank transfer,56.76,2267.22,No
C05206,Female,37.0,0,No,No,30,Yes,No,DSL,Yes,No,No,No,Yes,Yes,Month-to-month,Yes,Credit card,75.5,2514.63,No
C06476,Female,36.0,0,No,Yes,39,Yes,No,DSL,No,Yes,Yes,No,Yes,Yes,Two year,Yes,Mailed check,57.65,2397.64,No
C05609,Male,31.0,0,No,No,36,Yes,No,DSL,No,Yes,No,No,No,Yes,One year,Yes,Bank transfer,48.16,1971.01,No
C00285,Male,39.0,0,Yes,Yes,23,Yes,No,DSL,No,No,Yes,Yes,No,Yes,Month-to-month,Yes,Credit card,51.03,1288.94,No
C03919,Male,46.0,0,No,No,1,No,No phone service,DSL,Yes,No,No,No,Yes,Yes,Month-to-month,Yes,Bank transfer,56.7,43.16,No
C01945,Female,60.0,0,Yes,No,14,Yes,No,Fiber optic,No,No,No,No,No,No,Month-to-month,Yes,Mailed check,52.65,895.5,Yes
C02541,Male,57.0,0,No,No,0,Yes,No,DSL,No,No,Yes,No,Yes,Yes,Month-to-month,No,Electronic check,45.93,115.86,No
C02487,Female,57.0,0,Yes,Yes,24,Yes,No,No,No internet service,No internet service,No internet service,No internet service,No internet service,No internet service,Month-to-month,Yes,Electronic check,18.0,621.1,No
C07146,Female,41.0,0,No,No,22,Yes,No,Fiber optic,Yes,Yes,No,No,No,No,Two year,Yes,Credit card,66.58,1502.44,No
C02233,Male,56.0,0,No,No,2,Yes,Yes,DSL,No,Yes,No,No,No,Yes,Two year,Yes,Mailed check,62.33,202.54,No
C01254,Male,48.0,0,Yes,No,45,Yes,No,Fiber optic,No,No,Yes,No,No,No,One year,No,Electronic check,54.01,2693.05,No
C04388,Male,54.0,0,Yes,No,44,Yes,No,Fiber optic,No,No,No,No,Yes,No,One year,No,Electronic check,65.58,3082.18,No
C02151,Male,56.0,0,No,No,3,Yes,Yes,No,No internet service,No internet service,No internet service,No internet service,No internet service,No internet service,Two year,Yes,Mailed check,28.61,190.49,No
C04323,Female,41.0,0,No,No,52,Yes,Yes,Fiber optic,Yes,Yes,No,Yes,No,No,Two year,Yes,Electronic check,79.78,4460.54,No
C06264,Male,45.0,0,No,No,58,Yes,Yes,DSL,No,No,No,Yes,Yes,Yes,Two year,No,Bank transfer,66.38,4009.88,No
C05562,Male,61.0,0,No,No,49,Yes,Yes,No,No internet service,No internet service,No internet service,No internet service,No internet service,No internet service,Month-to-month,Yes,Mailed check,37.0,1681.91,No
C02208,Female,53.0,0,Yes,No,17,Yes,Yes,No,No internet service,No internet service,No internet service,No internet service,No internet service,No internet service,Month-to-month,No,Electronic check,33.71,632.88,No
C06595,Female,30.0,0,No,No,11,Yes,No,Fiber optic,No,No,Yes,No,No,No,Month-to-month,No,Bank transfer,60.89,839.0,No
C06078,Male,55.0,0,Yes,No,23,Yes,Yes,DSL,No,No,No,Yes,Yes,Yes,One year,Yes,Credit card,62.33,1475.0,No
C07092,Male,49.0,0,No,Yes,20,Yes,Yes,Fiber optic,Yes,No,No,No,Yes,Yes,One year,Yes,Electronic check,81.11,1724.76,No
C02752,Male,48.0,0,Yes,Yes,60,Yes,No,No,No internet service,No internet service,No internet service,No internet service,No internet service,No internet service,Two year,No,Mailed check,32.09,2037.45,No
C02695,Male,44.0,0,No,No,46,Yes,No,Fiber optic,Yes,No,No,Yes,Yes,Yes,Two year,Yes,Credit card,86.78,4296.2,No
C06009,Female,35.0,0,Yes,No,17,Yes,No,DSL,Yes,Yes,Yes,No,Yes,Yes,Month-to-month,No,Mailed check,72.11,1051.525,No
C00844,Female,35.0,0,No,No,30,Yes,Yes,No,No internet service,No internet service,No internet service,No internet service,No internet service,No internet service,Month-to-month,No,Electronic check,29.65,1007.07,Yes
C06445,Male,22.0,0,No,No,0,Yes,No,Fiber optic,No,No,Yes,Yes,No,No,Month-to-month,No,Electronic check,63.78,171.21,Yes
C04852,Male,59.0,0,No,No,26,Yes,Yes,Fiber optic,Yes,Yes,No,Yes,No,Yes,Month-to-month,No,Electronic check,81.66,2123.48,Yes
C06114,Male,27.0,0,No,No,28,Yes,No,DSL,No,No,No,Yes,No,Yes,One year,Yes,Bank transfer,56.97,1514.09,No
C02868,Male,18.0,0,No,No,49,Yes,No,Fiber optic,Yes,No,No,No,No,No,Two year,No,Bank transfer,52.48,2793.8,No
C03214,Male,44.0,0,Yes,No,6,Yes,Yes,Fiber optic,Yes,No,No,No,Yes,Yes,Month-to-month,No,Electronic check,72.81,553.55,Yes
C05722,Male,41.0,0,No,No,43,Yes,Yes,Fiber optic,No,Yes,No,No,No,Yes,Two year,No,Electronic check,66.51,3058.15,No
C05528,Female,44.0,0,Yes,No,15,Yes,Yes,Fiber optic,Yes,No,No,Yes,Yes,Yes,Month-to-month,No,Credit card,88.69,1233.42,No
C03625,Female,60.0,0,Yes,Yes,27,No,No phone service,DSL,No,Yes,Yes,Yes,No,No,Month-to-month,Yes,Credit card,50.71,1473.12,Yes
C00501,Female,33.0,0,No,No,31,Yes,No,DSL,Yes,Yes,No,No,No,No,One year,Yes,Credit card,52.32,1880.43,No
C05342,Female,42.0,0,Yes,Yes,2,Yes,Yes,Fiber optic,Yes,No,Yes,No,No,No,Month-to-month,Yes,Mailed check,69.92,144.56,No
C00309,Male,38.0,0,No,Yes,9,Yes,No,DSL,No,Yes,No,Yes,Yes,No,Month-to-month,Yes,Bank transfer,55.48,678.37,Yes
C05743,Female,32.0,0,No,Yes,26,Yes,No,DSL,No,No,Yes,Yes,Yes,No,Two year,No,Electronic check,47.86,1347.34,No
C03398,Male,46.0,0,Yes,Yes,27,Yes,Yes,DSL,No,Yes,No,No,No,No,Month-to-month,Yes,Electronic check,47.6,1612.69,No
C05958,Female,20.0,0,No,No,16,Yes,No,No,No internet service,No internet service,No internet service,No internet service,No internet service,No internet service,Month-to-month,Yes,Credit card,33.05,604.2,No
C01221,Female,29.0,0,Yes,Yes,0,Yes,No,Fiber optic,No,No,No,No,No,No,Month-to-month,Yes,Mailed check,45.95,67.04,Yes
C03160,Male,36.0,0,No,No,0,Yes,No,DSL,No,Yes,No,Yes,Yes,No,Month-to-month,No,Electronic check,53.37,160.49,No
C02804,Female,25.0,0,No,No,35,No,No phone service,No,No internet service,No internet service,No internet service,No internet service,No internet service,No internet service,Month-to-month,No,Bank transfer,18.0,725.59,No
C05182,Male,39.0,0,No,No,28,Yes,Yes,No,No internet service,No internet service,No internet service,No internet service,No internet service,No internet service,One year,No,Electronic check,35.55,916.01,No
C03444,Male,56.0,0,No,Yes,14,Yes,Yes,DSL,No,No,No,No,Yes,No,Month-to-month,No,Electronic check,54.53,777.65,Yes
C06035,Female,47.0,0,No,No,72,Yes,Yes,No,No internet service,No internet service,No internet service,No internet service,No internet service,No internet service,One year,Yes,Bank transfer,40.86,3207.86,No
C00429,Male,23.0,0,No,No,37,Yes,Yes,Fiber optic,No,Yes,Yes,Yes,No,No,One year,Yes,Electronic check,80.65,3345.59,No
C02677,Male,48.0,0,Yes,No,1,Yes,Yes,DSL,Yes,No,Yes,No,No,No,Month-to-month,Yes,Credit card,47.38,43.78,No
C03573,Female,33.0,0,No,No,46,Yes,No,DSL,No,No,Yes,No,Yes,No,Month-to-month,Yes,Electronic check,48.54,2161.22,No
C03303,Male,65.0,0,No,No,31,Yes,No,Fiber optic,Yes,No,No,Yes,Yes,No,Month-to-month,No,Electronic check,77.58,2330.89,No
C05322,Male,57.0,0,No,No,24,Yes,No,DSL,Yes,Yes,No,Yes,Yes,Yes,Month-to-month,No,Electronic check,78.63,1852.0,No
C00898,Male,49.0,0,No,No,13,Yes,No,DSL,No,No,No,Yes,No,Yes,One year,Yes,Credit card,52.81,847.02,No
C07164,Male,34.0,0,No,No,57,Yes,No,No,No internet service,No internet service,No internet service,No internet service,No internet service,No internet service,Two year,Yes,Bank transfer,28.55,1789.93,No
C05275,Female,58.0,0,No,No,29,Yes,No,Fiber optic,Yes,No,Yes,No,No,No,Month-to-month,Yes,Electronic check,71.09,2063.92,No
C02520,Male,44.0,0,Yes,Yes,21,Yes,No,DSL,No,No,No,No,Yes,No,Month-to-month,Yes,Bank transfer,48.56,1193.42,Yes
C06314,Female,27.0,0,Yes,No,22,Yes,Yes,Fiber optic,Yes,Yes,No,Yes,Yes,No,One year,No,Bank transfer,85.62,1793.76,No
C03493,Female,42.0,0,No,No,21,Yes,No,Fiber optic,No,Yes,Yes,Yes,Yes,No,One year,No,Electronic check,79.62,1737.41,No
C06155,Male,27.0,0,No,No,33,Yes,No,Fiber optic,No,No,No,No,No,No,Month-to-month,Yes,Credit card,75.53,2275.92,No
C02393,Female,42.0,0,Yes,No,12,Yes,Yes,DSL,No,No,No,Yes,No,No,Month-to-month,Yes,Electronic check,65.04,818.15,No
C00705,Male,53.0,0,No,No,10,Yes,No,Fiber optic,Yes,Yes,No,No,Yes,No,One year,No,Electronic check,73.29,985.7,Yes
C02604,Female,18.0,0,No,No,19,Yes,No,DSL,No,No,Yes,Yes,No,Yes,Month-to-month,Yes,Electronic check,60.01,1277.15,Yes
C07172,Female,35.0,0,No,No,42,Yes,Yes,DSL,No,Yes,Yes,Yes,Yes,No,Two year,Yes,Mailed check,62.41,2839.96,No
C04327,Male,20.0,0,No,No,42,Yes,No,DSL,Yes,Yes,No,Yes,No,Yes,Two year,No,Electronic check,55.1,2601.11,No
C05596,Female,55.0,0,Yes,Yes,42,Yes,No,DSL,No,No,Yes,No,No,No,One year,No,Electronic check,36.32,1639.36,No
C00841,Female,46.0,0,No,No,69,No,No phone service,DSL,No,No,No,Yes,Yes,No,Two year,Yes,Credit card,53.35,3926.82,No
C05583,Male,42.0,0,Yes,Yes,32,Yes,No,Fiber optic,No,Yes,Yes,No,No,Yes,One year,No,Electronic check,78.14,2430.5,No
C01661,Female,41.0,0,No,No,61,Yes,No,Fiber optic,No,No,No,No,No,Yes,Two year,No,Credit card,59.52,3810.36,No
C06752,Male,67.0,1,Yes,No,23,Yes,Yes,Fiber optic,No,No,No,Yes,Yes,No,Month-to-month,Yes,Bank transfer,67.7,1709.67,Yes
C00824,Female,31.0,0,Yes,No,52,Yes,No,DSL,No,Yes,No,No,Yes,Yes,One year,No,Bank transfer,61.36,3200.73,No
C03857,Male,72.0,1,Yes,Yes,51,Yes,Yes,No,No internet service,No internet service,No internet service,No internet service,No internet service,No internet service,Two year,No,Credit card,19.68,1074.93,No
C03577,Female,56.0,0,No,No,38,No,No phone service,Fiber optic,Yes,No,No,No,No,No,Two year,No,Electronic check,49.0,1917.99,No
C00573,Female,37.0,0,Yes,No,56,Yes,No,Fiber optic,No,No,No,No,Yes,Yes,One year,Yes,Bank transfer,72.58,3996.97,No
C00116,Female,46.0,0,No,Yes,55,Yes,No,No,No internet service,No internet service,No internet service,No internet service,No internet service,No internet service,Two year,Yes,Electronic check,30.8,1764.59,No
C05387,Male,25.0,0,Yes,Yes,52,Yes,No,Fiber optic,No,No,No,Yes,No,No,Two year,Yes,Bank transfer,49.41,2511.44,No
C02236,Male,50.0,0,Yes,No,0,Yes,No,No,No internet service,No internet service,No internet service,No internet service,No internet service,No internet service,Month-to-month,No,Credit card,19.62,163.02,No
C06793,Male,53.0,0,Yes,No,7,Yes,No,No,No internet service,No internet service,No internet service,No internet service,No internet service,No internet service,Month-to-month,No,Electronic check,18.0,106.95,No
C05622,Female,44.0,0,Yes,No,66,Yes,No,Fiber optic,No,No,No,No,No,No,One year,No,Electronic check,56.43,3766.65,No
C01970,Male,38.0,0,No,No,43,Yes,Yes,DSL,No,Yes,No,No,No,Yes,Two year,Yes,Electronic check,51.49,2617.13,No
C03654,Female,55.0,0,No,No,13,No,No phone service,Fiber optic,No,No,Yes,No,No,No,Two year,No,Credit card,63.48,898.52,No
C04282,Female,33.0,0,No,No,55,Yes,No,Fiber optic,No,Yes,No,No,Yes,No,Two year,Yes,Mailed check,80.15,4587.29,No
C03602,Female,26.0,0,Yes,Yes,44,Yes,No,DSL,Yes,No,No,No,No,Yes,Two year,Yes,Bank transfer,46.74,2243.54,No
C01840,Female,31.0,0,Yes,Yes,11,Yes,Yes,DSL,Yes,Yes,Yes,No,Yes,No,Month-to-month,Yes,Electronic check,62.28,751.0,No
C02449,Male,61.0,0,Yes,No,47,Yes,No,DSL,No,No,No,No,Yes,No,Two year,Yes,Electronic check,39.08,1775.36,No
C06735,Male,49.0,0,Yes,Yes,72,Yes,Yes,DSL,No,No,Yes,No,No,No,Two year,Yes,Electronic check,56.3,4385.04,No
C00662,Male,44.0,0,Yes,Yes,39,Yes,No,DSL,No,Yes,No,No,No,Yes,Month-to-month,Yes,Electronic check,55.37,2019.81,No
C03204,Female,68.0,1,Yes,Yes,18,Yes,Yes,DSL,Yes,Yes,No,No,No,No,Month-to-month,No,Credit card,53.38,1147.91,No
C03189,Male,45.0,0,No,No,47,Yes,No,DSL,No,Yes,No,No,No,No,Month-to-month,No,Electronic check,49.34,2788.74,No
C06029,Male,24.0,0,No,No,0,Yes,No,DSL,No,Yes,No,No,No,No,Month-to-month,Yes,Credit card,41.22,105.59,Yes
C01925,Female,43.0,0,Yes,No,46,Yes,No,Fiber optic,No,No,No,No,No,No,One year,Yes,Mailed check,59.84,2662.68,No
C01422,Female,35.0,0,No,Yes,72,Yes,Yes,Fiber optic,No,Yes,Yes,Yes,Yes,Yes,One year,Yes,Bank transfer,88.66,6340.53,No
C01140,Male,42.0,0,No,No,23,Yes,Yes,Fiber optic,No,No,No,No,Yes,No,Month-to-month,Yes,Electronic check,68.37,1805.01,Yes
C04860,Female,58.0,0,No,Yes,0,Yes,No,DSL,Yes,No,No,Yes,No,No,Month-to-month,Yes,Bank transfer,55.38,52.98,No
C02738,Male,60.0,0,No,No,10,Yes,Yes,Fiber optic,No,No,No,Yes,Yes,Yes,Month-to-month,Yes,Credit card,85.53,928.14,No
C03099,Female,37.0,0,No,Yes,0,Yes,No,No,No internet service,No internet service,No internet service,No internet service,No internet service,No internet service,Month-to-month,Yes,Credit card,37.78,49.48,No
C05403,Male,24.0,0,No,No,53,Yes,No,DSL,Yes,No,Yes,No,Yes,No,Two year,No,Mailed check,51.98,2994.81,No
C07016,Male,31.0,0,Yes,No,1,Yes,No,Fiber optic,Yes,No,No,No,No,No,Month-to-month,Yes,Electronic check,57.65,136.11,Yes
C04820,Female,42.0,0,Yes,Yes,16,Yes,No,DSL,No,No,Yes,No,No,Yes,Month-to-month,No,Electronic check,58.9,1027.02,Yes
C02061,Male,52.0,0,No,Yes,19,Yes,No,DSL,No,No,Yes,Yes,No,No,One year,Yes,Bank transfer,48.19,953.44,No
C03010,Male,19.0,0,No,No,18,Yes,No,Fiber optic,No,No,No,No,Yes,Yes,One year,No,Bank transfer,60.95,1358.52,No
C05570,Female,55.0,0,No,No,0,Yes,No,No,No internet service,No internet service,No internet service,No internet service,No internet service,No internet service,Month-to-month,No,Electronic check,21.74,54.87,No
C01071,Female,39.0,0,No,No,13,Yes,Yes,Fiber optic,No,No,No,No,No,No,Month-to-month,Yes,Mailed check,55.37,792.18,Yes
C00175,Female,38.0,0,No,No,22,Yes,No,DSL,No,No,No,No,Yes,Yes,Month-to-month,No,Bank transfer,53.94,1329.11,No
C06391,Female,50.0,0,No,No,18,Yes,No,No,No internet service,No internet service,No internet service,No internet service,No internet service,No internet service,Month-to-month,No,Electronic check,19.46,427.88,Yes
C00091,Male,64.0,0,Yes,Yes,10,Yes,Yes,Fiber optic,No,Yes,No,No,Yes,No,Month-to-month,Yes,Credit card,71.62,785.94,No
C02155,Male,39.0,0,No,No,20,Yes,No,DSL,Yes,Yes,No,No,No,No,Month-to-month,Yes,Electronic check,55.02,1219.63,Yes
C03158,Female,65.0,0,Yes,Yes,30,Yes,Yes,DSL,No,No,No,No,No,Yes,Month-to-month,No,Electronic check,54.06,1781.27,No
C00590,Male,24.0,0,Yes,No,48,Yes,No,Fiber optic,No,Yes,No,Yes,No,No,Month-to-month,Yes,Electronic check,77.71,3808.99,Yes
C00064,Female,29.0,0,No,No,0,Yes,Yes,Fiber optic,No,Yes,No,No,Yes,No,Month-to-month,Yes,Electronic check,79.5,47.34,Yes
C04092,Female,56.0,0,Yes,Yes,31,Yes,No,DSL,Yes,No,No,No,Yes,Yes,Two year,Yes,Electronic check,63.82,2218.66,No
C06326,Female,36.0,0,No,Yes,67,Yes,No,DSL,No,Yes,No,No,Yes,Yes,Two year,No,Mailed check,60.29,3783.82,No
C06916,Female,65.0,0,Yes,No,44,Yes,Yes,No,No internet service,No internet service,No internet service,No internet service,No internet service,No internet service,Month-to-month,No,Credit card,27.74,1296.59,No
C03911,Female,30.0,0,Yes,No,26,Yes,No,DSL,No,No,No,Yes,Yes,No,Month-to-month,Yes,Credit card,60.11,1723.48,No
C03069,Male,31.0,0,No,No,24,Yes,No,No,No internet service,No internet service,No internet service,No internet service,No internet service,No internet service,Two year,No,Bank transfer,27.56,776.34,No
C04569,Female,30.0,0,No,No,39,Yes,Yes,Fiber optic,No,No,Yes,Yes,No,Yes,Month-to-month,Yes,Electronic check,75.39,2733.14,Yes
C00198,Female,51.0,0,Yes,Yes,47,Yes,No,Fiber optic,No,No,No,No,No,Yes,Two year,No,Mailed check,64.08,3046.89,No
C01533,Female,40.0,0,Yes,Yes,56,Yes,Yes,No,No internet service,No internet service,No internet service,No internet service,No internet service,No internet service,Two year,Yes,Credit card,28.4,1805.03,No
C02671,Female,49.0,0,No,No,0,No,No phone service,DSL,Yes,Yes,Yes,Yes,Yes,No,Month-to-month,Yes,Electronic check,67.75,33.16,No
C06629,Female,60.0,0,Yes,Yes,25,Yes,No,DSL,Yes,No,No,No,Yes,Yes,Month-to-month,No,Bank transfer,62.57,1673.86,No
C03815,Female,33.0,0,No,No,37,Yes,No,DSL,Yes,No,Yes,No,No,Yes,Month-to-month,Yes,Electronic check,56.19,2382.91,No
C02674,Male,37.0,0,No,No,64,Yes,No,DSL,No,No,Yes,No,Yes,No,Two year,No,Credit card,51.24,2904.38,No
C05917,Male,52.0,0,Yes,No,24,Yes,Yes,Fiber optic,Yes,No,No,No,Yes,No,Month-to-month,No,Electronic check,69.32499999999999,1640.77,Yes
C05772,Male,31.0,0,Yes,No,7,Yes,Yes,Fiber optic,Yes,No,Yes,No,No,Yes,Month-to-month,No,Bank transfer,72.81,506.55,No
C05062,Male,25.0,0,Yes,No,58,Yes,Yes,DSL,No,No,Yes,No,No,No,Two year,Yes,Electronic check,47.42,2840.63,No
C06640,Male,29.0,0,No,No,50,Yes,No,Fiber optic,Yes,Yes,No,No,No,Yes,Month-to-month,Yes,Bank transfer,68.17,3356.9,No
C02683,Female,62.0,0,Yes,No,52,No,No phone service,Fiber optic,No,No,No,Yes,No,Yes,Month-to-month,No,Electronic check,61.49,3211.54,No
C02207,Female,73.0,1,Yes,Yes,32,Yes,No,Fiber optic,No,Yes,No,Yes,No,No,Month-to-month,No,Credit card,63.69,2035.065,No
C05235,Male,45.0,0,Yes,No,51,Yes,No,Fiber optic,No,No,Yes,No,No,Yes,One year,No,Mailed check,62.55,3224.91,No
C02586,Male,32.0,0,No,No,16,Yes,Yes,Fiber optic,No,Yes,Yes,No,No,Yes,One year,Yes,Electronic check,73.27,1300.62,No
C00398,Female,18.0,0,No,No,55,Yes,No,Fiber optic,No,Yes,Yes,No,No,No,Two year,Yes,Electronic check,67.54,4066.63,No
C01610,Male,45.0,0,No,No,24,Yes,No,Fiber optic,No,No,No,No,No,No,One year,Yes,Mailed check,48.81,1236.86,Yes
C02878,Male,53.0,0,No,Yes,0,Yes,No,Fiber optic,No,Yes,No,No,Yes,No,Month-to-month,Yes,Electronic check,54.73,169.58,Yes
C03105,Female,28.0,0,No,No,8,Yes,No,DSL,No,No,No,Yes,Yes,No,Month-to-month,No,Credit card,43.24,468.95,Yes
C00932,Male,51.0,0,Yes,No,53,Yes,No,No,No internet service,No internet service,No internet service,No internet service,No internet service,No internet service,One year,Yes,Electronic check,18.0,1177.21,No
C03366,Female,31.0,0,Yes,No,13,Yes,Yes,No,No internet service,No internet service,No internet service,No internet service,No internet service,No internet service,Month-to-month,Yes,Mailed check,22.23,365.7,No
C05041,Male,38.0,0,No,No,0,Yes,Yes,DSL,No,Yes,Yes,No,Yes,No,Month-to-month,Yes,Credit card,61.44,27.56,Yes
C01621,Female,49.0,0,Yes,Yes,31,No,No phone service,Fiber optic,No,No,Yes,No,Yes,No,Two year,Yes,Mailed check,62.33,2220.08,Yes
C06058,Male,38.0,0,Yes,No,2,Yes,Yes,Fiber optic,Yes,No,No,No,No,No,Month-to-month,Yes,Credit card,60.04,197.31,Yes
C03084,Female,27.0,0,No,No,11,Yes,Yes,Fiber optic,Yes,Yes,No,Yes,Yes,No,Month-to-month,Yes,Mailed check,86.85,1011.66,Yes
C04289,Male,30.0,0,No,Yes,16,Yes,Yes,DSL,Yes,No,No,Yes,Yes,Yes,Month-to-month,Yes,Bank transfer,75.86,1232.62,No
C03275,Male,49.0,0,No,No,25,Yes,No,Fiber optic,Yes,No,No,Yes,No,No,Month-to-month,No,Credit card,73.34,1638.4,Yes
C02293,Male,63.0,0,No,No,67,Yes,No,DSL,No,No,No,No,Yes,No,Two year,Yes,Electronic check,38.92,2804.74,No
C04193,Female,43.0,0,Yes,Yes,0,Yes,Yes,Fiber optic,No,No,Yes,No,Yes,No,Month-to-month,Yes,Electronic check,62.3,153.55,No
C01404,Female,32.0,0,No,Yes,20,Yes,No,DSL,No,No,Yes,Yes,No,No,Two year,No,Electronic check,39.05,869.28,Yes
C04418,Female,49.0,0,No,No,29,Yes,Yes,DSL,Yes,Yes,No,Yes,No,No,One year,Yes,Credit card,53.22,1377.8,No
C02805,Female,50.0,0,No,No,0,No,No phone service,Fiber optic,No,No,No,No,No,Yes,Month-to-month,Yes,Bank transfer,62.25,119.97,Yes
C04024,Female,45.0,0,No,Yes,45,No,No phone service,No,No internet service,No internet service,No internet service,No internet service,No internet service,No internet service,One year,No,Mailed check,18.0,1111.85,No
C03772,Male,51.0,0,Yes,No,19,Yes,No,Fiber optic,No,No,Yes,No,No,Yes,One year,No,Credit card,64.53,1202.93,No
C05299,Male,36.0,0,No,No,43,Yes,Yes,No,No internet service,No internet service,No internet service,No internet service,No internet service,No internet service,Two year,No,Bank transfer,35.06,1694.52,No
C03679,Male,23.0,0,No,No,59,Yes,No,Fiber optic,No,No,No,No,No,No,Two year,Yes,Bank transfer,52.07,2807.98,No
C06761,Male,32.0,0,No,No,4,Yes,Yes,No,No internet service,No internet service,No internet service,No internet service,No internet service,No internet service,Month-to-month,Yes,Electronic check,49.87,323.87,No
C05802,Male,30.0,0,Yes,No,23,Yes,No,Fiber optic,Yes,No,No,Yes,Yes,No,Month-to-month,Yes,Bank transfer,75.45,1861.32,Yes
C05244,Female,18.0,0,No,No,13,No,No phone service,No,No internet service,No internet service,No internet service,No internet service,No internet service,No internet service,Month-to-month,No,Electronic check,25.99,496.61,No
C02871,Female,49.0,0,Yes,Yes,3,Yes,Yes,DSL,Yes,Yes,No,No,Yes,No,Two year,Yes,Electronic check,58.55,249.14,No
C01186,Male,56.0,0,No,No,50,No,No phone service,DSL,No,No,No,No,Yes,No,One year,Yes,Credit card,35.61,1812.96,Yes
C06387,Female,60.0,0,Yes,Yes,4,No,No phone service,Fiber optic,Yes,Yes,No,No,No,No,Month-to-month,Yes,Mailed check,64.06,306.99,No
C01259,Female,42.0,0,Yes,No,49,Yes,No,Fiber optic,Yes,Yes,No,No,No,No,Two year,Yes,Mailed check,68.61,3661.9,No
C04925,Male,48.0,0,No,No,27,Yes,No,Fiber optic,No,No,Yes,Yes,No,No,One year,Yes,Electronic check,61.67,1929.58,No
C06242,Male,49.0,0,No,Yes,39,Yes,Yes,Fiber optic,No,No,No,No,No,Yes,One year,No,Electronic check,67.79,2794.8,Yes
C02272,Male,73.0,1,Yes,No,28,Yes,No,Fiber optic,Yes,Yes,Yes,Yes,Yes,Yes,One year,Yes,Electronic check,90.65,2818.43,Yes
C00711,Female,18.0,0,No,No,24,Yes,No,DSL,No,No,No,Yes,No,No,Month-to-month,Yes,Electronic check,54.19,1327.45,No
C05410,Female,51.0,0,No,No,44,Yes,Yes,No,No internet service,No internet service,No internet service,No internet service,No internet service,No internet service,One year,Yes,Credit card,31.02,1478.77,No
C05869,Male,55.0,0,No,No,20,Yes,No,Fiber optic,No,No,No,No,Yes,Yes,Two year,Yes,Bank transfer,69.01,1334.03,No
C06592,Female,43.0,0,Yes,Yes,51,Yes,Yes,DSL,No,Yes,Yes,Yes,Yes,Yes,Month-to-month,Yes,Credit card,76.06,3877.72,No
C04184,Female,41.0,0,No,Yes,0,Yes,Yes,Fiber optic,No,Yes,No,No,No,No,Month-to-month,Yes,Electronic check,63.36,167.06,Yes
C00298,Female,43.0,0,No,Yes,27,Yes,No,No,No internet service,No internet service,No internet service,No internet service,No internet service,No internet service,One year,No,Bank transfer,19.04,600.83,No
C00381,Male,38.0,0,No,No,0,Yes,Yes,DSL,Yes,No,No,No,No,No,Month-to-month,No,Electronic check,49.75,89.11,Yes
C01565,Male,39.0,0,No,No,28,Yes,Yes,DSL,No,No,No,Yes,No,No,Month-to-month,No,Mailed check,52.83,1567.41,No
C00668,Female,42.0,0,No,No,15,Yes,No,Fiber optic,No,No,No,No,No,Yes,Month-to-month,Yes,Electronic check,65.58,1095.48,Yes
C02399,Male,39.0,0,No,No,60,Yes,No,DSL,No,Yes,No,No,Yes,No,One year,Yes,Bank transfer,45.94,2646.62,No
C01814,Male,40.0,0,No,No,11,Yes,No,No,No internet service,No internet service,No internet service,No internet service,No internet service,No internet service,Two year,No,Mailed check,26.07,377.19,No
C06868,Male,52.0,0,No,Yes,15,Yes,No,DSL,No,No,Yes,No,Yes,No,Month-to-month,Yes,Bank transfer,60.16,1054.41,Yes
C06407,Male,26.0,0,No,Yes,55,Yes,Yes,Fiber optic,No,No,Yes,Yes,Yes,No,Two year,Yes,Credit card,75.95,4537.67,Yes
C00549,Female,44.0,0,Yes,No,32,Yes,Yes,Fiber optic,No,Yes,No,No,No,Yes,Two year,Yes,Mailed check,78.31,2376.95,Yes
C04678,Female,57.0,0,No,No,42,Yes,No,Fiber optic,No,No,Yes,No,No,Yes,Two year,Yes,Credit card,73.33,3392.08,Yes
C05719,Female,61.0,0,Yes,No,53,Yes,Yes,No,No internet service,No internet service,No internet service,No internet service,No internet service,No internet service,One year,Yes,Credit card,25.65,1324.99,No
C00907,Male,28.0,0,Yes,No,43,Yes,Yes,Fiber optic,Yes,No,Yes,Yes,No,No,Month-to-month,Yes,Electronic check,72.4,3045.08,No
C07195,Female,64.0,0,Yes,No,4,Yes,No,Fiber optic,Yes,No,No,Yes,No,Yes,Month-to-month,No,Electronic check,83.68,395.59,Yes
C07055,Male,57.0,0,No,No,30,Yes,No,DSL,No,Yes,No,Yes,Yes,No,Month-to-month,No,Electronic check,62.65,1880.83,No
C04113,Female,38.0,0,No,Yes,13,Yes,No,No,No internet service,No internet service,No internet service,No internet service,No internet service,No internet service,Month-to-month,No,Electronic check,22.06,295.56,Yes
C00267,Male,18.0,0,No,No,23,Yes,Yes,Fiber optic,Yes,No,Yes,No,No,Yes,Month-to-month,Yes,Bank transfer,88.97,2014.01,Yes
C05887,Female,55.0,0,No,No,16,Yes,Yes,Fiber optic,Yes,Yes,Yes,No,Yes,No,Month-to-month,No,Electronic check,73.35,1192.1,No
C01730,Male,42.0,0,No,No,49,Yes,No,Fiber optic,Yes,Yes,Yes,No,No,No,Two year,Yes,Bank transfer,68.1,3553.56,No
C00372,Female,40.0,0,No,No,72,Yes,No,Fiber optic,No,No,No,No,No,No,Two year,Yes,Bank transfer,55.14,4308.61,No
C03928,Female,18.0,0,No,No,5,Yes,No,DSL,No,No,No,No,No,No,Month-to-month,No,Electronic check,28.22,245.53,Yes
C05511,Female,42.0,0,Yes,No,34,Yes,No,Fiber optic,No,No,Yes,No,No,Yes,One year,No,Bank transfer,63.96,2286.77,No
C06198,Male,26.0,0,No,No,25,Yes,Yes,No,No internet service,No internet service,No internet service,No internet service,No internet service,No internet service,Month-to-month,Yes,Electronic check,26.11,761.47,No
C00541,Female,48.0,0,No,No,14,Yes,No,Fiber optic,Yes,No,No,No,No,No,Two year,No,Credit card,62.55,1073.11,No
C06109,Male,34.0,0,Yes,No,15,Yes,Yes,DSL,No,Yes,Yes,Yes,No,No,Month-to-month,Yes,Bank transfer,52.4,864.09,No
C01567,Female,41.0,0,Yes,No,11,Yes,Yes,DSL,No,No,No,No,No,No,Month-to-month,Yes,Electronic check,48.1,578.0,No
C06366,Female,52.0,0,Yes,No,21,Yes,No,Fiber optic,Yes,No,No,Yes,Yes,Yes,One year,Yes,Credit card,87.6,1852.9,No
C03791,Male,27.0,0,No,No,19,Yes,No,No,No internet service,No internet service,No internet service,No internet service,No internet service,No internet service,Month-to-month,No,Mailed check,25.45,640.38,Yes
C06121,Female,18.0,0,Yes,No,2,Yes,No,No,No internet service,No internet service,No internet service,No internet service,No internet service,No internet service,Month-to-month,Yes,Mailed check,22.39,119.83,No
C03477,Female,31.0,0,Yes,No,30,Yes,Yes,DSL,Yes,Yes,No,No,No,Yes,One year,No,Bank transfer,71.52,2090.56,No
C01985,Female,39.0,0,No,Yes,26,Yes,Yes,DSL,Yes,No,No,No,No,Yes,One year,Yes,Credit card,59.77,1832.74,No
C07054,Male,49.0,0,Yes,No,38,Yes,Yes,DSL,No,No,Yes,Yes,No,No,Month-to-month,No,Electronic check,54.17,2084.73,No
C03710,Female,42.0,0,No,No,66,Yes,Yes,Fiber optic,Yes,No,No,No,Yes,No,One year,No,Electronic check,69.2,4700.62,No
C06685,Female,48.0,0,Yes,No,20,No,No phone service,DSL,Yes,Yes,Yes,No,No,Yes,Month-to-month,Yes,Electronic check,51.62,1010.53,No
C05925,Female,29.0,0,Yes,No,36,Yes,Yes,DSL,No,Yes,No,Yes,No,No,Month-to-month,Yes,Mailed check,57.45,2313.82,No
C01785,Female,75.0,1,No,No,0,Yes,Yes,DSL,Yes,Yes,No,Yes,No,No,Month-to-month,No,Bank transfer,63.02,17.24,Yes
C03922,Male,68.0,1,Yes,No,45,Yes,Yes,DSL,No,Yes,No,No,Yes,Yes,Two year,Yes,Mailed check,64.13,2914.52,No
C00180,Female,29.0,0,No,No,31,Yes,No,DSL,Yes,Yes,No,No,Yes,No,Month-to-month,No,Bank transfer,50.28,1382.97,No
C05466,Male,44.0,0,Yes,No,13,Yes,Yes,Fiber optic,No,No,No,No,No,No,Month-to-month,No,Credit card,46.8,528.54,No
C06954,Female,27.0,0,No,No,14,Yes,Yes,Fiber optic,No,No,No,No,No,No,Month-to-month,Yes,Mailed check,58.67,861.68,No
C04895,Female,67.0,1,No,Yes,23,Yes,Yes,Fiber optic,No,No,Yes,No,No,No,Month-to-month,No,Mailed check,62.57,1437.955,No
C07109,Female,44.0,0,No,No,41,Yes,No,Fiber optic,No,No,Yes,No,No,No,One year,Yes,Mailed check,69.02,2950.06,No
C06210,Female,58.0,0,No,No,11,Yes,Yes,Fiber optic,No,No,No,No,No,Yes,Month-to-month,No,Electronic check,64.1,835.04,Yes
C00835,Male,60.0,0,No,No,55,Yes,Yes,DSL,Yes,Yes,No,Yes,No,No,Two year,Yes,Mailed check,72.28,4001.98,No
C04687,Female,51.0,0,No,No,49,Yes,Yes,Fiber optic,No,Yes,Yes,No,Yes,Yes,Month-to-month,Yes,Electronic check,89.26,4226.96,Yes
C03350,Female,50.0,0,Yes,No,22,Yes,Yes,No,No internet service,No internet service,No internet service,No internet service,No internet service,No internet service,Month-to-month,Yes,Electronic check,38.87,1392.57,No
C05325,Male,64.0,0,Yes,No,58,Yes,No,Fiber optic,No,No,Yes,No,No,No,One year,No,Credit card,52.09,3149.51,No
C05695,Female,22.0,0,No,No,7,Yes,No,DSL,No,No,No,No,No,No,Month-to-month,Yes,Bank transfer,31.03,195.96,No
C00807,Male,43.0,0,Yes,No,7,No,No phone service,DSL,No,No,Yes,No,No,No,Month-to-month,No,Mailed check,35.38,374.85,Yes
C06031,Female,50.0,0,Yes,No,45,Yes,Yes,Fiber optic,Yes,No,Yes,No,Yes,Yes,Two year,Yes,Bank transfer,84.52,4099.89,No
C04952,Male,42.0,0,No,No,29,Yes,Yes,Fiber optic,No,No,Yes,No,No,No,One year,Yes,Electronic check,70.54,2284.23,Yes
C03085,Female,18.0,0,No,No,65,Yes,No,Fiber optic,No,Yes,No,Yes,Yes,Yes,Two year,Yes,Electronic check,79.54,5065.5,No
C06368,Male,53.0,0,No,No,0,Yes,Yes,Fiber optic,Yes,No,Yes,No,No,No,Month-to-month,Yes,Bank transfer,69.32499999999999,21.42,Yes
C05499,Male,31.0,0,No,No,0,Yes,No,DSL,Yes,Yes,No,No,Yes,No,One year,Yes,Electronic check,53.67,172.52,Yes
C01789,Female,30.0,0,Yes,No,30,No,No phone service,Fiber optic,No,No,Yes,Yes,No,No,Month-to-month,Yes,Electronic check,68.9,1989.06,Yes
C00946,Male,23.0,0,No,No,4,Yes,No,Fiber optic,No,No,No,No,Yes,Yes,Month-to-month,Yes,Electronic check,74.49,465.17,Yes
C07070,Female,60.0,0,No,No,48,Yes,Yes,Fiber optic,No,No,No,No,No,No,Two year,Yes,Electronic check,57.88,2660.53,No
C02500,Male,70.0,1,Yes,No,54,Yes,No,Fiber optic,Yes,Yes,Yes,No,No,No,Two year,Yes,Electronic check,66.65,3454.19,No
C02358,Male,26.0,0,No,No,26,Yes,Yes,Fiber optic,No,No,Yes,Yes,No,Yes,Month-to-month,No,Bank transfer,71.9,1926.0,No
C05046,Female,68.0,1,Yes,Yes,23,Yes,No,DSL,No,No,No,Yes,No,No,Month-to-month,Yes,Bank transfer,50.28,1038.29,No
C02263,Male,42.0,0,Yes,No,52,Yes,Yes,DSL,No,No,Yes,No,No,Yes,Two year,No,Electronic check,57.54,3193.04,No
C06559,Female,21.0,0,Yes,Yes,8,No,No phone service,DSL,No,No,Yes,Yes,No,No,Month-to-month,Yes,Bank transfer,41.74,467.84,No
C01119,Male,56.0,0,Yes,Yes,0,Yes,No,DSL,No,Yes,No,No,No,Yes,Month-to-month,No,Credit card,52.03,177.54,No
C06882,Male,41.0,0,No,No,43,Yes,Yes,DSL,No,Yes,No,No,No,Yes,Month-to-month,Yes,Electronic check,57.68,2342.43,No
C02660,Female,18.0,0,No,No,12,No,No phone service,Fiber optic,No,No,Yes,No,Yes,Yes,Month-to-month,Yes,Credit card,73.49,810.11,Yes
C01900,Female,38.0,0,No,No,0,Yes,Yes,DSL,Yes,No,No,Yes,Yes,No,Month-to-month,No,Credit card,71.04,137.1,No
C01632,Male,57.0,0,No,Yes,55,Yes,No,DSL,Yes,No,Yes,No,No,No,Month-to-month,Yes,Credit card,47.29,2618.32,No
C03478,Male,79.0,1,Yes,No,7,Yes,No,Fiber optic,Yes,No,Yes,No,Yes,No,Two year,Yes,Credit card,61.0,553.53,No
C03420,Female,45.0,0,No,No,49,Yes,No,No,No internet service,No internet service,No internet service,No internet service,No internet service,No internet service,Month-to-month,No,Bank transfer,28.22,1305.8,No
C06130,Female,33.0,0,No,No,16,Yes,No,Fiber optic,No,Yes,No,No,Yes,No,Two year,No,Electronic check,69.32499999999999,1126.79,Yes
C06034,Female,52.0,0,Yes,No,45,No,No phone service,No,No internet service,No internet service,No internet service,No internet service,No internet service,No internet service,Two year,Yes,Credit card,18.0,889.1,No
C04484,Female,26.0,0,Yes,No,0,Yes,No,DSL,Yes,No,Yes,Yes,Yes,Yes,Month-to-month,No,Electronic check,70.57,178.51,No
C02220,Male,40.0,0,Yes,No,66,Yes,Yes,No,No internet service,No internet service,No internet service,No internet service,No internet service,No internet service,One year,No,Credit card,37.36,2367.36,No
C02133,Female,49.0,0,No,No,8,Yes,Yes,No,No internet service,No internet service,No internet service,No internet service,No internet service,No internet service,Month-to-month,No,Electronic check,35.55,418.92,No
C01494,Female,79.0,1,Yes,No,53,Yes,Yes,DSL,Yes,No,No,No,No,No,One year,No,Credit card,50.45,2707.43,No
C01721,Female,48.0,0,No,No,29,Yes,No,Fiber optic,Yes,No,No,No,Yes,No,Month-to-month,No,Mailed check,68.1,1830.86,No
C03262,Male,38.0,0,No,Yes,19,Yes,Yes,Fiber optic,No,No,Yes,No,Yes,Yes,Month-to-month,No,Credit card,75.05,1556.01,Yes
C02311,Male,20.0,0,No,No,16,No,No phone service,Fiber optic,No,No,No,No,Yes,Yes,One year,No,Mailed check,59.95,1080.14,No
C05792,Female,36.0,0,No,Yes,27,Yes,Yes,Fiber optic,No,Yes,No,No,No,No,Two year,Yes,Bank transfer,64.89,1939.49,No
C02122,Female,55.0,0,Yes,No,33,Yes,No,Fiber optic,Yes,No,Yes,Yes,No,No,One year,No,Mailed check,63.71,2095.5,No
C03915,Female,41.0,0,Yes,Yes,63,Yes,No,No,No internet service,No internet service,No internet service,No internet service,No internet service,No internet service,Two year,Yes,Mailed check,23.97,1422.5,No
C03820,Female,44.0,0,Yes,Yes,11,Yes,Yes,Fiber optic,No,No,No,No,No,Yes,Month-to-month,Yes,Mailed check,64.08,801.81,No
C04039,Male,45.0,0,No,No,35,Yes,No,No,No internet service,No internet service,No internet service,No internet service,No internet service,No internet service,Month-to-month,No,Bank transfer,31.96,1286.45,No
C02570,Male,64.0,0,Yes,Yes,55,Yes,No,Fiber optic,No,No,No,No,No,Yes,Two year,Yes,Mailed check,63.87,3219.53,No
C05878,Male,40.0,0,No,No,52,Yes,No,No,No internet service,No internet service,No internet service,No internet service,No internet service,No internet service,Two year,Yes,Mailed check,27.79,1478.78,No
C03058,Male,49.0,0,Yes,No,50,Yes,No,Fiber optic,Yes,No,No,No,Yes,No,Two year,Yes,Credit card,71.42,3596.11,No
C00322,Male,63.0,0,Yes,No,14,Yes,No,No,No internet service,No internet service,No internet service,No internet service,No internet service,No internet service,One year,No,Credit card,35.48,594.44,No
C04194,Female,18.0,0,No,No,35,Yes,Yes,Fiber optic,No,No,Yes,Yes,No,No,One year,Yes,Credit card,72.88,2581.96,No
C01631,Male,72.0,1,Yes,Yes,58,Yes,Yes,DSL,No,Yes,Yes,No,Yes,Yes,Month-to-month,No,Credit card,69.0,3963.85,Yes
C06102,Female,32.0,0,No,No,19,No,No phone service,Fiber optic,No,Yes,No,No,Yes,No,Month-to-month,Yes,Electronic check,58.45,1319.39,Yes
C04554,Female,33.0,0,Yes,No,50,Yes,Yes,Fiber optic,Yes,No,No,No,Yes,No,Two year,No,Credit card,73.83,3487.49,No
C05130,Male,44.0,0,No,No,6,Yes,Yes,No,No internet service,No internet service,No internet service,No internet service,No internet service,No internet service,Month-to-month,Yes,Bank transfer,29.21,199.56,Yes
C03014,Male,26.0,0,No,No,9,Yes,Yes,DSL,No,Yes,Yes,No,Yes,Yes,One year,No,Bank transfer,65.15,677.48,Yes
C04581,Female,59.0,0,Yes,Yes,19,Yes,No,DSL,No,Yes,Yes,No,Yes,No,Month-to-month,No,Electronic check,55.75,1174.15,No
C04747,Female,67.0,1,Yes,Yes,33,Yes,Yes,DSL,Yes,No,No,No,No,No,Month-to-month,Yes,Credit card,49.78,1670.9,No
C00727,Male,80.0,1,Yes,No,32,Yes,No,DSL,No,No,No,Yes,No,Yes,Month-to-month,Yes,Credit card,49.07,1624.89,No
C00999,Female,62.0,0,No,No,48,Yes,No,DSL,Yes,Yes,No,No,No,Yes,One year,Yes,Credit card,51.27,2572.51,No
C02410,Male,55.0,0,Yes,No,34,Yes,Yes,No,No internet service,No internet service,No internet service,No internet service,No internet service,No internet service,Month-to-month,No,Bank transfer,25.95,935.26,No
C00287,Female,23.0,0,Yes,No,7,Yes,No,DSL,Yes,No,No,No,No,Yes,One year,Yes,Mailed check,56.04,619.93,No
C04017,Male,36.0,0,No,Yes,29,Yes,No,Fiber optic,No,No,Yes,Yes,No,No,Month-to-month,Yes,Credit card,63.51,1705.81,Yes
C04069,Female,62.0,0,No,Yes,31,Yes,No,Fiber optic,Yes,No,No,No,Yes,No,One year,Yes,Credit card,59.01,2067.65,No
C05418,Female,46.0,0,No,No,53,Yes,Yes,Fiber optic,No,Yes,No,No,No,No,Two year,Yes,Credit card,70.09,3959.62,No
C01500,Female,44.0,0,No,No,0,Yes,No,No,No internet service,No internet service,No internet service,No internet service,No internet service,No internet service,Month-to-month,Yes,Bank transfer,24.99,31.31,No
C00177,Female,39.0,0,No,No,6,Yes,Yes,Fiber optic,No,No,No,No,No,Yes,Month-to-month,No,Electronic check,68.1,529.72,Yes
C04308,Male,27.0,0,No,No,49,Yes,No,Fiber optic,No,No,No,Yes,Yes,Yes,Two year,No,Electronic check,67.48,3540.9,No
C04515,Male,35.0,0,No,Yes,50,Yes,No,DSL,Yes,Yes,Yes,No,No,Yes,Two year,Yes,Bank transfer,68.63,3769.8,No
C01289,Female,32.0,0,No,No,38,Yes,No,Fiber optic,No,No,Yes,Yes,No,No,Two year,Yes,Bank transfer,66.47,2726.13,No
C05237,Male,52.0,0,No,No,61,Yes,Yes,DSL,No,No,Yes,Yes,No,No,Month-to-month,Yes,Bank transfer,51.79,2848.77,No
C04652,Male,69.0,1,Yes,Yes,41,Yes,Yes,Fiber optic,No,No,No,No,No,No,One year,Yes,Mailed check,57.54,2052.88,No
C01039,Male,29.0,0,Yes,No,20,Yes,Yes,Fiber optic,No,No,Yes,No,Yes,No,Month-to-month,Yes,Electronic check,70.48,1367.43,Yes
C05142,Male,64.0,0,No,No,18,Yes,No,No,No internet service,No internet service,No internet service,No internet service,No internet service,No internet service,Month-to-month,No,Electronic check,18.96,299.44,No
C02026,Male,36.0,0,No,No,72,Yes,No,Fiber optic,Yes,No,No,No,No,No,Month-to-month,Yes,Credit card,56.12,4444.21,No
C03640,Male,18.0,0,No,No,23,Yes,Yes,No,No internet service,No internet service,No internet service,No internet service,No internet service,No internet service,Month-to-month,No,Electronic check,30.13,728.43,Yes
C04500,Female,27.0,0,Yes,No,26,Yes,No,No,No internet service,No internet service,No internet service,No internet service,No internet service,No internet service,One year,Yes,Bank transfer,28.57,864.19,No
C06667,Female,43.0,0,No,No,45,Yes,No,Fiber optic,No,No,No,Yes,Yes,Yes,Month-to-month,No,Credit card,74.29,3369.81,No
C06825,Female,18.0,0,No,No,57,Yes,Yes,Fiber optic,Yes,Yes,Yes,Yes,Yes,No,Two year,Yes,Electronic check,83.15,5086.86,No
C00675,Male,52.0,0,No,No,2,Yes,No,No,No internet service,No internet service,No internet service,No internet service,No internet service,No internet service,Month-to-month,Yes,Electronic check,39.53,125.5,No
C01250,Male,22.0,0,No,No,41,Yes,No,Fiber optic,Yes,No,No,No,Yes,Yes,Two year,Yes,Electronic check,76.83,3452.39,Yes
C00103,Male,58.0,0,Yes,No,20,No,No phone service,DSL,No,No,No,No,Yes,Yes,Two year,Yes,Mailed check,47.81,1089.15,No
C05300,Female,80.0,1,Yes,Yes,43,Yes,No,Fiber optic,No,No,Yes,Yes,Yes,No,Month-to-month,Yes,Electronic check,72.81,3099.78,No
C03514,Female,26.0,0,No,No,38,Yes,No,DSL,Yes,No,Yes,No,Yes,Yes,One year,Yes,Mailed check,70.09,2601.5,Yes
C05377,Male,47.0,0,No,Yes,41,No,No phone service,Fiber optic,No,No,Yes,No,Yes,No,One year,No,Credit card,77.31,3130.36,No
C06426,Female,48.0,0,No,No,65,Yes,No,DSL,Yes,No,No,No,Yes,No,Two year,Yes,Credit card,50.37,3549.16,No
C04070,Male,37.0,0,Yes,No,63,Yes,Yes,Fiber optic,No,No,No,Yes,Yes,No,Two year,Yes,Electronic check,72.86,5434.84,No
C06113,Female,34.0,0,Yes,Yes,3,No,No phone service,Fiber optic,No,Yes,No,No,No,Yes,Month-to-month,No,Bank transfer,72.16,292.47,Yes
C05725,Female,36.0,0,Yes,No,28,Yes,No,Fiber optic,No,Yes,No,Yes,No,No,Month-to-month,No,Credit card,66.37,1760.18,No
C00862,Female,44.0,0,Yes,Yes,3,Yes,Yes,Fiber optic,No,Yes,No,No,No,Yes,Month-to-month,No,Bank transfer,77.12,284.83,Yes
C03805,Male,32.0,0,No,No,72,Yes,Yes,DSL,Yes,No,Yes,Yes,Yes,No,Two year,Yes,Mailed check,63.11,4246.99,No
C03142,Male,52.0,0,No,Yes,40,Yes,No,DSL,No,Yes,No,Yes,Yes,No,Month-to-month,No,Electronic check,55.96,2275.06,No
C07130,Female,44.0,0,Yes,Yes,51,Yes,No,Fiber optic,No,No,No,Yes,Yes,No,Two year,Yes,Bank transfer,60.57,3253.22,No
C03827,Male,62.0,0,Yes,No,19,Yes,Yes,No,No internet service,No internet service,No internet service,No internet service,No internet service,No internet service,Month-to-month,No,Credit card,39.25,948.27,No
C06645,Male,38.0,0,Yes,Yes,56,Yes,Yes,DSL,No,No,No,No,No,Yes,One year,Yes,Electronic check,49.35,2912.3,No
C03777,Female,50.0,0,No,Yes,47,Yes,Yes,No,No internet service,No internet service,No internet service,No internet service,No internet service,No internet service,Month-to-month,No,Electronic check,30.47,1548.62,No
C06507,Male,31.0,0,Yes,No,17,Yes,No,No,No internet service,No internet service,No internet service,No internet service,No internet service,No internet service,Month-to-month,No,Bank transfer,26.46,522.15,No
C02581,Male,28.0,0,No,No,37,Yes,No,DSL,No,No,Yes,Yes,No,Yes,Two year,Yes,Credit card,66.71,2391.78,No
C01994,Male,46.0,0,No,No,37,Yes,No,Fiber optic,No,No,Yes,Yes,Yes,No,One year,No,Bank transfer,70.32,2752.22,No
C01988,Male,30.0,0,Yes,No,41,Yes,Yes,No,No internet service,No internet service,No internet service,No internet service,No internet service,No internet service,Two year,Yes,Mailed check,37.28,1765.48,No
C03104,Female,48.0,0,No,No,44,Yes,No,DSL,No,Yes,No,No,No,No,Two year,Yes,Electronic check,49.72,2223.34,No
C01070,Male,36.0,0,No,No,29,Yes,No,Fiber optic,Yes,No,No,Yes,No,Yes,One year,Yes,Bank transfer,62.16,1612.96,No
C01563,Male,39.0,0,Yes,No,37,Yes,No,No,No internet service,No internet service,No internet service,No internet service,No internet service,No internet service,Month-to-month,No,Electronic check,20.82,711.98,No
C03263,Female,59.0,0,No,No,54,Yes,No,Fiber optic,No,No,No,Yes,Yes,No,Two year,No,Bank transfer,69.21,3689.27,No
C03821,Male,28.0,0,Yes,No,26,Yes,No,DSL,No,No,No,No,Yes,No,Month-to-month,Yes,Bank transfer,43.71,1316.31,No
C01408,Female,45.0,0,No,No,47,Yes,Yes,DSL,No,No,Yes,No,No,No,One year,Yes,Electronic check,45.01,2254.07,No
C03787,Male,36.0,0,No,No,47,Yes,Yes,No,No internet service,No internet service,No internet service,No internet service,No internet service,No internet service,Month-to-month,Yes,Credit card,31.57,1556.54,No
C00571,Female,61.0,0,Yes,No,0,Yes,Yes,DSL,No,Yes,No,Yes,No,Yes,Month-to-month,No,Bank transfer,53.35,98.91,No
C02075,Female,33.0,0,No,No,24,Yes,No,DSL,No,No,No,Yes,No,No,Two year,No,Bank transfer,41.36,996.86,No
C06599,Female,19.0,0,No,No,50,Yes,Yes,Fiber optic,No,Yes,Yes,No,No,Yes,Two year,Yes,Credit card,82.2,4340.94,No
C03926,Female,47.0,0,No,No,43,Yes,No,DSL,No,No,Yes,Yes,No,Yes,One year,Yes,Credit card,57.75,2713.6,Yes
C01208,Male,51.0,0,Yes,No,0,Yes,Yes,Fiber optic,No,No,No,No,No,No,One year,No,Electronic check,61.2,164.55,Yes
C03170,Female,43.0,0,Yes,No,3,Yes,No,Fiber optic,Yes,Yes,Yes,No,Yes,Yes,Two year,Yes,Electronic check,87.1,384.6,No
C05593,Female,38.0,0,No,No,43,Yes,No,DSL,No,No,No,Yes,Yes,Yes,One year,Yes,Electronic check,54.665,2796.36,No
C05617,Male,21.0,0,Yes,No,38,Yes,No,Fiber optic,Yes,No,Yes,Yes,Yes,No,Two year,No,Mailed check,71.9,2827.84,No
C02488,Male,50.0,0,Yes,No,48,Yes,Yes,No,No internet service,No internet service,No internet service,No internet service,No internet service,No internet service,Two year,No,Electronic check,31.71,1772.19,No
C00980,Female,26.0,0,No,No,0,Yes,Yes,DSL,Yes,Yes,Yes,Yes,Yes,No,Month-to-month,Yes,Electronic check,78.65,156.91,Yes
C00348,Male,45.0,0,No,No,71,Yes,No,Fiber optic,No,No,No,No,No,No,One year,No,Electronic check,54.24,3611.55,No
C04841,Male,22.0,0,No,No,1,Yes,Yes,DSL,No,No,No,No,Yes,Yes,Month-to-month,Yes,Electronic check,65.86,161.93,Yes
C05411,Female,45.0,0,No,Yes,49,Yes,No,Fiber optic,No,No,No,Yes,Yes,No,Month-to-month,Yes,Mailed check,71.64,3569.13,No
C04200,Male,68.0,1,No,Yes,0,No,No phone service,Fiber optic,No,No,No,No,Yes,No,Month-to-month,No,Electronic check,44.54,122.2,No
C01773,Female,34.0,0,Yes,No,43,Yes,No,No,No internet service,No internet service,No internet service,No internet service,No internet service,No internet service,Two year,Yes,Bank transfer,31.13,1212.69,No
C04691,Male,52.0,0,No,No,35,Yes,Yes,Fiber optic,No,Yes,No,Yes,No,No,Month-to-month,Yes,Mailed check,84.19,3150.04,Yes
C05296,Female,59.0,0,No,No,9,Yes,Yes,Fiber optic,No,No,Yes,No,No,Yes,Month-to-month,Yes,Electronic check,80.92,676.78,Yes
C04216,Male,20.0,0,Yes,No,14,Yes,No,Fiber optic,No,No,Yes,No,Yes,Yes,Month-to-month,No,Electronic check,63.48,735.83,Yes
C04045,Female,18.0,0,Yes,No,33,Yes,Yes,DSL,Yes,No,No,Yes,No,No,One year,No,Mailed check,45.27,1689.32,No
C00588,Male,40.0,0,No,No,16,Yes,No,Fiber optic,No,No,No,No,Yes,No,Month-to-month,Yes,Electronic check,70.54,1148.54,Yes
C06570,Female,40.0,0,No,No,0,Yes,Yes,DSL,Yes,Yes,No,No,No,Yes,Month-to-month,Yes,Credit card,53.44,139.13,No
C01845,Female,38.0,0,No,No,0,Yes,Yes,DSL,Yes,No,Yes,No,No,No,Month-to-month,Yes,Bank transfer,57.9,58.2,Yes
C01176,Female,48.0,0,No,No,8,Yes,Yes,Fiber optic,No,Yes,No,No,Yes,No,Month-to-month,No,Mailed check,69.58,599.53,Yes
C06403,Female,56.0,0,Yes,No,28,Yes,No,DSL,Yes,Yes,Yes,No,Yes,No,Two year,No,Bank transfer,53.08,1482.81,No
C05384,Male,33.0,0,Yes,No,0,Yes,No,Fiber optic,Yes,No,No,No,No,No,Month-to-month,Yes,Electronic check,61.01,146.24,Yes
C05430,Male,51.0,0,Yes,Yes,10,Yes,Yes,DSL,Yes,No,No,No,Yes,No,Month-to-month,No,Mailed check,67.91,715.0,Yes
C02194,Male,22.0,0,No,No,43,Yes,No,DSL,No,No,Yes,No,No,No,Month-to-month,Yes,Electronic check,51.76,2667.67,No
C04542,Male,39.0,0,No,No,26,Yes,No,No,No internet service,No internet service,No internet service,No internet service,No internet service,No internet service,Month-to-month,No,Electronic check,32.01,802.87,No
C01300,Female,74.0,1,Yes,No,6,Yes,Yes,Fiber optic,No,No,Yes,Yes,No,Yes,Month-to-month,Yes,Electronic check,79.33,606.96,Yes
C03356,Female,50.0,0,Yes,Yes,20,Yes,No,Fiber optic,No,No,No,No,No,Yes,Month-to-month,No,Mailed check,67.21,1472.39,Yes
C04321,Female,45.0,0,Yes,No,1,Yes,No,Fiber optic,No,Yes,No,No,No,No,One year,No,Bank transfer,62.61,169.38,No
C06518,Male,54.0,0,No,Yes,4,Yes,Yes,Fiber optic,No,No,Yes,Yes,No,No,Month-to-month,Yes,Bank transfer,81.91,500.72,Yes
C05264,Female,40.0,0,Yes,No,37,Yes,No,DSL,No,Yes,No,No,No,No,One year,Yes,Bank transfer,49.13,1831.08,No
C01777,Female,18.0,0,Yes,No,19,No,No phone service,Fiber optic,Yes,No,Yes,No,No,Yes,One year,Yes,Bank transfer,60.15,1315.66,No
C00731,Female,18.0,0,No,Yes,42,Yes,Yes,DSL,Yes,Yes,Yes,No,No,Yes,Month-to-month,No,Bank transfer,71.42,2946.47,No
C01955,Male,47.0,0,Yes,Yes,15,Yes,Yes,Fiber optic,No,No,Yes,Yes,No,No,Month-to-month,Yes,Mailed check,72.54,1054.87,Yes
C04917,Male,18.0,0,Yes,No,0,Yes,Yes,Fiber optic,No,No,No,No,No,Yes,Month-to-month,Yes,Bank transfer,70.22,74.74,Yes
C03128,Female,70.0,1,No,No,18,Yes,Yes,DSL,No,No,No,Yes,No,Yes,Month-to-month,Yes,Mailed check,60.39,1129.55,No
C02595,Male,42.0,0,No,No,32,Yes,No,DSL,No,No,No,No,No,Yes,One year,No,Electronic check,46.29,1397.28,No
C05479,Male,41.0,0,Yes,Yes,15,Yes,No,DSL,Yes,No,No,Yes,Yes,Yes,One year,No,Mailed check,60.19,890.03,No
C00872,Male,56.0,0,Yes,Yes,31,No,No phone service,Fiber optic,No,Yes,Yes,Yes,No,Yes,Two year,Yes,Electronic check,69.26,2549.78,Yes
C02912,Male,55.0,0,Yes,No,34,Yes,Yes,DSL,No,Yes,No,Yes,Yes,No,One year,No,Bank transfer,52.53,1783.61,No
C03129,Male,23.0,0,No,No,16,Yes,Yes,DSL,No,No,No,Yes,No,No,Month-to-month,No,Bank transfer,42.81,643.46,No
C02430,Female,25.0,0,No,No,72,Yes,No,DSL,No,Yes,No,No,Yes,No,Two year,No,Bank transfer,49.08,3818.39,No
C03597,Male,52.0,0,Yes,Yes,22,No,No phone service,DSL,Yes,Yes,No,No,Yes,Yes,One year,No,Electronic check,46.7,1130.55,No
C02257,Female,20.0,0,No,No,51,Yes,No,No,No internet service,No internet service,No internet service,No internet service,No internet service,No internet service,One year,Yes,Credit card,27.38,1456.72,No
C06249,Female,21.0,0,No,No,34,Yes,Yes,DSL,Yes,No,Yes,No,No,No,Month-to-month,No,Electronic check,53.72,1800.19,Yes
C00636,Male,44.0,0,Yes,No,48,Yes,Yes,Fiber optic,No,No,No,Yes,Yes,No,One year,Yes,Credit card,63.3,2701.04,No
C04951,Female,20.0,0,No,No,0,Yes,Yes,DSL,No,No,No,No,Yes,No,One year,Yes,Credit card,59.39,86.11,Yes
C06880,Male,78.0,1,No,No,39,No,No phone service,No,No internet service,No internet service,No internet service,No internet service,No internet service,No internet service,Month-to-month,Yes,Credit card,21.75,1002.11,No
C02121,Female,38.0,0,No,No,38,Yes,No,Fiber optic,Yes,No,Yes,Yes,No,No,Two year,Yes,Electronic check,78.09,3134.53,Yes
C05100,Female,40.0,0,Yes,No,3,Yes,Yes,DSL,Yes,No,Yes,No,No,Yes,Month-to-month,Yes,Bank transfer,58.12,238.18,No
C00967,Male,54.0,0,Yes,No,67,Yes,No,Fiber optic,Yes,No,Yes,Yes,Yes,No,Two year,Yes,Mailed check,72.08,5045.69,No
C03563,Female,56.0,0,Yes,No,16,Yes,No,Fiber optic,No,Yes,No,No,No,No,Two year,Yes,Credit card,59.28,1059.52,No
C05414,Male,18.0,0,No,No,25,No,No phone service,Fiber optic,No,Yes,No,No,Yes,No,Two year,Yes,Bank transfer,66.35,1762.71,Yes
C05936,Female,38.0,0,No,No,25,Yes,No,Fiber optic,Yes,No,No,No,Yes,No,One year,No,Credit card,75.72,1804.84,No
C02142,Male,49.0,0,Yes,No,0,Yes,No,DSL,Yes,Yes,Yes,No,Yes,Yes,Month-to-month,Yes,Mailed check,66.08,80.1,No
C04122,Male,39.0,0,Yes,No,63,Yes,No,DSL,No,No,No,Yes,Yes,Yes,Two year,Yes,Mailed check,62.05,4074.27,No
C06516,Female,59.0,0,No,No,0,Yes,Yes,Fiber optic,No,No,No,No,No,No,Month-to-month,Yes,Electronic check,54.25,102.5,Yes
C03431,Female,24.0,0,Yes,Yes,26,Yes,No,No,No internet service,No internet service,No internet service,No internet service,No internet service,No internet service,Month-to-month,Yes,Bank transfer,28.11,871.08,No
C00726,Female,41.0,0,Yes,No,0,Yes,No,Fiber optic,Yes,Yes,No,Yes,Yes,No,One year,No,Credit card,74.4,7.35,No
C00667,Male,50.0,0,No,No,28,Yes,No,Fiber optic,Yes,Yes,Yes,No,No,Yes,One year,Yes,Credit card,69.32499999999999,2261.66,No
C04371,Male,18.0,0,No,No,29,Yes,Yes,Fiber optic,No,Yes,Yes,No,No,Yes,One year,No,Credit card,68.37,2068.63,No
C04517,Male,56.0,0,Yes,Yes,42,Yes,No,DSL,No,Yes,No,No,Yes,Yes,Two year,No,Electronic check,55.67,2271.94,No
C02134,Male,38.0,0,No,No,20,Yes,No,No,No internet service,No internet service,No internet service,No internet service,No internet service,No internet service,Two year,No,Electronic check,19.93,411.85,No
C00827,Female,52.0,0,No,No,16,Yes,Yes,Fiber optic,No,No,No,No,Yes,No,Month-to-month,No,Bank transfer,77.53,1476.34,Yes
C05353,Male,18.0,0,No,No,39,Yes,No,Fiber optic,No,No,No,No,Yes,No,Month-to-month,No,Mailed check,57.46,2301.76,No
C02913,Female,43.0,0,Yes,No,38,Yes,No,No,No internet service,No internet service,No internet service,No internet service,No internet service,No internet service,Two year,No,Credit card,31.46,1379.89,No
C00226,Male,29.0,0,No,No,11,Yes,Yes,DSL,No,Yes,No,No,No,Yes,Month-to-month,No,Electronic check,60.04,723.58,Yes
C02537,Female,45.0,0,No,No,23,Yes,No,No,No internet service,No internet service,No internet service,No internet service,No internet service,No internet service,Month-to-month,Yes,Bank transfer,27.98,631.27,No
C02202,Female,78.0,1,Yes,Yes,8,Yes,No,Fiber optic,No,No,No,No,Yes,No,Month-to-month,Yes,Mailed check,63.02,610.28,Yes
C05018,Male,51.0,0,No,No,46,Yes,No,Fiber optic,No,No,Yes,Yes,Yes,Yes,One year,No,Credit card,75.8,3502.36,No
C00450,Female,40.0,0,No,No,35,Yes,Yes,DSL,No,No,Yes,No,No,Yes,One year,No,Electronic check,56.74,2166.96,No
C04960,Female,47.0,0,Yes,No,22,No,No phone service,DSL,Yes,Yes,No,Yes,Yes,No,Two year,Yes,Mailed check,65.54,1462.26,No
C04510,Male,58.0,0,Yes,Yes,55,Yes,No,DSL,No,No,No,No,Yes,No,One year,Yes,Mailed check,47.31,2664.5,No
C06354,Male,55.0,0,Yes,No,27,Yes,Yes,Fiber optic,No,No,No,No,No,Yes,One year,No,Bank transfer,75.6,2338.93,No
C06754,Male,50.0,0,No,No,8,Yes,No,Fiber optic,No,Yes,No,Yes,No,Yes,Month-to-month,Yes,Mailed check,76.72,712.06,Yes
C02988,Male,33.0,0,Yes,No,0,Yes,No,No,No internet service,No internet service,No internet service,No internet service,No internet service,No internet service,Month-to-month,No,Electronic check,25.82,4.68,No
C06307,Female,54.0,0,No,No,37,No,No phone service,Fiber optic,Yes,No,No,No,No,No,Two year,No,Credit card,48.01,1845.61,No
C03227,Female,67.0,1,Yes,No,0,No,No phone service,DSL,No,No,Yes,No,No,Yes,Month-to-month,Yes,Electronic check,52.13,134.7,Yes
C05162,Female,39.0,0,Yes,No,14,Yes,Yes,DSL,No,Yes,No,Yes,Yes,No,Month-to-month,No,Electronic check,62.77,895.82,Yes
C05451,Male,48.0,0,No,No,8,Yes,Yes,Fiber optic,No,Yes,No,No,No,Yes,Month-to-month,Yes,Electronic check,65.08,683.77,Yes
C00520,Female,27.0,0,No,No,0,Yes,No,DSL,No,No,Yes,No,No,No,Month-to-month,No,Mailed check,46.85,127.74,Yes
C01737,Female,42.0,0,No,No,27,Yes,No,Fiber optic,Yes,No,No,Yes,Yes,Yes,One year,No,Credit card,78.08,2028.84,No
C04906,Female,33.0,0,No,No,50,Yes,No,DSL,Yes,Yes,Yes,Yes,No,Yes,Month-to-month,No,Credit card,60.21,2923.45,No
C05262,Female,28.0,0,No,No,45,Yes,Yes,No,No internet service,No internet service,No internet service,No internet service,No internet service,No internet service,One year,Yes,Mailed check,34.73,1635.75,No
C01528,Male,18.0,0,No,No,19,Yes,Yes,DSL,No,Yes,No,Yes,No,No,Month-to-month,No,Bank transfer,52.08,1112.91,No
C05706,Female,18.0,0,No,No,29,Yes,No,No,No internet service,No internet service,No internet service,No internet service,No internet service,No internet service,One year,No,Electronic check,20.88,562.68,No
C05824,Male,50.0,0,Yes,Yes,4,No,No phone service,Fiber optic,No,No,No,No,Yes,No,Month-to-month,No,Bank transfer,48.67,213.26,Yes
C07040,Male,61.0,0,No,No,29,Yes,No,DSL,No,No,Yes,Yes,No,No,Month-to-month,Yes,Credit card,58.81,1789.93,Yes
C01802,Male,32.0,0,Yes,No,30,Yes,No,No,No internet service,No internet service,No internet service,No internet service,No internet service,No internet service,Month-to-month,Yes,Electronic check,24.21,933.87,No
C06120,Female,63.0,0,Yes,No,62,Yes,No,Fiber optic,No,No,No,No,No,Yes,One year,Yes,Credit card,65.23,3715.79,No
C04354,Female,76.0,1,No,No,32,Yes,Yes,Fiber optic,Yes,No,No,Yes,Yes,No,Two year,Yes,Bank transfer,83.46,2748.82,No
C04280,Male,30.0,0,No,No,1,Yes,No,No,No internet service,No internet service,No internet service,No internet service,No internet service,No internet service,Month-to-month,No,Electronic check,32.22,78.33,No
C05163,Female,22.0,0,No,No,58,Yes,Yes,Fiber optic,No,No,No,Yes,Yes,Yes,Two year,No,Credit card,81.37,4899.68,Yes
C03284,Female,60.0,0,Yes,No,27,Yes,No,DSL,No,Yes,No,No,Yes,Yes,Month-to-month,No,Mailed check,62.61,1706.03,Yes
C03237,Female,53.0,0,No,Yes,47,Yes,No,Fiber optic,No,No,No,No,No,Yes,Month-to-month,Yes,Electronic check,62.31,3206.41,No
C06697,Male,50.0,0,Yes,No,30,Yes,No,DSL,Yes,Yes,No,No,Yes,No,Month-to-month,No,Electronic check,63.08,2071.9,No
C00208,Male,46.0,0,Yes,No,54,Yes,Yes,Fiber optic,No,Yes,No,No,Yes,No,Two year,No,Mailed check,65.38,3968.18,No
C03221,Female,38.0,0,Yes,No,42,Yes,No,Fiber optic,No,Yes,Yes,No,Yes,No,One year,No,Mailed check,72.71,3338.39,No
C06329,Male,55.0,0,No,No,0,Yes,No,DSL,No,No,Yes,No,No,Yes,Month-to-month,Yes,Electronic check,47.5,90.35,Yes
C06664,Male,42.0,0,Yes,No,28,Yes,No,Fiber optic,Yes,Yes,No,No,No,Yes,Month-to-month,No,Mailed check,65.62,1751.09,No
C00813,Male,65.0,0,No,No,16,Yes,No,Fiber optic,No,Yes,Yes,No,No,Yes,Month-to-month,Yes,Electronic check,69.32499999999999,1163.3,Yes
C01584,Male,30.0,0,No,No,6,Yes,No,DSL,No,No,Yes,No,No,No,Month-to-month,Yes,Electronic check,49.94,363.58,Yes
C06203,Female,58.0,0,No,No,5,Yes,Yes,DSL,No,No,No,No,No,Yes,Month-to-month,Yes,Credit card,49.47,290.55,No
C06493,Male,23.0,0,Yes,No,25,Yes,No,DSL,No,Yes,No,Yes,Yes,No,Two year,Yes,Bank transfer,57.87,1518.15,No
C06896,Male,42.0,0,No,No,28,Yes,Yes,DSL,No,Yes,No,No,Yes,No,Two year,No,Mailed check,60.61,1709.02,No
C02094,Male,42.0,0,No,No,13,Yes,No,Fiber optic,Yes,No,No,No,No,No,Month-to-month,Yes,Credit card,55.96,828.76,No
C01516,Female,38.0,0,Yes,No,7,No,No phone service,No,No internet service,No internet service,No internet service,No internet service,No internet service,No internet service,Month-to-month,Yes,Bank transfer,20.74,158.54,No
C05698,Female,32.0,0,Yes,Yes,18,Yes,No,DSL,No,No,No,No,No,Yes,Two year,No,Mailed check,42.8,964.3,No
C06565,Female,18.0,0,Yes,No,39,Yes,Yes,DSL,No,Yes,No,Yes,No,Yes,Month-to-month,No,Bank transfer,59.29,2336.27,No
C06714,Male,48.0,0,No,Yes,59,Yes,Yes,Fiber optic,Yes,Yes,No,Yes,No,Yes,One year,Yes,Electronic check,90.79,5252.42,Yes
C03347,Male,49.0,0,No,No,53,Yes,No,DSL,No,Yes,No,No,No,Yes,One year,Yes,Bank transfer,49.71,2638.42,No
C06083,Male,34.0,0,No,No,1,Yes,Yes,No,No internet service,No internet service,No internet service,No internet service,No internet service,No internet service,Month-to-month,No,Electronic check,24.53,25.22,No
C05626,Male,47.0,0,No,No,25,Yes,Yes,Fiber optic,Yes,Yes,Yes,No,Yes,No,One year,Yes,Bank transfer,88.2,2207.17,No
C00025,Male,36.0,0,No,No,23,Yes,No,DSL,No,Yes,No,No,Yes,No,Month-to-month,Yes,Electronic check,50.34,1211.43,Yes
C02276,Male,35.0,0,Yes,No,29,Yes,Yes,Fiber optic,No,Yes,No,No,No,Yes,Month-to-month,No,Mailed check,63.08,1900.68,Yes
C01686,Female,68.0,1,No,No,59,Yes,No,Fiber optic,Yes,Yes,No,No,Yes,Yes,Month-to-month,No,Electronic check,80.89,5151.91,Yes
C04901,Male,41.0,0,No,No,31,Yes,Yes,DSL,Yes,No,Yes,No,No,Yes,Month-to-month,Yes,Bank transfer,64.71,2167.26,No
C06990,Male,41.0,0,Yes,Yes,2,Yes,Yes,No,No internet service,No internet service,No internet service,No internet service,No internet service,No internet service,Month-to-month,Yes,Electronic check,38.94,157.37,No
C01448,Male,38.0,0,Yes,No,13,No,No phone service,Fiber optic,Yes,Yes,No,Yes,No,Yes,Month-to-month,No,Bank transfer,80.04,971.22,No
C06779,Female,34.0,0,No,No,15,Yes,No,Fiber optic,No,Yes,No,No,Yes,No,Month-to-month,No,Electronic check,53.14,774.14,Yes
C03524,Female,31.0,0,No,No,39,No,No phone service,Fiber optic,No,No,No,Yes,No,No,One year,No,Credit card,56.21,2370.78,Yes
C05823,Female,42.0,0,Yes,No,34,Yes,No,Fiber optic,Yes,Yes,No,No,No,No,One year,No,Bank transfer,65.7,2335.76,No
C00593,Female,48.0,0,Yes,No,19,Yes,Yes,DSL,No,No,No,No,No,No,Month-to-month,Yes,Mailed check,45.44,1042.92,Yes
C00575,Female,45.0,0,Yes,No,72,Yes,Yes,Fiber optic,No,Yes,No,Yes,Yes,Yes,Two year,Yes,Credit card,92.72,6321.48,No
C00320,Male,57.0,0,Yes,Yes,38,Yes,No,Fiber optic,No,No,No,Yes,Yes,No,Month-to-month,Yes,Electronic check,63.92,2435.67,No
C05399,Female,55.0,0,Yes,No,56,Yes,Yes,Fiber optic,No,Yes,No,Yes,Yes,No,Month-to-month,Yes,Electronic check,78.78,4514.7,No
C06103,Female,30.0,0,No,No,15,Yes,No,Fiber optic,No,Yes,No,Yes,No,Yes,Month-to-month,Yes,Mailed check,77.03,1275.99,No
C05106,Male,46.0,0,No,Yes,43,Yes,No,Fiber optic,Yes,Yes,Yes,Yes,No,No,Month-to-month,Yes,Electronic check,83.45,3467.94,No
C01611,Female,46.0,0,Yes,Yes,0,Yes,Yes,Fiber optic,No,Yes,Yes,Yes,No,Yes,Month-to-month,Yes,Bank transfer,93.18,171.28,No
C01572,Female,51.0,0,Yes,No,36,Yes,No,DSL,No,Yes,Yes,Yes,No,Yes,One year,No,Electronic check,67.03,2903.21,No
C03103,Female,69.0,1,Yes,Yes,49,Yes,Yes,DSL,No,Yes,Yes,No,No,No,Month-to-month,Yes,Bank transfer,55.17,2735.73,Yes
C06995,Male,57.0,0,Yes,No,26,Yes,No,Fiber optic,No,Yes,No,Yes,Yes,No,Two year,Yes,Credit card,58.35,1470.62,No
C01265,Male,24.0,0,Yes,No,25,Yes,Yes,Fiber optic,No,Yes,Yes,No,Yes,Yes,Month-to-month,No,Mailed check,93.81,2533.86,Yes
C02903,Female,36.0,0,No,Yes,31,No,No phone service,No,No internet service,No internet service,No internet service,No internet service,No internet service,No internet service,Month-to-month,Yes,Electronic check,20.26,728.07,No
C00237,Female,37.0,0,Yes,Yes,27,Yes,No,DSL,No,Yes,No,No,No,No,Month-to-month,Yes,Bank transfer,44.78,1313.27,Yes
C03022,Male,62.0,0,Yes,Yes,40,Yes,No,DSL,Yes,Yes,No,No,Yes,No,Month-to-month,Yes,Electronic check,53.46,2292.23,Yes
C01701,Female,37.0,0,Yes,Yes,26,Yes,No,Fiber optic,Yes,No,Yes,No,No,Yes,Month-to-month,Yes,Bank transfer,73.61,2087.92,No
C06303,Female,45.0,0,Yes,No,4,Yes,Yes,No,No internet service,No internet service,No internet service,No internet service,No internet service,No internet service,Month-to-month,Yes,Credit card,30.39,223.46,No
C01699,Male,18.0,0,Yes,No,10,No,No phone service,No,No internet service,No internet service,No internet service,No internet service,No internet service,No internet service,One year,Yes,Credit card,20.11,327.48,No
C00420,Female,65.0,0,Yes,Yes,0,Yes,No,DSL,Yes,No,No,Yes,Yes,No,One year,Yes,Mailed check,61.21,4.97,No
C05538,Male,54.0,0,Yes,No,23,Yes,Yes,Fiber optic,Yes,No,No,No,Yes,No,Month-to-month,No,Electronic check,67.06,1772.05,Yes
C02985,Female,49.0,0,No,No,24,Yes,No,Fiber optic,No,No,No,Yes,No,No,Month-to-month,Yes,Electronic check,54.34,1497.57,Yes
C05804,Male,43.0,0,No,Yes,68,No,No phone service,DSL,No,No,No,Yes,No,No,Two year,No,Mailed check,43.91,3508.32,No
C04587,Female,50.0,0,No,No,1,Yes,Yes,DSL,No,No,No,No,No,No,Month-to-month,Yes,Bank transfer,60.63,131.14,No
C03874,Male,50.0,0,No,No,46,Yes,Yes,No,No internet service,No internet service,No internet service,No internet service,No internet service,No internet service,One year,Yes,Credit card,37.64,1912.2,No
C03509,Male,68.0,1,No,Yes,7,Yes,Yes,DSL,No,No,No,No,No,Yes,Month-to-month,Yes,Mailed check,60.04,447.6,Yes
C06622,Female,51.0,0,No,No,48,Yes,Yes,No,No internet service,No internet service,No internet service,No internet service,No internet service,No internet service,One year,Yes,Credit card,35.45,2058.37,No
C03505,Male,30.0,0,No,No,28,Yes,Yes,DSL,No,Yes,Yes,No,No,Yes,Month-to-month,No,Credit card,60.14,1927.35,No
C07120,Female,25.0,0,No,No,0,Yes,Yes,Fiber optic,Yes,No,Yes,Yes,No,No,Month-to-month,No,Mailed check,71.64,111.18,Yes
C01455,Female,37.0,0,No,No,38,Yes,No,Fiber optic,No,Yes,No,Yes,No,No,Two year,Yes,Bank transfer,76.8,3462.8,No
C06350,Male,73.0,1,No,Yes,20,Yes,Yes,DSL,No,Yes,No,No,No,Yes,Two year,No,Bank transfer,60.98,1248.44,No
C00343,Female,34.0,0,No,No,54,No,No phone service,Fiber optic,No,No,No,Yes,No,Yes,Month-to-month,Yes,Electronic check,60.0,2870.72,No
C05386,Male,54.0,0,Yes,Yes,49,Yes,Yes,No,No internet service,No internet service,No internet service,No internet service,No internet service,No internet service,Two year,No,Electronic check,23.23,1196.38,No
C01806,Female,55.0,0,No,No,0,Yes,Yes,DSL,No,No,No,Yes,No,Yes,Month-to-month,No,Electronic check,47.63,1.1,No
C06320,Female,40.0,0,Yes,No,59,Yes,Yes,Fiber optic,No,Yes,No,No,No,No,One year,No,Electronic check,56.9,3530.71,No
C03391,Male,56.0,0,Yes,No,8,Yes,No,Fiber optic,No,No,No,No,Yes,No,One year,No,Electronic check,60.26,522.36,No
C01342,Female,40.0,0,No,No,11,Yes,Yes,DSL,No,Yes,Yes,Yes,No,No,Month-to-month,No,Electronic check,59.95,715.09,No
C06086,Female,32.0,0,Yes,No,27,Yes,Yes,DSL,Yes,No,Yes,No,No,No,Two year,Yes,Electronic check,62.08,1678.47,No
C04699,Female,40.0,0,No,No,43,No,No phone service,Fiber optic,Yes,No,No,No,No,No,Month-to-month,Yes,Credit card,63.88,2891.8,Yes
C04818,Male,51.0,0,No,No,16,Yes,Yes,No,No internet service,No internet service,No internet service,No internet service,No internet service,No internet service,One year,Yes,Bank transfer,45.71,672.75,No
C00458,Female,18.0,0,No,No,66,Yes,Yes,Fiber optic,Yes,No,Yes,No,Yes,Yes,Two year,Yes,Electronic check,83.9,5242.16,No
C05165,Male,56.0,0,Yes,No,41,Yes,No,Fiber optic,No,No,Yes,No,Yes,No,Month-to-month,Yes,Electronic check,60.76,2847.57,Yes
C06979,Male,32.0,0,No,No,0,Yes,Yes,No,No internet service,No internet service,No internet service,No internet service,No internet service,No internet service,One year,No,Credit card,30.83,163.98,No
C00123,Female,64.0,0,No,No,25,Yes,No,Fiber optic,No,No,No,No,No,Yes,Month-to-month,Yes,Electronic check,64.78,1877.18,Yes
C03316,Female,38.0,0,No,No,22,Yes,No,Fiber optic,No,Yes,No,No,No,No,Month-to-month,Yes,Mailed check,56.44,1344.41,Yes
C05404,Female,51.0,0,Yes,Yes,19,Yes,Yes,Fiber optic,No,No,No,No,No,No,Month-to-month,Yes,Mailed check,65.36,1219.31,Yes
C05734,Male,41.0,0,No,No,68,Yes,No,No,No internet service,No internet service,No internet service,No internet service,No internet service,No internet service,One year,No,Electronic check,24.61,1752.01,No
C04630,Female,30.0,0,No,No,22,Yes,No,No,No internet service,No internet service,No internet service,No internet service,No internet service,No internet service,Month-to-month,No,Bank transfer,29.47,583.37,No
C05368,Female,34.0,0,No,No,22,Yes,No,Fiber optic,No,Yes,Yes,No,Yes,No,One year,No,Credit card,70.41,1462.75,No
C04161,Female,45.0,0,No,Yes,27,Yes,Yes,Fiber optic,Yes,No,No,No,Yes,Yes,One year,Yes,Electronic check,82.76,2408.37,No
C03684,Female,45.0,0,Yes,No,36,Yes,No,Fiber optic,No,No,No,Yes,No,No,Two year,Yes,Bank transfer,53.86,2005.4,No
C05406,Male,45.0,0,Yes,No,12,Yes,Yes,DSL,No,No,Yes,No,No,No,One year,No,Bank transfer,41.68,625.63,No
C00557,Male,43.0,0,No,Yes,8,Yes,No,Fiber optic,Yes,No,No,No,Yes,Yes,Month-to-month,No,Electronic check,78.47,742.4,Yes
C06773,Male,51.0,0,No,No,32,Yes,No,Fiber optic,No,No,Yes,No,No,Yes,Two year,No,Credit card,60.12,1869.55,Yes
C01032,Female,49.0,0,No,No,33,No,No phone service,No,No internet service,No internet service,No internet service,No internet service,No internet service,No internet service,One year,No,Bank transfer,19.33,757.32,No
C00734,Male,48.0,0,Yes,No,52,Yes,Yes,Fiber optic,No,No,Yes,No,No,No,One year,Yes,Credit card,70.54,3241.8,No
C07098,Male,18.0,0,No,Yes,4,Yes,Yes,Fiber optic,No,Yes,Yes,No,No,No,Month-to-month,No,Electronic check,52.48,242.2,Yes
C03115,Female,52.0,0,Yes,Yes,6,Yes,No,Fiber optic,No,Yes,No,Yes,No,No,One year,No,Electronic check,60.43,472.71,Yes
C02762,Male,43.0,0,No,No,27,Yes,Yes,No,No internet service,No internet service,No internet service,No internet service,No internet service,No internet service,One year,Yes,Mailed check,38.91,1131.11,No
C05685,Female,57.0,0,Yes,Yes,0,Yes,No,Fiber optic,Yes,Yes,Yes,No,No,No,Month-to-month,No,Electronic check,58.8,85.9,No
C05665,Male,28.0,0,No,No,23,No,No phone service,Fiber optic,Yes,No,No,No,Yes,No,Month-to-month,Yes,Electronic check,56.08,1260.86,No
C04618,Female,61.0,0,Yes,Yes,4,Yes,No,DSL,No,No,Yes,No,No,No,Month-to-month,Yes,Credit card,50.38,301.78,No
C04360,Male,49.0,0,No,No,39,Yes,No,Fiber optic,No,No,No,No,Yes,No,Month-to-month,No,Bank transfer,61.13,2930.35,No
C05604,Female,74.0,1,No,Yes,37,Yes,No,Fiber optic,No,No,No,Yes,Yes,Yes,Month-to-month,Yes,Credit card,82.6,3025.4,No
C04692,Female,72.0,1,Yes,No,27,Yes,Yes,DSL,Yes,Yes,No,Yes,No,No,Month-to-month,Yes,Electronic check,58.72,1550.94,Yes
C01536,Female,37.0,0,No,Yes,19,Yes,No,DSL,No,Yes,No,No,No,No,Two year,Yes,Credit card,42.16,918.45,No
C06523,Female,38.0,0,Yes,No,9,Yes,Yes,DSL,Yes,No,No,No,Yes,Yes,Month-to-month,Yes,Electronic check,74.23,686.45,Yes
C00505,Male,36.0,0,No,Yes,40,No,No phone service,Fiber optic,Yes,Yes,No,No,Yes,No,Month-to-month,Yes,Electronic check,72.07,3164.15,Yes
C00230,Female,26.0,0,No,No,1,Yes,Yes,Fiber optic,Yes,No,Yes,No,Yes,Yes,Month-to-month,Yes,Mailed check,90.67,166.1,Yes
C01034,Female,34.0,0,Yes,No,38,Yes,No,Fiber optic,Yes,Yes,Yes,No,No,Yes,Month-to-month,No,Credit card,69.12,2863.62,No
C04482,Male,40.0,0,No,No,30,Yes,Yes,Fiber optic,Yes,No,No,No,No,No,Month-to-month,No,Electronic check,59.33,2026.86,Yes
C02016,Female,50.0,0,Yes,No,55,Yes,Yes,No,No internet service,No internet service,No internet service,No internet service,No internet service,No internet service,Two year,No,Mailed check,30.36,1607.33,No
C00882,Male,44.0,0,Yes,No,11,Yes,Yes,DSL,Yes,No,No,Yes,No,Yes,Month-to-month,Yes,Electronic check,74.89,867.49,No
C07197,Male,34.0,0,Yes,No,57,Yes,Yes,No,No internet service,No internet service,No internet service,No internet service,No internet service,No internet service,Two year,No,Electronic check,23.98,1511.93,No
C05447,Male,41.0,0,No,No,54,Yes,No,Fiber optic,No,No,Yes,No,No,No,Two year,Yes,Credit card,59.21,3238.28,No
C04508,Female,61.0,0,Yes,No,0,Yes,No,DSL,No,No,Yes,No,No,Yes,Month-to-month,Yes,Mailed check,54.665,121.91,Yes
C03007,Female,46.0,0,Yes,No,5,Yes,No,DSL,Yes,Yes,Yes,Yes,No,Yes,Month-to-month,No,Credit card,62.05,332.46,Yes
C05002,Male,56.0,0,No,Yes,29,Yes,Yes,Fiber optic,No,No,No,Yes,No,Yes,Month-to-month,Yes,Electronic check,71.64,2011.53,No
C04406,Male,51.0,0,No,Yes,0,Yes,Yes,DSL,No,No,No,No,Yes,Yes,Month-to-month,Yes,Credit card,56.37,104.23,No
C05661,Male,60.0,0,No,No,0,No,No phone service,Fiber optic,No,No,No,No,No,No,Month-to-month,No,Electronic check,40.63,106.03,Yes
C00021,Male,32.0,0,No,No,0,Yes,No,DSL,No,Yes,No,Yes,Yes,Yes,Month-to-month,Yes,Bank transfer,62.3,18.7,Yes
C06703,Male,30.0,0,Yes,No,57,Yes,No,Fiber optic,Yes,No,Yes,No,Yes,No,One year,No,Electronic check,68.55,3938.65,No
C04448,Female,47.0,0,Yes,Yes,14,Yes,No,Fiber optic,No,No,Yes,No,No,Yes,Month-to-month,Yes,Electronic check,67.84,883.97,No
C06835,Male,47.0,0,Yes,No,19,Yes,Yes,Fiber optic,No,Yes,No,Yes,No,No,Month-to-month,No,Bank transfer,67.66,1312.44,No
C06611,Male,27.0,0,Yes,No,67,Yes,Yes,DSL,Yes,No,Yes,No,No,No,Two year,Yes,Credit card,60.24,3626.99,No
C00914,Female,18.0,0,No,No,4,Yes,No,Fiber optic,No,No,No,No,No,No,Month-to-month,Yes,Electronic check,65.87,273.39,Yes
C06367,Male,32.0,0,No,No,0,Yes,Yes,Fiber optic,No,No,No,Yes,No,Yes,Month-to-month,Yes,Electronic check,71.08,135.88,No
C05690,Male,34.0,0,No,No,0,Yes,No,Fiber optic,No,No,No,No,No,No,Two year,No,Electronic check,46.92,164.56,Yes
C00637,Male,47.0,0,No,No,0,Yes,Yes,Fiber optic,No,Yes,Yes,Yes,No,Yes,Month-to-month,No,Bank transfer,93.43,39.02,Yes
C03194,Female,37.0,0,No,No,18,Yes,No,Fiber optic,No,No,No,Yes,Yes,Yes,One year,Yes,Credit card,69.16,1174.33,No
C00632,Female,37.0,0,No,No,19,Yes,No,Fiber optic,Yes,No,No,Yes,No,No,One year,No,Electronic check,58.45,1093.06,No
C04027,Female,62.0,0,Yes,Yes,65,Yes,No,Fiber optic,Yes,Yes,No,No,No,Yes,One year,Yes,Bank transfer,77.31,5660.5,No
C07057,Female,45.0,0,No,No,30,Yes,Yes,Fiber optic,No,Yes,No,No,No,No,Two year,Yes,Electronic check,84.14,2588.98,No
C03519,Female,51.0,0,No,Yes,14,Yes,Yes,No,No internet service,No internet service,No internet service,No internet service,No internet service,No internet service,Month-to-month,Yes,Mailed check,26.47,509.38,No
C02673,Male,27.0,0,No,No,54,Yes,No,DSL,No,No,No,No,Yes,No,Two year,No,Bank transfer,49.23,2831.24,No
C03400,Male,55.0,0,No,No,5,Yes,Yes,Fiber optic,No,No,Yes,Yes,Yes,No,Month-to-month,No,Electronic check,85.16,563.89,Yes
C05493,Male,47.0,0,Yes,No,43,No,No phone service,DSL,Yes,No,No,Yes,Yes,Yes,One year,Yes,Bank transfer,63.95,2821.28,No
C06049,Female,48.0,0,No,Yes,30,Yes,No,Fiber optic,No,Yes,No,No,No,No,Month-to-month,No,Electronic check,54.74,1714.75,No
C04165,Male,66.0,1,Yes,Yes,1,Yes,No,Fiber optic,No,Yes,No,Yes,No,Yes,Month-to-month,Yes,Bank transfer,78.18,99.45,No
C02826,Male,40.0,0,No,No,32,Yes,Yes,DSL,No,Yes,No,No,No,Yes,Month-to-month,No,Credit card,55.55,1896.64,No
C02626,Female,52.0,0,Yes,No,19,Yes,Yes,Fiber optic,Yes,Yes,No,Yes,Yes,No,Month-to-month,Yes,Credit card,86.09,1491.44,Yes
C05590,Female,52.0,0,No,Yes,57,No,No phone service,No,No internet service,No internet service,No internet service,No internet service,No internet service,No internet service,Two year,Yes,Electronic check,18.0,1124.37,No
C03172,Female,32.0,0,No,No,26,Yes,Yes,Fiber optic,No,No,No,No,Yes,No,Month-to-month,No,Bank transfer,66.88,1587.59,Yes
C06358,Female,37.0,0,Yes,No,67,Yes,No,DSL,Yes,Yes,Yes,No,No,No,Month-to-month,No,Electronic check,50.06,3443.33,No
C07036,Female,71.0,1,Yes,Yes,56,Yes,No,Fiber optic,No,No,No,No,No,Yes,One year,Yes,Electronic check,60.91,3485.61,Yes
C00509,Male,31.0,0,No,No,21,Yes,Yes,DSL,No,Yes,Yes,No,No,No,Two year,Yes,Electronic check,53.11,1034.83,Yes
C02948,Male,20.0,0,No,No,32,Yes,No,Fiber optic,No,No,Yes,Yes,No,Yes,Month-to-month,Yes,Electronic check,62.89,2379.57,No
C00430,Female,60.0,0,Yes,No,6,Yes,Yes,DSL,No,Yes,No,No,No,Yes,Month-to-month,Yes,Mailed check,55.98,452.74,Yes
C00214,Female,60.0,0,Yes,Yes,16,Yes,Yes,No,No internet service,No internet service,No internet service,No internet service,No internet service,No internet service,One year,Yes,Bank transfer,30.01,569.27,No
C05975,Female,46.0,0,No,Yes,0,Yes,Yes,Fiber optic,No,Yes,No,No,Yes,Yes,Month-to-month,Yes,Credit card,85.9,70.68,No
C04885,Female,34.0,0,No,No,18,Yes,No,Fiber optic,No,Yes,No,No,No,Yes,Month-to-month,Yes,Bank transfer,57.79,1016.9,Yes
C00493,Male,23.0,0,No,No,54,Yes,No,DSL,No,No,Yes,No,No,Yes,Two year,No,Bank transfer,55.09,2744.01,No
C01063,Male,66.0,1,Yes,No,16,Yes,Yes,No,No internet service,No internet service,No internet service,No internet service,No internet service,No internet service,Month-to-month,No,Credit card,23.23,472.46,No
C02093,Female,28.0,0,Yes,No,23,Yes,Yes,DSL,No,Yes,Yes,No,No,Yes,Month-to-month,Yes,Electronic check,61.88,1621.09,No
C00005,Male,49.0,0,Yes,No,72,Yes,Yes,Fiber optic,No,No,No,No,Yes,No,Two year,Yes,Credit card,66.93,4682.34,No
C02785,Female,28.0,0,Yes,Yes,0,No,No phone service,No,No internet service,No internet service,No internet service,No internet service,No internet service,No internet service,One year,No,Electronic check,18.41,161.3,Yes
C03077,Female,35.0,0,No,No,18,Yes,Yes,Fiber optic,Yes,No,Yes,Yes,Yes,Yes,Month-to-month,Yes,Electronic check,92.67,1631.26,Yes
C06122,Female,25.0,0,No,No,25,Yes,No,Fiber optic,No,No,Yes,No,No,Yes,Month-to-month,No,Credit card,60.77,1351.93,No
C04179,Female,65.0,0,Yes,Yes,38,Yes,Yes,Fiber optic,Yes,No,Yes,Yes,No,Yes,Month-to-month,Yes,Bank transfer,80.8,3257.95,No
C00082,Male,35.0,0,Yes,No,15,Yes,Yes,Fiber optic,No,No,No,No,Yes,No,Month-to-month,Yes,Mailed check,69.58,1207.65,Yes
C02087,Male,29.0,0,No,No,52,Yes,No,DSL,Yes,No,No,Yes,No,No,One year,Yes,Electronic check,54.665,2638.88,No
C04622,Male,80.0,1,Yes,Yes,34,Yes,No,DSL,No,Yes,No,No,No,No,Month-to-month,No,Mailed check,32.44,1005.57,No
C06461,Female,29.0,0,No,No,42,Yes,No,DSL,Yes,Yes,No,Yes,No,Yes,Month-to-month,No,Mailed check,62.84,2583.39,No
C00819,Female,24.0,0,No,No,26,Yes,No,DSL,No,Yes,No,No,Yes,No,One year,No,Electronic check,44.99,1217.36,No
C06866,Female,27.0,0,No,No,0,Yes,Yes,Fiber optic,No,Yes,No,No,No,No,Month-to-month,Yes,Electronic check,59.91,109.27,Yes
C06975,Female,64.0,0,No,No,16,Yes,Yes,DSL,No,No,No,No,Yes,No,Month-to-month,Yes,Electronic check,42.93,742.88,No
C04709,Male,31.0,0,No,No,45,Yes,No,DSL,No,Yes,Yes,Yes,No,Yes,Two year,Yes,Credit card,63.24,3072.37,Yes
C06063,Male,50.0,0,No,No,21,Yes,No,Fiber optic,Yes,Yes,Yes,No,Yes,Yes,Month-to-month,Yes,Credit card,84.05,1821.53,Yes
C05883,Female,51.0,0,No,No,28,Yes,Yes,Fiber optic,No,No,Yes,No,Yes,Yes,One year,Yes,Mailed check,81.02,2316.33,No
C04643,Female,47.0,0,Yes,No,13,Yes,Yes,Fiber optic,Yes,No,No,No,Yes,No,Month-to-month,No,Credit card,81.7,1068.58,Yes
C00806,Female,80.0,1,Yes,Yes,0,Yes,Yes,Fiber optic,No,No,Yes,No,No,Yes,Month-to-month,No,Bank transfer,75.39,70.45,No
C05663,Male,45.0,0,No,Yes,25,Yes,No,DSL,No,No,No,No,No,Yes,Month-to-month,Yes,Mailed check,53.29,1358.45,No
C04902,Female,42.0,0,No,No,16,No,No phone service,Fiber optic,Yes,No,No,No,No,No,One year,No,Bank transfer,55.56,977.0,No
C05930,Male,61.0,0,No,No,5,Yes,No,DSL,No,No,No,No,Yes,No,Month-to-month,No,Mailed check,53.16,383.09,Yes
C03995,Male,60.0,0,Yes,No,7,Yes,No,Fiber optic,Yes,Yes,Yes,Yes,No,No,Month-to-month,No,Credit card,78.59,563.35,No
C02524,Male,54.0,0,No,No,19,Yes,Yes,No,No internet service,No internet service,No internet service,No internet service,No internet service,No internet service,Month-to-month,Yes,Bank transfer,40.38,690.14,No
C00577,Male,24.0,0,No,No,46,Yes,Yes,No,No internet service,No internet service,No internet service,No internet service,No internet service,No internet service,One year,Yes,Credit card,26.62,1324.63,No
C04639,Male,26.0,0,Yes,No,18,Yes,Yes,Fiber optic,No,Yes,Yes,No,Yes,No,Month-to-month,No,Electronic check,74.59,1405.55,No
C02692,Female,35.0,0,Yes,No,27,Yes,Yes,DSL,No,No,Yes,No,Yes,No,Month-to-month,No,Electronic check,53.79,1622.72,Yes
C04013,Male,46.0,0,No,No,13,Yes,Yes,Fiber optic,No,Yes,Yes,No,No,Yes,Month-to-month,Yes,Electronic check,74.87,1205.48,No
C06192,Male,34.0,0,No,No,44,Yes,No,DSL,Yes,Yes,No,No,No,Yes,Two year,Yes,Mailed check,57.36,2418.04,No
C06163,Female,28.0,0,No,Yes,14,Yes,Yes,Fiber optic,Yes,Yes,No,Yes,Yes,Yes,Month-to-month,No,Electronic check,93.67,1336.64,Yes
C05146,Male,69.0,1,Yes,No,18,No,No phone service,DSL,No,Yes,Yes,No,Yes,No,Month-to-month,Yes,Credit card,54.96,1208.23,No
C05287,Female,27.0,0,Yes,No,24,Yes,Yes,No,No internet service,No internet service,No internet service,No internet service,No internet service,No internet service,One year,No,Credit card,39.47,1105.15,No
C00528,Male,45.0,0,No,No,42,Yes,No,DSL,No,Yes,Yes,Yes,Yes,No,Two year,No,Credit card,65.09,2855.28,No
C03584,Male,55.0,0,Yes,No,36,Yes,Yes,DSL,Yes,Yes,No,No,No,No,One year,No,Mailed check,54.67,1845.96,No
C06547,Male,42.0,0,No,No,32,Yes,Yes,DSL,No,Yes,Yes,No,No,No,Two year,Yes,Bank transfer,64.06,2114.03,No
C00652,Male,37.0,0,Yes,No,42,Yes,Yes,Fiber optic,No,No,Yes,No,Yes,No,One year,No,Electronic check,61.69,2462.18,No
C00589,Female,37.0,0,No,No,15,Yes,No,Fiber optic,No,No,Yes,No,No,No,One year,No,Mailed check,52.42,812.58,No
C06401,Female,32.0,0,Yes,No,63,Yes,No,Fiber optic,Yes,Yes,No,No,No,Yes,Month-to-month,Yes,Electronic check,72.78,4061.35,No
C00828,Male,67.0,1,Yes,No,30,No,No phone service,Fiber optic,Yes,Yes,Yes,No,No,No,Two year,Yes,Bank transfer,64.04,2185.88,Yes
C06471,Female,34.0,0,Yes,No,36,Yes,Yes,DSL,No,Yes,Yes,No,No,No,Month-to-month,No,Mailed check,56.34,2025.58,No
C00515,Female,58.0,0,Yes,No,16,Yes,Yes,Fiber optic,No,Yes,No,Yes,No,No,Month-to-month,Yes,Bank transfer,78.1,1372.28,Yes
C03545,Male,52.0,0,Yes,No,41,No,No phone service,Fiber optic,No,No,Yes,No,Yes,No,One year,No,Bank transfer,52.4,2121.95,No
C07018,Male,52.0,0,No,No,0,No,No phone service,Fiber optic,Yes,Yes,Yes,Yes,Yes,Yes,One year,No,Electronic check,85.49,152.28,No
C06967,Female,18.0,0,Yes,Yes,33,Yes,Yes,DSL,No,Yes,Yes,No,No,No,Month-to-month,Yes,Credit card,54.66,2014.17,No
C01001,Female,53.0,0,No,No,62,Yes,No,No,No internet service,No internet service,No internet service,No internet service,No internet service,No internet service,Two year,Yes,Bank transfer,29.37,1715.41,No
C04899,Female,63.0,0,No,Yes,40,Yes,Yes,No,No internet service,No internet service,No internet service,No internet service,No internet service,No internet service,Month-to-month,No,Mailed check,30.41,1120.98,No
C00394,Male,36.0,0,Yes,No,17,Yes,No,No,No internet service,No internet service,No internet service,No internet service,No internet service,No internet service,Month-to-month,No,Electronic check,18.0,329.81,No
C04501,Male,30.0,0,Yes,No,56,No,No phone service,Fiber optic,No,No,Yes,No,No,No,One year,Yes,Credit card,49.85,2623.88,No
C07236,Male,50.0,0,No,No,21,Yes,Yes,No,No internet service,No internet service,No internet service,No internet service,No internet service,No internet service,Month-to-month,No,Bank transfer,34.15,846.61,No
C00551,Male,73.0,1,Yes,Yes,49,Yes,No,Fiber optic,Yes,Yes,Yes,Yes,Yes,No,One year,Yes,Bank transfer,88.7,4684.5,No
C07178,Male,32.0,0,Yes,No,0,Yes,No,DSL,No,No,Yes,No,No,Yes,Month-to-month,Yes,Electronic check,56.02,57.4,Yes
C05337,Female,18.0,0,Yes,No,33,Yes,Yes,Fiber optic,No,No,No,No,No,No,One year,Yes,Credit card,65.64,2066.68,No
C01169,Male,36.0,0,Yes,No,0,Yes,Yes,Fiber optic,No,No,Yes,No,No,No,Month-to-month,Yes,Credit card,63.62,57.6,Yes
C06458,Male,41.0,0,No,No,18,Yes,No,Fiber optic,No,Yes,No,No,No,No,Month-to-month,No,Electronic check,49.09,849.28,Yes
C06392,Female,32.0,0,Yes,No,50,Yes,No,DSL,No,No,Yes,No,No,No,Month-to-month,No,Mailed check,41.45,2039.54,No
C01120,Female,44.0,0,Yes,No,0,Yes,No,Fiber optic,Yes,Yes,Yes,No,Yes,No,Month-to-month,No,Electronic check,74.77,154.49,Yes
C00558,Female,31.0,0,No,No,0,Yes,Yes,Fiber optic,No,No,No,Yes,Yes,No,Month-to-month,No,Credit card,80.35,56.87,Yes
C06895,Male,32.0,0,Yes,No,19,Yes,No,DSL,Yes,Yes,No,No,No,No,Month-to-month,Yes,Mailed check,37.75,777.07,No
C02232,Female,31.0,0,No,No,44,No,No phone service,No,No internet service,No internet service,No internet service,No internet service,No internet service,No internet service,One year,Yes,Credit card,23.87,1114.25,No
C05054,Female,22.0,0,No,No,30,Yes,No,DSL,No,No,No,No,No,No,Month-to-month,Yes,Bank transfer,46.27,1381.88,No
C03264,Female,38.0,0,Yes,No,32,Yes,Yes,Fiber optic,No,No,Yes,Yes,No,No,Month-to-month,Yes,Electronic check,76.85,2987.34,Yes
C01222,Female,47.0,0,No,No,35,Yes,No,DSL,No,No,No,Yes,No,Yes,One year,Yes,Bank transfer,53.23,1910.29,No
C07111,Male,38.0,0,No,No,5,Yes,No,No,No internet service,No internet service,No internet service,No internet service,No internet service,No internet service,Month-to-month,Yes,Credit card,28.3,176.5,No
C03890,Male,43.0,0,Yes,No,40,Yes,Yes,Fiber optic,No,No,Yes,No,No,No,One year,No,Electronic check,60.75,2288.8,No
C02834,Female,28.0,0,Yes,No,41,Yes,No,No,No internet service,No internet service,No internet service,No internet service,No internet service,No internet service,One year,Yes,Bank transfer,19.22,962.37,No
C00326,Male,55.0,0,Yes,Yes,30,Yes,No,Fiber optic,Yes,Yes,No,Yes,No,Yes,Month-to-month,No,Bank transfer,73.78,2277.84,No
C07011,Male,35.0,0,No,No,13,Yes,No,Fiber optic,No,No,Yes,No,No,Yes,Month-to-month,Yes,Mailed check,60.99,1024.98,Yes
C03159,Female,33.0,0,No,No,53,Yes,Yes,DSL,No,No,No,No,No,No,One year,Yes,Electronic check,51.79,3120.73,No
C03269,Female,18.0,0,No,No,22,Yes,Yes,Fiber optic,No,No,Yes,No,Yes,Yes,Month-to-month,Yes,Electronic check,91.81,1969.85,No
C03601,Male,33.0,0,No,No,25,Yes,No,DSL,No,Yes,Yes,Yes,No,No,One year,No,Electronic check,43.71,1231.5,No
C00052,Male,18.0,0,No,No,32,Yes,No,DSL,No,No,No,No,No,No,Month-to-month,Yes,Electronic check,37.23,1228.11,Yes
C05301,Female,56.0,0,No,No,71,Yes,No,Fiber optic,No,No,Yes,Yes,Yes,No,Two year,Yes,Bank transfer,72.67,4688.0,Yes
C00099,Male,54.0,0,Yes,Yes,26,Yes,No,No,No internet service,No internet service,No internet service,No internet service,No internet service,No internet service,One year,No,Bank transfer,25.38,713.12,No
C05937,Male,43.0,0,No,No,23,Yes,No,No,No internet service,No internet service,No internet service,No internet service,No internet service,No internet service,Month-to-month,Yes,Credit card,22.93,669.87,No
C01749,Male,31.0,0,Yes,Yes,10,Yes,Yes,No,No internet service,No internet service,No internet service,No internet service,No internet service,No internet service,Month-to-month,No,Bank transfer,33.06,517.02,No
C05281,Male,61.0,0,Yes,No,50,Yes,No,No,No internet service,No internet service,No internet service,No internet service,No internet service,No internet service,One year,Yes,Credit card,27.43,1257.18,No
C00720,Male,38.0,0,No,Yes,42,Yes,Yes,DSL,No,No,Yes,No,Yes,No,Month-to-month,No,Electronic check,58.12,2659.03,Yes
C03516,Female,18.0,0,Yes,No,29,Yes,Yes,No,No internet service,No internet service,No internet service,No internet service,No internet service,No internet service,Month-to-month,Yes,Electronic check,41.41,1211.33,No
C05029,Male,40.0,0,Yes,Yes,17,Yes,No,No,No internet service,No internet service,No internet service,No internet service,No internet service,No internet service,Month-to-month,Yes,Mailed check,26.44,554.13,No
C07017,Female,30.0,0,No,No,0,Yes,No,DSL,Yes,No,Yes,Yes,Yes,No,Month-to-month,Yes,Bank transfer,61.42,72.37,Yes
C02745,Female,57.0,0,Yes,No,25,Yes,Yes,Fiber optic,No,No,Yes,Yes,No,No,Month-to-month,Yes,Credit card,69.85,1921.22,Yes
C03242,Female,30.0,0,No,No,3,No,No phone service,Fiber optic,No,No,No,Yes,No,No,Month-to-month,No,Electronic check,53.43,148.91,No
C06875,Female,42.0,0,No,No,14,Yes,Yes,No,No internet service,No internet service,No internet service,No internet service,No internet service,No internet service,One year,Yes,Electronic check,34.2,580.01,No
C02118,Male,24.0,0,No,No,21,Yes,No,No,No internet service,No internet service,No internet service,No internet service,No internet service,No internet service,Month-to-month,Yes,Electronic check,22.94,557.81,Yes
C00600,Female,37.0,0,Yes,Yes,51,Yes,Yes,DSL,No,No,Yes,No,Yes,Yes,Month-to-month,Yes,Electronic check,64.34,3579.58,No
C05816,Female,59.0,0,No,Yes,55,Yes,No,Fiber optic,No,No,No,No,No,No,One year,Yes,Mailed check,45.19,3000.16,No
C02305,Male,49.0,0,Yes,No,72,Yes,Yes,Fiber optic,Yes,No,Yes,No,No,Yes,Two year,Yes,Bank transfer,82.19,5939.66,No
C06347,Female,54.0,0,No,Yes,39,Yes,No,Fiber optic,No,Yes,No,No,No,No,Two year,Yes,Mailed check,57.86,1975.55,No
C07113,Female,41.0,0,Yes,No,22,Yes,No,DSL,No,No,No,Yes,No,No,Two year,Yes,Bank transfer,46.68,1068.61,No
C01393,Female,80.0,1,Yes,Yes,40,Yes,Yes,Fiber optic,No,Yes,No,No,Yes,Yes,Month-to-month,Yes,Mailed check,87.84,4059.27,Yes
C03287,Female,46.0,0,Yes,Yes,11,Yes,Yes,Fiber optic,No,No,No,No,No,No,Month-to-month,Yes,Electronic check,60.99,633.41,Yes
C02781,Male,48.0,0,Yes,No,4,Yes,Yes,DSL,No,No,Yes,No,No,No,Month-to-month,No,Bank transfer,55.7,323.73,No
C00250,Male,35.0,0,No,Yes,13,Yes,No,Fiber optic,No,No,No,No,No,Yes,Two year,Yes,Credit card,69.82,949.9,No
C06463,Male,37.0,0,Yes,No,49,Yes,Yes,Fiber optic,No,No,Yes,No,No,No,One year,Yes,Electronic check,69.55,3377.45,No
C06874,Male,34.0,0,Yes,Yes,35,Yes,Yes,DSL,No,No,No,Yes,Yes,No,Two year,Yes,Credit card,59.88,1979.3,No
C05304,Male,18.0,0,No,No,25,Yes,Yes,No,No internet service,No internet service,No internet service,No internet service,No internet service,No internet service,Month-to-month,No,Electronic check,24.16,811.61,No
C01135,Male,55.0,0,No,No,1,Yes,No,DSL,No,Yes,Yes,No,No,Yes,Month-to-month,Yes,Bank transfer,64.36,165.13,Yes
C05227,Male,27.0,0,No,No,72,Yes,No,Fiber optic,No,No,No,Yes,No,Yes,Two year,No,Electronic check,68.54,5211.33,No
C03406,Male,41.0,0,Yes,No,24,Yes,No,No,No internet service,No internet service,No internet service,No internet service,No internet service,No internet service,Month-to-month,No,Electronic check,31.69,860.97,No
C06841,Male,71.0,1,No,No,9,Yes,No,Fiber optic,No,Yes,No,Yes,Yes,Yes,Two year,No,Credit card,73.58,833.3,No
C01601,Male,51.0,0,No,No,16,Yes,Yes,DSL,No,Yes,No,No,Yes,No,Two year,Yes,Electronic check,60.63,980.41,Yes
C06361,Female,46.0,0,No,Yes,37,Yes,No,Fiber optic,No,Yes,No,No,No,No,Two year,No,Bank transfer,65.9,1940.8,No
C03464,Female,44.0,0,No,No,13,No,No phone service,DSL,No,No,Yes,No,No,Yes,One year,Yes,Mailed check,50.99,628.85,No
C01579,Male,35.0,0,No,No,18,Yes,No,No,No internet service,No internet service,No internet service,No internet service,No internet service,No internet service,One year,Yes,Electronic check,18.0,400.48,No
C00747,Female,37.0,0,No,No,15,No,No phone service,DSL,No,No,Yes,Yes,Yes,No,Month-to-month,Yes,Credit card,58.2,977.95,No
C04588,Male,41.0,0,No,No,18,Yes,Yes,DSL,No,No,Yes,Yes,No,Yes,One year,No,Mailed check,56.82,1232.03,No
C04079,Male,47.0,0,No,Yes,33,Yes,No,Fiber optic,Yes,Yes,Yes,No,No,No,Month-to-month,Yes,Electronic check,66.67,2185.93,Yes
C06214,Female,80.0,1,Yes,No,33,Yes,No,DSL,Yes,Yes,Yes,No,No,No,Month-to-month,No,Credit card,57.27,1947.45,No
C01538,Female,47.0,0,Yes,Yes,22,Yes,No,No,No internet service,No internet service,No internet service,No internet service,No internet service,No internet service,Month-to-month,Yes,Electronic check,27.33,770.27,No
C04258,Female,67.0,1,Yes,No,29,Yes,No,No,No internet service,No internet service,No internet service,No internet service,No internet service,No internet service,Month-to-month,Yes,Electronic check,26.15,962.38,No
C00293,Female,53.0,0,No,No,14,Yes,No,No,No internet service,No internet service,No internet service,No internet service,No internet service,No internet service,Month-to-month,Yes,Electronic check,29.88,532.96,No
C04142,Male,32.0,0,No,Yes,26,Yes,No,Fiber optic,No,No,Yes,No,No,No,Month-to-month,No,Electronic check,53.4,1210.36,No
C04345,Female,52.0,0,Yes,No,0,Yes,Yes,Fiber optic,Yes,No,Yes,Yes,No,No,Month-to-month,Yes,Credit card,76.81,164.06,Yes
C00802,Male,50.0,0,No,Yes,43,Yes,No,DSL,Yes,Yes,No,No,Yes,No,Two year,Yes,Electronic check,53.18,2613.48,No
C04697,Male,69.0,1,Yes,No,13,Yes,Yes,Fiber optic,Yes,No,Yes,Yes,No,No,Month-to-month,Yes,Credit card,69.73,976.1,Yes
C00117,Female,42.0,0,Yes,Yes,44,Yes,No,DSL,No,No,No,No,No,Yes,One year,No,Mailed check,49.81,2172.35,No
C04904,Female,67.0,1,Yes,Yes,17,Yes,Yes,Fiber optic,No,No,No,No,Yes,No,Month-to-month,No,Electronic check,74.06,1317.21,No
C05092,Male,37.0,0,No,No,50,No,No phone service,DSL,No,No,Yes,No,No,Yes,Two year,No,Bank transfer,38.57,2293.81,No
C01068,Male,42.0,0,No,Yes,59,No,No phone service,DSL,Yes,Yes,Yes,Yes,Yes,No,Two year,No,Electronic check,59.26,3491.02,No
C02066,Male,48.0,0,No,No,14,Yes,Yes,No,No internet service,No internet service,No internet service,No internet service,No internet service,No internet service,Month-to-month,No,Electronic check,24.12,444.08,No
C00753,Male,38.0,0,No,No,31,Yes,No,Fiber optic,No,No,Yes,No,Yes,No,One year,Yes,Bank transfer,63.69,1744.6,No
C02589,Male,41.0,0,No,No,14,Yes,No,DSL,No,No,No,No,Yes,Yes,Month-to-month,No,Bank transfer,54.3,863.58,No
C03957,Female,28.0,0,No,No,40,No,No phone service,Fiber optic,Yes,Yes,No,Yes,No,No,Month-to-month,Yes,Electronic check,70.63,2907.17,Yes
C01748,Female,30.0,0,No,No,0,Yes,No,Fiber optic,Yes,No,No,Yes,No,Yes,Month-to-month,Yes,Bank transfer,69.66,136.33,Yes
C05302,Male,35.0,0,No,No,12,Yes,No,Fiber optic,No,No,No,No,No,Yes,One year,Yes,Bank transfer,57.35,794.88,No
C03111,Female,21.0,0,Yes,No,43,Yes,Yes,Fiber optic,Yes,No,No,Yes,Yes,No,One year,Yes,Electronic check,76.94,3242.84,No
C06710,Male,31.0,0,No,Yes,40,Yes,Yes,Fiber optic,Yes,Yes,No,No,No,No,One year,No,Electronic check,72.51,2919.06,No
C07086,Male,62.0,0,No,No,18,No,No phone service,No,No internet service,No internet service,No internet service,No internet service,No internet service,No internet service,One year,Yes,Electronic check,30.52,648.33,No
C07051,Female,58.0,0,Yes,Yes,63,Yes,Yes,Fiber optic,No,No,No,Yes,Yes,No,One year,No,Electronic check,68.73,4221.8,No
C02769,Male,55.0,0,No,No,3,Yes,Yes,Fiber optic,Yes,Yes,Yes,No,No,Yes,Month-to-month,Yes,Mailed check,89.55,391.49,Yes
C03733,Female,62.0,0,Yes,No,16,Yes,Yes,DSL,Yes,Yes,No,No,No,Yes,Month-to-month,Yes,Electronic check,71.29,1257.33,Yes
C00805,Male,63.0,0,No,No,14,Yes,Yes,Fiber optic,No,No,Yes,No,No,No,One year,Yes,Credit card,66.97,1016.52,No
C06266,Male,55.0,0,No,No,19,Yes,No,Fiber optic,No,No,No,No,Yes,No,Month-to-month,Yes,Electronic check,73.7,1568.45,No
C03831,Male,54.0,0,No,No,40,Yes,No,DSL,Yes,No,No,No,Yes,Yes,One year,No,Bank transfer,57.51,2441.09,No
C01719,Male,33.0,0,Yes,Yes,28,Yes,No,Fiber optic,No,No,No,No,No,No,Month-to-month,Yes,Credit card,55.97,1672.49,No
C01917,Male,18.0,0,No,No,37,Yes,Yes,Fiber optic,No,No,No,No,Yes,No,One year,Yes,Electronic check,60.77,2373.47,No
C02101,Female,28.0,0,Yes,Yes,0,Yes,Yes,Fiber optic,No,Yes,No,No,No,No,Month-to-month,No,Electronic check,63.31,66.93,No
C06646,Female,29.0,0,No,No,0,Yes,Yes,Fiber optic,No,No,Yes,No,No,No,Month-to-month,No,Electronic check,63.83,61.73,Yes
C02987,Female,29.0,0,Yes,No,19,Yes,Yes,Fiber optic,No,No,No,Yes,No,No,Month-to-month,No,Electronic check,70.64,1639.45,Yes
C04397,Female,37.0,0,Yes,No,28,Yes,No,Fiber optic,Yes,No,No,Yes,No,No,One year,No,Bank transfer,63.14,1779.74,No
C04497,Female,56.0,0,No,No,21,Yes,Yes,Fiber optic,Yes,No,No,No,Yes,No,Month-to-month,Yes,Electronic check,81.02,1644.62,Yes
C00273,Female,50.0,0,Yes,No,16,Yes,No,No,No internet service,No internet service,No internet service,No internet service,No internet service,No internet service,Month-to-month,No,Bank transfer,25.48,538.19,No
C01545,Male,42.0,0,No,No,6,Yes,No,Fiber optic,No,Yes,Yes,No,Yes,No,Month-to-month,No,Credit card,69.41,421.26,No
C05509,Male,48.0,0,Yes,No,14,Yes,No,DSL,No,Yes,Yes,No,No,No,Month-to-month,No,Electronic check,52.67,733.76,No
C00786,Female,47.0,0,Yes,Yes,0,Yes,No,DSL,No,No,Yes,No,Yes,Yes,Month-to-month,Yes,Electronic check,71.38,150.08,No
C04628,Male,24.0,0,Yes,No,19,Yes,Yes,No,No internet service,No internet service,No internet service,No internet service,No internet service,No internet service,Month-to-month,No,Electronic check,21.64,534.95,No
C01891,Male,31.0,0,No,Yes,10,Yes,No,DSL,No,No,No,No,Yes,No,Month-to-month,Yes,Bank transfer,46.02,545.6,No
C00671,Male,41.0,0,Yes,Yes,13,Yes,No,DSL,No,Yes,No,No,No,No,Month-to-month,No,Electronic check,35.74,554.78,No
C01946,Female,30.0,0,No,No,0,Yes,Yes,No,No internet service,No internet service,No internet service,No internet service,No internet service,No internet service,Month-to-month,No,Bank transfer,26.45,173.18,No
C02977,Male,45.0,0,No,Yes,10,Yes,No,DSL,No,No,No,Yes,No,No,Month-to-month,No,Credit card,51.75,549.6,No
C05779,Male,60.0,0,Yes,No,18,Yes,Yes,Fiber optic,No,No,No,No,No,No,Month-to-month,Yes,Credit card,46.81,755.68,No
C02713,Female,26.0,0,No,No,5,Yes,No,DSL,No,No,No,Yes,No,Yes,Month-to-month,Yes,Electronic check,53.97,374.13,Yes
C01487,Male,47.0,0,Yes,No,30,Yes,No,DSL,No,Yes,No,Yes,No,Yes,Month-to-month,Yes,Bank transfer,64.69,1956.92,No
C04769,Male,31.0,0,Yes,No,35,No,No phone service,Fiber optic,No,Yes,Yes,No,Yes,Yes,One year,Yes,Bank transfer,82.19,3162.12,Yes
C02743,Female,33.0,0,No,No,5,Yes,No,Fiber optic,No,Yes,No,Yes,Yes,No,Two year,Yes,Credit card,70.03,389.37,Yes
C00909,Female,60.0,0,Yes,No,4,Yes,Yes,Fiber optic,No,No,No,No,No,No,Month-to-month,No,Bank transfer,58.37,312.11,No
C00880,Female,47.0,0,No,No,40,Yes,Yes,No,No internet service,No internet service,No internet service,No internet service,No internet service,No internet service,One year,Yes,Credit card,32.52,1599.81,No
C01646,Female,46.0,0,No,No,42,Yes,Yes,DSL,No,No,No,Yes,No,No,One year,No,Electronic check,43.6,1770.46,No
C07034,Male,61.0,0,No,No,10,Yes,No,DSL,No,No,No,Yes,No,No,Month-to-month,Yes,Electronic check,35.36,438.71,No
C01465,Male,24.0,0,No,No,29,Yes,Yes,Fiber optic,No,No,No,No,Yes,Yes,Month-to-month,Yes,Electronic check,72.96,1832.07,Yes
C02643,Male,18.0,0,No,No,48,Yes,Yes,Fiber optic,No,No,Yes,No,No,Yes,Two year,Yes,Bank transfer,74.69,3382.8,No
C00200,Female,42.0,0,Yes,No,13,Yes,Yes,DSL,Yes,No,No,Yes,No,Yes,Month-to-month,Yes,Electronic check,60.81,777.66,Yes
C01175,Male,71.0,1,Yes,Yes,5,Yes,Yes,Fiber optic,No,No,No,Yes,Yes,No,Month-to-month,Yes,Bank transfer,74.29,470.58,Yes
C07139,Female,47.0,0,No,Yes,32,Yes,Yes,Fiber optic,No,No,No,Yes,No,Yes,Month-to-month,Yes,Electronic check,71.13,2560.05,No
C06010,Female,64.0,0,No,Yes,32,Yes,Yes,No,No internet service,No internet service,No internet service,No internet service,No internet service,No internet service,Month-to-month,Yes,Credit card,36.65,1358.2,No
C02269,Male,31.0,0,Yes,No,18,Yes,No,Fiber optic,Yes,No,No,No,No,No,Month-to-month,Yes,Electronic check,60.73,1223.1,Yes
C00609,Female,36.0,0,Yes,No,0,Yes,No,Fiber optic,No,No,No,Yes,No,Yes,Month-to-month,Yes,Electronic check,71.8,56.53,Yes
C03064,Male,55.0,0,No,No,31,Yes,No,Fiber optic,Yes,No,No,No,No,No,Two year,Yes,Electronic check,62.24,2143.55,No
C00755,Female,34.0,0,Yes,Yes,9,Yes,No,DSL,No,Yes,No,No,No,No,Month-to-month,No,Credit card,31.24,394.63,Yes
C03715,Male,41.0,0,No,No,59,Yes,No,No,No internet service,No internet service,No internet service,No internet service,No internet service,No internet service,Two year,No,Mailed check,29.48,1719.26,No
C03566,Male,21.0,0,Yes,No,26,No,No phone service,DSL,No,No,No,Yes,No,No,Month-to-month,Yes,Electronic check,60.66,1541.06,Yes
C05358,Female,44.0,0,Yes,No,33,Yes,No,DSL,No,No,No,No,Yes,No,Month-to-month,Yes,Bank transfer,45.67,1480.62,No
C04474,Male,44.0,0,Yes,No,28,Yes,Yes,DSL,Yes,No,No,Yes,Yes,No,Month-to-month,Yes,Electronic check,67.01,1966.81,Yes
C06744,Male,35.0,0,Yes,No,40,Yes,No,No,No internet service,No internet service,No internet service,No internet service,No internet service,No internet service,Month-to-month,Yes,Electronic check,19.05,909.8,No
C03052,Female,50.0,0,Yes,Yes,11,Yes,Yes,Fiber optic,No,Yes,No,No,Yes,No,Month-to-month,No,Mailed check,61.29,760.45,Yes
C01437,Female,64.0,0,No,No,0,Yes,Yes,Fiber optic,No,Yes,Yes,Yes,No,Yes,Month-to-month,Yes,Electronic check,77.25,17.19,Yes
C01466,Male,26.0,0,Yes,No,14,Yes,No,DSL,Yes,Yes,No,Yes,No,Yes,Month-to-month,Yes,Electronic check,60.31,1063.78,Yes
C01087,Male,25.0,0,No,No,46,Yes,Yes,DSL,No,No,Yes,Yes,No,No,Month-to-month,Yes,Credit card,47.52,2506.03,No
C05862,Male,18.0,0,Yes,No,71,Yes,No,DSL,Yes,Yes,Yes,No,No,No,Two year,Yes,Electronic check,46.49,3305.58,No
C00895,Male,69.0,1,No,No,14,Yes,No,Fiber optic,No,Yes,No,No,Yes,Yes,Month-to-month,No,Bank transfer,62.61,809.28,Yes
C05177,Female,43.0,0,No,No,30,Yes,No,Fiber optic,Yes,No,No,No,No,No,One year,Yes,Mailed check,64.35,1830.81,No
C00295,Male,35.0,0,No,No,0,Yes,No,No,No internet service,No internet service,No internet service,No internet service,No internet service,No internet service,Two year,No,Mailed check,25.93,20.94,No
C04395,Male,49.0,0,No,Yes,51,Yes,Yes,Fiber optic,No,No,No,No,Yes,Yes,Two year,Yes,Bank transfer,77.55,3648.52,No
C03860,Male,25.0,0,No,No,31,Yes,No,Fiber optic,No,No,No,Yes,No,Yes,Month-to-month,No,Bank transfer,65.66,1898.55,No
C00778,Female,18.0,0,No,No,5,Yes,Yes,Fiber optic,Yes,Yes,No,Yes,No,No,Month-to-month,Yes,Credit card,73.79,422.17,Yes
C04526,Male,43.0,0,No,No,48,Yes,No,Fiber optic,Yes,Yes,No,No,No,No,Month-to-month,Yes,Credit card,61.61,3284.22,No
C03165,Male,61.0,0,Yes,Yes,10,Yes,Yes,Fiber optic,Yes,No,No,Yes,No,No,Month-to-month,No,Mailed check,75.51,755.85,No
C02368,Female,28.0,0,No,No,31,Yes,Yes,Fiber optic,Yes,No,No,Yes,No,No,One year,Yes,Credit card,87.26,2621.55,No
C03277,Female,56.0,0,Yes,No,25,Yes,No,DSL,Yes,No,No,No,Yes,No,One year,Yes,Electronic check,44.04,1132.56,No
C05919,Male,45.0,0,No,No,3,Yes,Yes,DSL,No,Yes,No,No,No,No,Month-to-month,Yes,Bank transfer,52.34,256.18,No
C06757,Female,63.0,0,Yes,Yes,0,Yes,No,Fiber optic,Yes,No,No,Yes,No,Yes,One year,No,Electronic check,70.06,162.22,Yes
C05329,Male,40.0,0,Yes,Yes,18,Yes,No,DSL,No,Yes,No,No,Yes,No,Month-to-month,Yes,Credit card,53.71,1035.11,No
C02443,Female,40.0,0,No,No,36,Yes,No,Fiber optic,No,No,No,No,Yes,No,One year,Yes,Mailed check,59.23,2150.4,No
C03198,Male,23.0,0,Yes,No,26,Yes,No,Fiber optic,No,No,Yes,No,No,Yes,Month-to-month,No,Credit card,62.57,1515.43,No
C01108,Female,23.0,0,No,Yes,16,No,No phone service,Fiber optic,Yes,Yes,No,Yes,No,Yes,Month-to-month,Yes,Bank transfer,79.83,1496.89,No
C06406,Male,63.0,0,Yes,Yes,40,No,No phone service,Fiber optic,No,No,No,No,No,No,One year,Yes,Bank transfer,50.62,2076.8,No
C05709,Male,45.0,0,No,No,46,Yes,Yes,DSL,No,Yes,No,No,No,No,Two year,Yes,Electronic check,43.49,2277.07,No
C05982,Male,53.0,0,No,No,22,Yes,Yes,DSL,No,Yes,No,Yes,Yes,Yes,Two year,No,Credit card,66.08,1244.28,No
C03199,Female,41.0,0,Yes,Yes,40,Yes,No,Fiber optic,No,No,No,Yes,No,No,Two year,No,Mailed check,46.77,2054.12,No
C01308,Male,44.0,0,No,No,0,Yes,Yes,DSL,No,Yes,No,No,No,No,Month-to-month,No,Electronic check,41.27,53.11,No
C00766,Male,54.0,0,No,No,72,No,No phone service,Fiber optic,No,Yes,Yes,Yes,No,No,Two year,Yes,Bank transfer,60.91,5051.13,No
C00782,Female,46.0,0,Yes,No,24,Yes,No,Fiber optic,No,Yes,No,No,No,No,Month-to-month,No,Electronic check,63.32,1599.0,No
C06348,Male,37.0,0,Yes,No,22,Yes,No,Fiber optic,No,Yes,No,No,No,No,One year,Yes,Electronic check,61.76,1573.7,Yes
C01365,Male,18.0,0,No,No,72,Yes,No,Fiber optic,Yes,Yes,Yes,No,No,No,Two year,Yes,Electronic check,74.06,5735.39,No
C06527,Female,45.0,0,Yes,Yes,27,Yes,Yes,No,No internet service,No internet service,No internet service,No internet service,No internet service,No internet service,Month-to-month,Yes,Electronic check,35.63,972.39,Yes
C05576,Male,27.0,0,Yes,No,36,Yes,No,No,No internet service,No internet service,No internet service,No internet service,No internet service,No internet service,Month-to-month,No,Credit card,21.72,862.03,No
C03302,Female,45.0,0,No,No,2,Yes,No,No,No internet service,No internet service,No internet service,No internet service,No internet service,No internet service,Two year,No,Electronic check,22.48,111.83,No
C03952,Male,42.0,0,No,No,12,No,No phone service,DSL,No,No,No,Yes,Yes,No,Month-to-month,No,Electronic check,54.22,830.91,No
C06574,Female,44.0,0,No,No,15,Yes,No,DSL,Yes,No,No,Yes,No,Yes,Two year,No,Credit card,62.08,931.52,No
C06005,Male,76.0,1,Yes,No,21,No,No phone service,Fiber optic,No,Yes,No,No,No,No,Month-to-month,No,Electronic check,58.89,1360.36,Yes
C02425,Female,30.0,0,Yes,Yes,6,No,No phone service,DSL,Yes,No,No,Yes,No,No,One year,No,Credit card,54.665,363.73,No
C01104,Male,18.0,0,No,No,37,Yes,No,Fiber optic,No,No,No,Yes,Yes,Yes,Two year,Yes,Electronic check,75.51,2882.34,No
C03586,Male,43.0,0,No,Yes,18,Yes,No,No,No internet service,No internet service,No internet service,No internet service,No internet service,No internet service,Month-to-month,No,Bank transfer,25.49,379.09,No
C05061,Female,61.0,0,Yes,Yes,8,Yes,Yes,No,No internet service,No internet service,No internet service,No internet service,No internet service,No internet service,Month-to-month,Yes,Electronic check,49.22,520.89,No
C03024,Female,70.0,1,Yes,No,6,No,No phone service,DSL,No,Yes,Yes,Yes,No,No,Month-to-month,No,Credit card,46.5,383.29,No
C00938,Male,56.0,0,No,No,41,Yes,Yes,Fiber optic,Yes,Yes,No,No,Yes,No,Two year,No,Electronic check,80.12,3078.7,Yes
C02667,Female,74.0,1,No,No,28,Yes,Yes,Fiber optic,No,No,Yes,No,No,Yes,One year,Yes,Electronic check,83.55,2774.16,Yes
C03965,Female,33.0,0,Yes,Yes,49,Yes,No,Fiber optic,No,Yes,No,Yes,Yes,Yes,One year,No,Credit card,77.2,4174.6,No
C02159,Male,33.0,0,Yes,No,19,Yes,Yes,No,No internet service,No internet service,No internet service,No internet service,No internet service,No internet service,One year,Yes,Electronic check,35.04,849.1,No
C06845,Female,42.0,0,No,No,31,Yes,Yes,DSL,No,Yes,No,No,No,No,Month-to-month,Yes,Electronic check,52.23,1758.31,Yes
C07175,Male,45.0,0,Yes,Yes,45,Yes,No,DSL,No,No,Yes,No,Yes,No,One year,Yes,Bank transfer,52.34,2048.73,No
C03881,Male,21.0,0,No,No,24,Yes,Yes,Fiber optic,No,Yes,No,No,No,Yes,One year,Yes,Bank transfer,81.58,1901.96,No
C05859,Female,49.0,0,Yes,Yes,8,Yes,Yes,DSL,No,No,No,Yes,No,No,Month-to-month,No,Bank transfer,52.75,433.88,No
C02123,Male,29.0,0,Yes,Yes,19,Yes,No,DSL,Yes,No,Yes,No,Yes,Yes,Month-to-month,No,Bank transfer,64.75,1195.06,No
C04668,Female,67.0,1,Yes,Yes,23,Yes,Yes,Fiber optic,No,Yes,No,No,Yes,Yes,Month-to-month,No,Electronic check,72.56,1588.72,Yes
C04098,Female,26.0,0,No,No,19,Yes,Yes,DSL,No,No,No,Yes,Yes,No,Month-to-month,No,Bank transfer,63.59,1359.79,No
C00060,Female,62.0,0,Yes,No,36,Yes,No,No,No internet service,No internet service,No internet service,No internet service,No internet service,No internet service,One year,Yes,Bank transfer,41.18,1584.75,No
C06545,Female,49.0,0,Yes,No,2,Yes,No,No,No internet service,No internet service,No internet service,No internet service,No internet service,No internet service,One year,Yes,Electronic check,26.58,173.75,No
C01441,Female,43.0,0,Yes,No,11,Yes,Yes,Fiber optic,Yes,Yes,No,Yes,No,Yes,Month-to-month,Yes,Electronic check,93.24,1128.29,Yes
C00958,Female,65.0,0,Yes,Yes,0,Yes,No,Fiber optic,No,Yes,Yes,Yes,Yes,No,Month-to-month,No,Credit card,72.27,150.19,Yes
C04366,Female,35.0,0,No,Yes,56,Yes,No,Fiber optic,No,No,Yes,No,No,Yes,One year,No,Bank transfer,67.47,3632.44,Yes
C02602,Female,48.0,0,Yes,Yes,0,Yes,Yes,DSL,No,Yes,No,No,No,No,Month-to-month,Yes,Mailed check,57.86,26.88,Yes
C06923,Male,41.0,0,Yes,No,70,Yes,No,Fiber optic,No,No,No,No,Yes,No,Two year,No,Bank transfer,52.05,4000.84,No
C05533,Male,48.0,0,No,No,40,Yes,Yes,Fiber optic,No,No,No,No,Yes,No,One year,Yes,Bank transfer,67.01,2352.95,No
C05852,Male,45.0,0,No,No,26,Yes,Yes,DSL,No,Yes,No,Yes,No,Yes,One year,No,Mailed check,69.73,1890.69,No
C05065,Female,52.0,0,No,No,47,Yes,Yes,Fiber optic,Yes,Yes,No,No,No,Yes,One year,Yes,Credit card,77.32,3564.18,No
C05223,Male,60.0,0,Yes,No,21,Yes,No,DSL,No,No,No,No,No,No,One year,No,Electronic check,31.41,694.7,No
C06705,Female,38.0,0,No,No,32,Yes,No,DSL,No,Yes,Yes,No,No,No,One year,No,Electronic check,45.99,1476.9,No
C02729,Male,28.0,0,No,No,31,Yes,No,Fiber optic,No,Yes,No,Yes,No,No,Month-to-month,Yes,Bank transfer,69.91,2694.03,Yes
C06100,Female,53.0,0,Yes,No,39,Yes,No,Fiber optic,No,No,Yes,No,No,No,Month-to-month,Yes,Electronic check,54.03,2339.63,Yes
C00441,Female,56.0,0,Yes,Yes,32,Yes,No,DSL,No,Yes,No,Yes,No,No,One year,No,Electronic check,46.93,1722.11,No
C05620,Female,48.0,0,Yes,No,19,Yes,No,DSL,No,No,No,Yes,No,No,One year,Yes,Bank transfer,47.38,1014.69,Yes
C03023,Female,30.0,0,No,No,59,No,No phone service,Fiber optic,No,No,No,Yes,Yes,No,Two year,No,Credit card,65.18,3978.64,No
C01975,Female,70.0,1,Yes,Yes,28,Yes,Yes,Fiber optic,No,No,No,No,No,Yes,Month-to-month,Yes,Electronic check,68.84,2158.32,Yes
C05534,Female,56.0,0,No,Yes,22,Yes,Yes,DSL,Yes,No,No,No,No,No,Month-to-month,Yes,Bank transfer,48.79,1172.7,No
C03195,Female,40.0,0,Yes,Yes,16,Yes,No,DSL,No,No,Yes,No,Yes,No,Month-to-month,No,Electronic check,47.75,852.49,Yes
C01338,Male,25.0,0,No,No,55,Yes,No,DSL,No,No,No,No,Yes,No,One year,No,Credit card,39.06,2234.41,No
C03743,Male,27.0,0,No,No,28,Yes,No,Fiber optic,No,No,No,Yes,Yes,Yes,Month-to-month,Yes,Electronic check,78.38,1949.07,No
C03368,Male,50.0,0,No,No,22,Yes,No,Fiber optic,No,Yes,Yes,No,No,No,Month-to-month,No,Credit card,62.38,1366.44,No
C04585,Female,43.0,0,Yes,No,15,Yes,No,DSL,No,Yes,No,Yes,No,No,Month-to-month,No,Mailed check,40.79,723.02,No
C02237,Male,45.0,0,No,No,37,Yes,No,No,No internet service,No internet service,No internet service,No internet service,No internet service,No internet service,Two year,No,Electronic check,26.06,1154.74,No
C05723,Female,75.0,1,No,No,26,Yes,No,Fiber optic,No,No,Yes,No,No,No,Month-to-month,Yes,Credit card,61.8,1771.46,No
C06638,Female,71.0,1,No,Yes,25,Yes,No,Fiber optic,Yes,No,Yes,No,No,Yes,Month-to-month,Yes,Electronic check,70.24,1913.58,Yes
C04897,Male,40.0,0,Yes,Yes,44,Yes,Yes,DSL,Yes,Yes,No,No,Yes,Yes,One year,No,Mailed check,65.94,2925.51,No
C04749,Female,41.0,0,No,Yes,54,Yes,No,No,No internet service,No internet service,No internet service,No internet service,No internet service,No internet service,Month-to-month,Yes,Electronic check,26.8,1500.68,No
C02346,Female,18.0,0,No,No,40,Yes,Yes,DSL,No,No,No,Yes,No,No,Two year,No,Electronic check,42.7,1722.8,No
C07238,Male,32.0,0,No,No,50,Yes,Yes,Fiber optic,No,Yes,Yes,Yes,Yes,No,Month-to-month,No,Electronic check,76.16,4251.61,Yes
C03850,Male,37.0,0,Yes,No,13,Yes,Yes,DSL,No,No,Yes,No,Yes,Yes,Month-to-month,Yes,Electronic check,65.61,829.52,No
C05069,Female,57.0,0,No,No,49,Yes,Yes,No,No internet service,No internet service,No internet service,No internet service,No internet service,No internet service,One year,Yes,Electronic check,28.37,1638.75,No
C05721,Male,51.0,0,No,No,43,Yes,No,No,No internet service,No internet service,No internet service,No internet service,No internet service,No internet service,Month-to-month,Yes,Electronic check,25.51,1148.0,No
C00654,Female,34.0,0,No,Yes,67,Yes,Yes,Fiber optic,Yes,No,No,No,Yes,Yes,Two year,Yes,Bank transfer,76.35,4673.51,No
C01415,Female,76.0,1,Yes,No,18,Yes,Yes,Fiber optic,No,No,No,No,Yes,Yes,Month-to-month,Yes,Electronic check,63.02,1197.43,No
C07071,Male,40.0,0,Yes,No,16,Yes,No,DSL,No,Yes,No,No,Yes,Yes,Month-to-month,No,Mailed check,45.13,825.82,Yes
C01560,Female,23.0,0,No,No,19,Yes,No,DSL,No,No,No,Yes,No,Yes,Month-to-month,Yes,Credit card,56.21,1185.82,No
C00578,Female,55.0,0,Yes,Yes,41,Yes,Yes,No,No internet service,No internet service,No internet service,No internet service,No internet service,No internet service,Two year,Yes,Electronic check,30.13,1282.03,No
C01510,Female,55.0,0,Yes,Yes,14,No,No phone service,Fiber optic,No,Yes,Yes,Yes,Yes,No,One year,No,Bank transfer,72.76,973.01,No
C02089,Male,66.0,1,Yes,Yes,2,Yes,No,Fiber optic,No,No,No,Yes,Yes,No,Month-to-month,Yes,Electronic check,67.33,282.79,No
C02435,Female,55.0,0,No,No,60,Yes,Yes,No,No internet service,No internet service,No internet service,No internet service,No internet service,No internet service,Two year,No,Mailed check,37.93,2478.07,No
C03387,Female,45.0,0,Yes,No,30,Yes,No,No,No internet service,No internet service,No internet service,No internet service,No internet service,No internet service,One year,Yes,Electronic check,28.9,881.91,No
C05634,Female,49.0,0,No,No,26,Yes,No,No,No internet service,No internet service,No internet service,No internet service,No internet service,No internet service,Month-to-month,No,Bank transfer,19.34,515.36,No
C04939,Male,51.0,0,No,No,62,Yes,No,Fiber optic,No,No,No,No,Yes,No,Month-to-month,Yes,Bank transfer,68.43,4351.82,Yes
C06485,Female,46.0,0,Yes,No,32,No,No phone service,DSL,Yes,No,Yes,No,No,No,Month-to-month,No,Electronic check,39.63,1372.64,No
C06769,Male,62.0,0,Yes,Yes,59,Yes,No,Fiber optic,Yes,No,Yes,No,Yes,Yes,One year,Yes,Bank transfer,79.93,4621.61,Yes
C01432,Male,67.0,1,Yes,Yes,0,Yes,No,Fiber optic,No,Yes,No,Yes,No,No,Month-to-month,Yes,Electronic check,67.11,19.76,Yes
C03259,Male,52.0,0,Yes,No,56,Yes,No,Fiber optic,No,No,No,No,No,No,One year,Yes,Bank transfer,46.74,2555.69,No
C01159,Female,29.0,0,Yes,No,37,Yes,Yes,DSL,Yes,Yes,No,No,No,Yes,One year,No,Mailed check,53.08,2340.01,Yes
C00968,Female,50.0,0,No,No,28,Yes,No,Fiber optic,Yes,No,No,No,No,No,Month-to-month,No,Electronic check,51.27,1493.98,No
C05761,Male,25.0,0,No,No,39,Yes,No,Fiber optic,Yes,No,Yes,Yes,No,Yes,Two year,No,Mailed check,76.84,3251.13,No
C01379,Male,29.0,0,Yes,Yes,12,Yes,No,No,No internet service,No internet service,No internet service,No internet service,No internet service,No internet service,One year,No,Electronic check,18.71,223.33,No
C01633,Male,51.0,0,No,No,16,Yes,No,Fiber optic,No,Yes,No,No,No,No,Month-to-month,Yes,Mailed check,67.16,1000.14,Yes
C06252,Male,37.0,0,No,No,0,Yes,Yes,DSL,Yes,No,Yes,No,No,No,Month-to-month,Yes,Electronic check,50.07,85.07,Yes
C06181,Female,49.0,0,No,No,0,Yes,Yes,Fiber optic,No,Yes,No,No,Yes,No,Month-to-month,No,Mailed check,58.16,46.8,No
C01460,Male,51.0,0,No,No,37,Yes,Yes,Fiber optic,No,Yes,No,No,Yes,No,Month-to-month,Yes,Bank transfer,74.78,2569.69,Yes
C05290,Male,34.0,0,No,No,50,Yes,Yes,Fiber optic,Yes,No,Yes,No,No,Yes,Two year,No,Electronic check,72.68,3097.26,No
C00374,Male,67.0,1,Yes,No,27,Yes,No,DSL,Yes,Yes,No,Yes,No,No,Month-to-month,Yes,Credit card,58.11,1475.53,Yes
C01428,Female,53.0,0,Yes,Yes,59,Yes,No,Fiber optic,No,No,No,No,No,Yes,One year,Yes,Electronic check,60.93,3385.64,No
C03937,Male,33.0,0,No,No,19,Yes,No,Fiber optic,No,No,No,No,No,Yes,Two year,No,Mailed check,60.94,1246.56,Yes
C04301,Female,44.0,0,No,No,11,Yes,No,DSL,No,No,Yes,No,No,Yes,Month-to-month,No,Mailed check,54.34,610.1,No
C02882,Male,43.0,0,No,No,55,Yes,No,Fiber optic,No,No,No,No,Yes,Yes,One year,Yes,Mailed check,62.23,3786.87,No
C06038,Female,40.0,0,No,No,54,Yes,Yes,DSL,No,Yes,No,No,No,Yes,One year,Yes,Bank transfer,59.76,2999.46,No
C03739,Male,37.0,0,Yes,No,44,Yes,Yes,DSL,No,No,No,No,No,Yes,Month-to-month,Yes,Bank transfer,62.78,2789.92,No
C06001,Male,29.0,0,Yes,No,69,Yes,Yes,DSL,Yes,No,No,No,Yes,No,Two year,Yes,Credit card,58.61,4275.87,No
C05186,Male,20.0,0,No,No,28,Yes,No,Fiber optic,No,Yes,No,Yes,Yes,No,Month-to-month,No,Electronic check,69.74,1753.34,Yes
C04436,Female,46.0,0,No,No,23,Yes,Yes,No,No internet service,No internet service,No internet service,No internet service,No internet service,No internet service,Month-to-month,Yes,Electronic check,32.87,850.24,No
C03903,Male,33.0,0,No,No,47,Yes,Yes,No,No internet service,No internet service,No internet service,No internet service,No internet service,No internet service,One year,Yes,Electronic check,32.71,1572.79,No
C03079,Female,54.0,0,Yes,No,0,No,No phone service,Fiber optic,No,No,Yes,Yes,Yes,No,Month-to-month,No,Electronic check,73.74,27.47,No
C01023,Male,53.0,0,Yes,No,33,Yes,No,Fiber optic,No,Yes,No,No,Yes,No,Two year,No,Credit card,69.7,2612.94,No
C02960,Female,33.0,0,No,No,22,Yes,No,Fiber optic,No,Yes,Yes,Yes,No,No,One year,Yes,Credit card,66.66,1621.37,Yes
C04779,Female,28.0,0,No,No,0,Yes,Yes,Fiber optic,Yes,Yes,Yes,No,No,Yes,One year,No,Credit card,77.17,119.91,Yes
C04232,Male,56.0,0,No,No,6,Yes,No,DSL,Yes,No,No,No,No,Yes,Month-to-month,Yes,Bank transfer,53.32,435.13,No
C06421,Female,18.0,0,No,No,7,Yes,Yes,DSL,No,No,Yes,No,No,No,Month-to-month,No,Electronic check,56.55,523.71,Yes
C05200,Male,35.0,0,Yes,No,0,Yes,No,Fiber optic,Yes,Yes,No,No,No,No,Month-to-month,Yes,Bank transfer,60.74,29.83,No
C02825,Male,66.0,1,Yes,No,17,Yes,No,Fiber optic,Yes,No,Yes,No,No,Yes,Month-to-month,No,Mailed check,64.88,990.74,No
C03866,Male,19.0,0,No,No,0,Yes,Yes,Fiber optic,No,Yes,No,No,No,No,Month-to-month,Yes,Bank transfer,60.77,64.78,Yes
C03745,Female,52.0,0,Yes,No,10,Yes,Yes,Fiber optic,Yes,No,No,No,No,No,Month-to-month,Yes,Credit card,60.46,588.57,No
C00251,Female,57.0,0,Yes,No,69,Yes,No,Fiber optic,No,Yes,No,Yes,No,Yes,Two year,No,Bank transfer,76.49,5849.55,No
C06501,Male,46.0,0,Yes,Yes,25,Yes,Yes,Fiber optic,No,No,Yes,No,Yes,Yes,Month-to-month,Yes,Credit card,83.09,2145.7,No
C02106,Male,18.0,0,No,No,37,Yes,No,DSL,No,No,No,No,No,No,Month-to-month,Yes,Bank transfer,39.32,1399.36,No
C05846,Male,61.0,0,No,No,7,Yes,No,Fiber optic,Yes,Yes,Yes,No,Yes,Yes,Month-to-month,Yes,Electronic check,90.21,758.25,Yes
C01399,Male,42.0,0,No,No,28,No,No phone service,No,No internet service,No internet service,No internet service,No internet service,No internet service,No internet service,Month-to-month,No,Credit card,25.32,775.66,No
C01568,Male,42.0,0,Yes,Yes,17,Yes,Yes,DSL,No,Yes,No,No,No,Yes,Month-to-month,No,Electronic check,50.0,959.45,No
C03039,Male,78.0,1,Yes,No,33,Yes,Yes,Fiber optic,Yes,No,No,No,No,No,One year,No,Bank transfer,60.81,2006.69,No
C01310,Female,56.0,0,Yes,No,10,Yes,No,Fiber optic,No,No,No,Yes,No,Yes,Month-to-month,No,Credit card,67.98,674.43,No
C01248,Female,45.0,0,Yes,No,0,Yes,Yes,No,No internet service,No internet service,No internet service,No internet service,No internet service,No internet service,Month-to-month,No,Bank transfer,30.66,66.39,No
C02725,Female,18.0,0,No,No,37,No,No phone service,Fiber optic,No,No,Yes,No,Yes,Yes,Month-to-month,Yes,Electronic check,75.68,2630.31,Yes
C07234,Female,45.0,0,No,No,24,Yes,No,DSL,No,Yes,No,No,No,Yes,Month-to-month,Yes,Bank transfer,46.57,1043.78,No
C01291,Female,50.0,0,No,No,33,Yes,Yes,Fiber optic,Yes,Yes,Yes,No,Yes,No,One year,Yes,Credit card,85.9,2736.39,No
C06268,Female,50.0,0,No,No,38,Yes,Yes,Fiber optic,Yes,Yes,No,No,No,No,Month-to-month,Yes,Bank transfer,67.97,3186.84,No
C07082,Female,49.0,0,No,Yes,49,Yes,No,DSL,Yes,No,Yes,No,No,Yes,Two year,Yes,Bank transfer,65.03,3425.01,No
C00498,Male,45.0,0,No,No,20,Yes,No,Fiber optic,Yes,No,No,No,No,No,One year,Yes,Electronic check,55.0,1227.89,No
C04580,Female,34.0,0,No,Yes,32,Yes,Yes,Fiber optic,No,No,No,No,No,Yes,Month-to-month,No,Mailed check,67.17,2161.05,No
C00182,Female,44.0,0,No,No,38,Yes,No,Fiber optic,No,No,Yes,Yes,Yes,Yes,Two year,No,Electronic check,84.55,3159.82,No
C04543,Female,36.0,0,No,Yes,10,Yes,No,DSL,Yes,No,Yes,No,No,No,Month-to-month,Yes,Electronic check,37.9,339.2,Yes
C02253,Male,38.0,0,No,No,44,Yes,Yes,Fiber optic,No,No,No,Yes,Yes,No,One year,Yes,Electronic check,82.78,4191.9,No
C00141,Female,44.0,0,No,No,44,Yes,Yes,Fiber optic,Yes,No,No,No,No,No,Month-to-month,Yes,Electronic check,64.99,2876.28,No
C03691,Female,36.0,0,Yes,No,26,Yes,No,Fiber optic,No,Yes,No,Yes,Yes,No,Month-to-month,No,Bank transfer,73.13,1978.02,Yes
C02504,Male,33.0,0,No,No,13,Yes,Yes,Fiber optic,Yes,No,No,No,Yes,Yes,Month-to-month,Yes,Electronic check,84.88,1235.38,Yes
C01904,Female,53.0,0,No,No,39,Yes,Yes,Fiber optic,No,Yes,No,No,No,No,One year,Yes,Mailed check,63.34,2252.83,Yes
C03825,Male,59.0,0,Yes,Yes,30,Yes,No,Fiber optic,Yes,Yes,No,Yes,No,No,Two year,Yes,Credit card,77.42,2161.76,No
C04199,Female,55.0,0,No,No,43,Yes,Yes,DSL,No,No,Yes,No,Yes,No,One year,Yes,Electronic check,57.03,2666.72,No
C02169,Male,43.0,0,Yes,No,12,Yes,Yes,DSL,No,No,Yes,No,No,Yes,Month-to-month,No,Bank transfer,51.85,699.09,No
C02031,Male,42.0,0,Yes,No,3,Yes,Yes,Fiber optic,No,No,Yes,No,Yes,Yes,Month-to-month,Yes,Bank transfer,81.73,230.62,No
C04876,Female,22.0,0,No,No,26,Yes,Yes,DSL,Yes,Yes,No,No,Yes,No,Month-to-month,No,Electronic check,58.22,1646.72,Yes
C05314,Female,23.0,0,No,No,4,Yes,No,DSL,Yes,Yes,No,No,Yes,No,Month-to-month,No,Credit card,51.54,182.05,No
C06321,Female,52.0,0,Yes,No,24,Yes,No,Fiber optic,Yes,No,No,No,No,No,Two year,No,Electronic check,47.97,1112.12,No
C03317,Male,43.0,0,Yes,No,0,Yes,Yes,No,No internet service,No internet service,No internet service,No internet service,No internet service,No internet service,Month-to-month,Yes,Bank transfer,41.08,73.95,No
C00151,Male,22.0,0,Yes,No,71,Yes,Yes,No,No internet service,No internet service,No internet service,No internet service,No internet service,No internet service,Two year,Yes,Bank transfer,37.94,2987.85,No
C06263,Male,48.0,0,No,Yes,47,Yes,No,Fiber optic,No,No,Yes,Yes,No,No,Two year,Yes,Electronic check,65.01,2912.63,No
C02337,Male,78.0,1,Yes,No,14,Yes,No,Fiber optic,No,No,Yes,No,No,Yes,Month-to-month,No,Bank transfer,59.32,866.65,No
C04664,Female,21.0,0,No,No,13,Yes,No,Fiber optic,Yes,Yes,No,Yes,No,No,Two year,Yes,Credit card,72.11,978.67,Yes
C03028,Male,25.0,0,Yes,No,51,Yes,Yes,Fiber optic,No,Yes,Yes,No,No,Yes,One year,Yes,Bank transfer,71.04,4186.72,No
C04602,Male,62.0,0,Yes,No,24,Yes,No,Fiber optic,No,No,Yes,No,Yes,No,Month-to-month,Yes,Mailed check,67.47,1582.7,Yes
C04009,Female,64.0,0,Yes,Yes,48,Yes,No,DSL,No,No,No,No,Yes,No,Month-to-month,Yes,Mailed check,49.46,2414.38,No
C01353,Male,57.0,0,No,No,57,Yes,No,Fiber optic,No,Yes,No,No,No,Yes,Two year,No,Electronic check,63.87,4008.22,Yes
C04722,Male,39.0,0,Yes,No,72,Yes,No,Fiber optic,No,No,Yes,No,No,Yes,Two year,Yes,Electronic check,59.18,4139.76,No
C05700,Female,29.0,0,No,No,24,Yes,No,Fiber optic,Yes,No,Yes,Yes,Yes,Yes,Month-to-month,No,Credit card,91.01,1557.645,No
C02979,Male,48.0,0,No,No,45,Yes,No,Fiber optic,No,No,No,Yes,No,Yes,Two year,No,Bank transfer,64.87,3148.42,No
C04475,Female,18.0,0,No,No,60,No,No phone service,No,No internet service,No internet service,No internet service,No internet service,No internet service,No internet service,One year,No,Credit card,19.08,1405.58,No
C05429,Male,53.0,0,No,Yes,54,Yes,No,DSL,No,No,No,No,No,Yes,One year,No,Mailed check,44.86,2171.83,No
C03543,Female,40.0,0,No,No,9,Yes,Yes,DSL,Yes,No,No,No,Yes,No,Month-to-month,Yes,Electronic check,48.31,511.72,No
C06957,Female,49.0,0,Yes,No,40,Yes,Yes,Fiber optic,Yes,Yes,Yes,No,No,No,Month-to-month,Yes,Bank transfer,81.91,3671.87,No
C02138,Female,40.0,0,No,No,38,Yes,No,No,No internet service,No internet service,No internet service,No internet service,No internet service,No internet service,One year,Yes,Bank transfer,30.82,1250.31,No
C03330,Female,34.0,0,No,No,17,Yes,No,DSL,No,Yes,Yes,No,Yes,No,Month-to-month,Yes,Credit card,58.56,978.7,No
C01751,Male,18.0,0,Yes,No,54,No,No phone service,No,No internet service,No internet service,No internet service,No internet service,No internet service,No internet service,One year,Yes,Electronic check,24.78,1487.6,No
C06946,Male,80.0,1,Yes,No,16,Yes,No,No,No internet service,No internet service,No internet service,No internet service,No internet service,No internet service,Month-to-month,Yes,Electronic check,19.94,459.24,No
C00332,Female,62.0,0,Yes,Yes,0,Yes,Yes,No,No internet service,No internet service,No internet service,No internet service,No internet service,No internet service,Month-to-month,Yes,Bank transfer,37.75,119.82,No
C03790,Male,40.0,0,No,Yes,53,No,No phone service,Fiber optic,Yes,Yes,Yes,Yes,Yes,Yes,Two year,Yes,Bank transfer,81.62,4722.39,Yes
C04350,Female,18.0,0,No,No,0,Yes,Yes,DSL,No,No,Yes,No,Yes,Yes,One year,No,Credit card,69.02,94.97,No
C03072,Male,39.0,0,Yes,No,0,Yes,No,Fiber optic,Yes,No,No,Yes,Yes,No,Month-to-month,No,Credit card,72.27,113.33,No
C06165,Male,41.0,0,No,No,71,Yes,No,DSL,No,No,Yes,Yes,Yes,No,Two year,Yes,Bank transfer,56.96,4224.19,No
C02457,Female,43.0,0,No,No,18,Yes,No,DSL,Yes,No,No,No,No,No,Month-to-month,No,Mailed check,38.83,646.71,No
C00785,Female,18.0,0,No,No,11,Yes,Yes,Fiber optic,No,No,No,No,No,Yes,Month-to-month,No,Mailed check,61.58,680.6,No
C04104,Female,41.0,0,Yes,No,72,Yes,No,No,No internet service,No internet service,No internet service,No internet service,No internet service,No internet service,Two year,No,Electronic check,18.0,1319.11,No
C03414,Female,57.0,0,No,No,23,Yes,No,Fiber optic,Yes,No,No,No,Yes,No,Month-to-month,No,Electronic check,68.59,1541.05,Yes
C05640,Male,31.0,0,No,No,45,Yes,Yes,DSL,No,Yes,No,No,Yes,Yes,One year,Yes,Electronic check,66.03,2873.03,No
C00345,Female,29.0,0,No,No,17,Yes,Yes,No,No internet service,No internet service,No internet service,No internet service,No internet service,No internet service,Month-to-month,Yes,Mailed check,39.62,641.14,No
C06295,Female,61.0,0,Yes,No,44,Yes,Yes,No,No internet service,No internet service,No internet service,No internet service,No internet service,No internet service,Two year,Yes,Credit card,36.47,1485.18,No
C05117,Male,27.0,0,No,No,54,Yes,No,Fiber optic,No,No,Yes,No,Yes,No,Two year,No,Bank transfer,65.51,3693.41,No
C03175,Female,46.0,0,Yes,No,18,Yes,Yes,DSL,No,No,No,No,No,Yes,Month-to-month,No,Mailed check,39.81,757.92,No
C01794,Male,38.0,0,Yes,No,45,Yes,No,DSL,No,Yes,No,Yes,No,No,Month-to-month,No,Electronic check,38.75,1769.45,No
C03448,Male,57.0,0,Yes,No,0,Yes,No,Fiber optic,No,No,No,No,No,No,Month-to-month,Yes,Mailed check,43.24,94.74,Yes
C03289,Female,72.0,1,Yes,Yes,18,Yes,No,Fiber optic,No,Yes,No,Yes,No,Yes,Two year,No,Mailed check,60.61,1289.08,No
C05751,Male,44.0,0,No,No,12,Yes,Yes,DSL,No,Yes,No,Yes,Yes,No,Month-to-month,No,Mailed check,58.99,932.66,No
C04057,Female,32.0,0,No,No,27,Yes,No,No,No internet service,No internet service,No internet service,No internet service,No internet service,No internet service,Month-to-month,Yes,Electronic check,26.06,769.43,No
C06729,Male,18.0,0,Yes,Yes,8,Yes,No,DSL,Yes,No,Yes,No,Yes,No,Month-to-month,Yes,Bank transfer,61.41,459.24,No
C00007,Female,51.0,0,Yes,No,26,Yes,No,DSL,Yes,Yes,No,No,Yes,No,Two year,Yes,Bank transfer,60.98,1537.15,No
C01352,Male,28.0,0,Yes,No,2,Yes,No,No,No internet service,No internet service,No internet service,No internet service,No internet service,No internet service,Month-to-month,No,Credit card,30.48,140.33,No
C05154,Female,44.0,0,No,No,31,Yes,No,Fiber optic,No,No,Yes,No,No,No,Month-to-month,Yes,Electronic check,65.45,1986.71,No
C01854,Male,42.0,0,Yes,No,19,Yes,Yes,DSL,No,No,Yes,No,Yes,Yes,One year,Yes,Electronic check,60.46,1247.07,No
C02324,Female,69.0,1,Yes,Yes,26,Yes,Yes,Fiber optic,No,No,Yes,Yes,Yes,Yes,Month-to-month,Yes,Credit card,93.27,2812.48,No
C06328,Male,28.0,0,No,Yes,3,Yes,Yes,Fiber optic,No,No,No,No,Yes,No,Month-to-month,Yes,Electronic check,67.84,305.69,No
C00161,Male,26.0,0,No,No,10,Yes,No,Fiber optic,Yes,No,No,Yes,No,No,Month-to-month,Yes,Mailed check,58.47,652.07,Yes
C05618,Female,21.0,0,Yes,No,0,Yes,Yes,Fiber optic,Yes,No,Yes,No,No,No,Month-to-month,Yes,Mailed check,68.52,178.76,Yes
C00772,Male,41.0,0,No,No,16,Yes,No,Fiber optic,No,No,Yes,No,No,Yes,Month-to-month,No,Electronic check,62.61,1126.84,No
C00801,Female,31.0,0,Yes,No,23,Yes,No,Fiber optic,No,Yes,No,No,Yes,No,Month-to-month,No,Electronic check,63.42,1620.7,No
C02986,Female,48.0,0,Yes,No,30,Yes,No,Fiber optic,No,No,Yes,Yes,No,No,Month-to-month,Yes,Mailed check,71.38,2287.4,No
C00904,Female,45.0,0,No,No,13,Yes,Yes,DSL,Yes,Yes,No,No,No,No,Month-to-month,Yes,Credit card,60.21,823.23,No
C03336,Male,63.0,0,Yes,No,40,No,No phone service,DSL,No,No,No,No,No,No,Two year,Yes,Electronic check,35.89,1589.93,No
C02073,Female,44.0,0,Yes,No,0,Yes,No,Fiber optic,No,No,Yes,No,No,No,Month-to-month,Yes,Bank transfer,56.42,21.85,Yes
C02469,Female,50.0,0,No,Yes,59,Yes,No,No,No internet service,No internet service,No internet service,No internet service,No internet service,No internet service,Two year,Yes,Mailed check,25.65,1327.2,No
C04283,Male,18.0,0,No,No,15,Yes,No,No,No internet service,No internet service,No internet service,No internet service,No internet service,No internet service,Month-to-month,Yes,Credit card,31.22,542.39,No
C05928,Female,60.0,0,No,No,56,Yes,No,DSL,No,Yes,No,Yes,No,No,Month-to-month,No,Credit card,44.95,2320.23,No
C01490,Male,18.0,0,No,No,25,Yes,Yes,Fiber optic,No,No,Yes,Yes,Yes,Yes,One year,Yes,Electronic check,98.43,2191.77,No
C05595,Female,44.0,0,Yes,Yes,25,Yes,No,No,No internet service,No internet service,No internet service,No internet service,No internet service,No internet service,Month-to-month,No,Electronic check,24.22,678.93,No
C06521,Female,44.0,0,Yes,No,25,No,No phone service,Fiber optic,Yes,Yes,No,No,No,No,One year,Yes,Electronic check,72.03,1939.34,No
C02597,Female,68.0,1,No,Yes,54,Yes,No,Fiber optic,Yes,Yes,No,Yes,Yes,Yes,Two year,No,Electronic check,87.31,4940.74,No
C01766,Male,34.0,0,No,No,0,Yes,No,No,No internet service,No internet service,No internet service,No internet service,No internet service,No internet service,Month-to-month,No,Bank transfer,26.27,51.47,No
C03236,Female,50.0,0,No,Yes,28,Yes,No,Fiber optic,No,Yes,No,No,No,No,One year,Yes,Credit card,63.32,1921.75,No
C03395,Female,28.0,0,Yes,No,0,Yes,No,DSL,Yes,Yes,No,No,No,No,Month-to-month,No,Credit card,40.18,88.76,Yes
C03818,Female,47.0,0,Yes,No,21,Yes,No,DSL,No,No,Yes,Yes,No,Yes,Month-to-month,No,Mailed check,45.72,1121.58,No
C00605,Female,30.0,0,No,No,46,Yes,Yes,Fiber optic,Yes,No,No,No,Yes,Yes,Month-to-month,Yes,Electronic check,77.9,4514.72,Yes
C04625,Female,29.0,0,No,Yes,42,Yes,No,DSL,No,No,No,No,Yes,No,Two year,Yes,Bank transfer,47.76,2322.75,No
C03517,Female,39.0,0,Yes,No,32,Yes,No,Fiber optic,No,No,No,No,No,No,Two year,Yes,Bank transfer,52.76,1746.3,No
C04736,Male,44.0,0,No,No,5,Yes,No,No,No internet service,No internet service,No internet service,No internet service,No internet service,No internet service,Month-to-month,No,Mailed check,26.68,234.41,No
C04683,Female,25.0,0,Yes,No,8,Yes,No,DSL,No,Yes,Yes,Yes,No,Yes,Two year,No,Bank transfer,60.61,551.99,No
C02817,Male,18.0,0,No,No,0,Yes,No,No,No internet service,No internet service,No internet service,No internet service,No internet service,No internet service,Month-to-month,Yes,Electronic check,34.52,52.16,No
C05147,Female,46.0,0,Yes,Yes,61,Yes,Yes,Fiber optic,No,No,Yes,No,No,No,Month-to-month,No,Credit card,69.32499999999999,4444.18,No
C06194,Female,49.0,0,Yes,No,24,No,No phone service,DSL,No,No,No,No,No,Yes,One year,No,Electronic check,45.06,1204.4,No
C01992,Male,35.0,0,No,No,31,Yes,No,No,No internet service,No internet service,No internet service,No internet service,No internet service,No internet service,Month-to-month,Yes,Bank transfer,28.98,943.16,No
C04332,Male,61.0,0,No,Yes,0,Yes,Yes,DSL,No,Yes,No,No,Yes,No,Month-to-month,Yes,Bank transfer,60.43,19.0,No
C01517,Male,45.0,0,Yes,Yes,0,Yes,No,DSL,No,No,No,Yes,Yes,No,Month-to-month,Yes,Credit card,46.78,42.16,No
C03840,Female,55.0,0,No,No,12,Yes,No,No,No internet service,No internet service,No internet service,No internet service,No internet service,No internet service,Month-to-month,No,Mailed check,25.91,418.63,No
C00194,Female,37.0,0,No,Yes,38,Yes,Yes,No,No internet service,No internet service,No internet service,No internet service,No internet service,No internet service,One year,Yes,Credit card,38.23,1473.21,No
C03699,Male,47.0,0,No,No,19,No,No phone service,Fiber optic,No,No,No,Yes,Yes,No,Two year,No,Electronic check,56.31,1214.5,Yes
C01713,Male,31.0,0,No,No,66,Yes,No,No,No internet service,No internet service,No internet service,No internet service,No internet service,No internet service,Two year,Yes,Electronic check,29.35,1702.79,No
C05882,Male,41.0,0,Yes,Yes,0,Yes,No,Fiber optic,No,Yes,No,No,No,No,Month-to-month,Yes,Electronic check,64.82,174.28,No
C06040,Male,54.0,0,No,Yes,72,Yes,No,Fiber optic,Yes,No,No,No,No,No,Two year,No,Credit card,59.31,4514.65,No
C02684,Female,18.0,0,No,No,36,No,No phone service,Fiber optic,Yes,No,No,No,Yes,Yes,One year,Yes,Credit card,73.82,2648.65,No
C00849,Male,49.0,0,No,No,0,Yes,Yes,DSL,No,Yes,No,No,No,No,Month-to-month,No,Electronic check,46.16,14.99,No
C03071,Male,49.0,0,Yes,No,19,Yes,No,Fiber optic,No,No,No,No,No,Yes,One year,Yes,Electronic check,55.15,1048.79,No
C04898,Male,34.0,0,No,No,16,Yes,Yes,No,No internet service,No internet service,No internet service,No internet service,No internet service,No internet service,Two year,Yes,Credit card,47.05,877.6,No
C07030,Female,41.0,0,No,No,44,Yes,No,Fiber optic,Yes,No,No,Yes,Yes,No,Two year,Yes,Bank transfer,69.86,2851.0,No
C00032,Male,40.0,0,Yes,Yes,18,Yes,Yes,Fiber optic,No,Yes,No,No,Yes,No,Month-to-month,Yes,Credit card,74.46,1130.33,No
C03489,Female,44.0,0,No,No,34,Yes,No,DSL,No,No,No,No,No,Yes,Month-to-month,Yes,Credit card,45.95,1486.71,No
C03033,Male,42.0,0,No,No,39,Yes,No,Fiber optic,Yes,Yes,No,No,No,No,Month-to-month,Yes,Electronic check,67.04,2555.4,Yes
C04480,Female,68.0,1,Yes,Yes,23,Yes,No,Fiber optic,No,No,No,No,No,No,One year,Yes,Bank transfer,55.34,1358.13,No
C04055,Female,49.0,0,No,No,71,No,No phone service,Fiber optic,Yes,Yes,Yes,No,No,No,Two year,No,Electronic check,70.58,4699.48,No
C00492,Female,38.0,0,Yes,No,17,Yes,No,DSL,Yes,No,No,Yes,No,No,One year,Yes,Electronic check,44.7,919.54,No
C03298,Male,65.0,0,Yes,No,12,Yes,Yes,DSL,No,No,Yes,No,No,Yes,Month-to-month,Yes,Bank transfer,61.15,779.92,No
C06762,Male,32.0,0,No,No,12,No,No phone service,No,No internet service,No internet service,No internet service,No internet service,No internet service,No internet service,Month-to-month,Yes,Mailed check,26.08,476.44,No
C02190,Male,36.0,0,No,No,18,Yes,No,Fiber optic,No,No,Yes,No,No,No,Month-to-month,Yes,Electronic check,58.48,1058.84,No
C00810,Female,66.0,1,No,Yes,30,No,No phone service,Fiber optic,No,Yes,No,No,Yes,No,One year,No,Electronic check,62.02,2102.69,No
C03718,Male,33.0,0,Yes,No,46,Yes,Yes,DSL,No,No,No,Yes,No,No,Two year,No,Electronic check,49.73,2181.58,No
C05831,Female,40.0,0,No,No,0,Yes,Yes,DSL,Yes,No,No,No,Yes,Yes,Month-to-month,Yes,Electronic check,55.31,178.88,Yes
C04429,Female,42.0,0,No,No,0,Yes,Yes,Fiber optic,Yes,No,Yes,Yes,No,No,Month-to-month,Yes,Bank transfer,82.5,136.95,Yes
C02964,Female,40.0,0,No,Yes,57,Yes,Yes,No,No internet service,No internet service,No internet service,No internet service,No internet service,No internet service,One year,No,Electronic check,27.42,1749.32,No
C03196,Male,47.0,0,Yes,No,21,Yes,Yes,Fiber optic,No,No,No,No,Yes,Yes,One year,Yes,Bank transfer,79.59,1785.29,No
C07218,Female,31.0,0,Yes,Yes,18,Yes,Yes,Fiber optic,No,No,No,Yes,No,Yes,One year,No,Mailed check,69.68,1280.98,No
C02668,Female,40.0,0,No,No,17,Yes,No,DSL,No,No,No,No,No,Yes,Month-to-month,Yes,Electronic check,46.98,773.31,No
C02731,Male,60.0,0,Yes,No,13,Yes,No,No,No internet service,No internet service,No internet service,No internet service,No internet service,No internet service,One year,Yes,Mailed check,33.84,530.52,No
C06286,Male,42.0,0,Yes,Yes,0,Yes,No,Fiber optic,No,Yes,Yes,No,Yes,No,Month-to-month,No,Mailed check,67.4,23.01,Yes
C06036,Female,32.0,0,No,No,15,Yes,No,Fiber optic,No,No,Yes,Yes,Yes,No,Month-to-month,Yes,Credit card,77.65,1197.63,Yes
C04249,Male,45.0,0,No,No,12,Yes,No,No,No internet service,No internet service,No internet service,No internet service,No internet service,No internet service,Month-to-month,Yes,Electronic check,38.32,510.34,No
C00628,Female,38.0,0,Yes,No,15,Yes,No,Fiber optic,No,No,Yes,Yes,Yes,No,Month-to-month,No,Electronic check,70.05,1107.43,Yes
C01317,Female,51.0,0,No,No,26,Yes,Yes,Fiber optic,No,Yes,Yes,No,Yes,Yes,One year,No,Electronic check,81.75,2153.76,No
C01167,Female,55.0,0,No,No,25,No,No phone service,DSL,Yes,Yes,Yes,No,No,Yes,One year,Yes,Electronic check,60.15,1600.37,No
C04737,Male,50.0,0,Yes,Yes,19,Yes,No,Fiber optic,Yes,Yes,Yes,No,No,Yes,Two year,Yes,Electronic check,78.29,1654.77,Yes
C06546,Male,42.0,0,Yes,No,4,Yes,No,Fiber optic,No,No,Yes,No,No,Yes,Month-to-month,Yes,Bank transfer,73.56,426.04,Yes
C02039,Female,74.0,1,Yes,No,47,Yes,No,No,No internet service,No internet service,No internet service,No internet service,No internet service,No internet service,One year,No,Bank transfer,22.49,1117.21,No
C05191,Male,38.0,0,No,No,1,Yes,No,DSL,Yes,No,No,Yes,Yes,Yes,Month-to-month,Yes,Electronic check,58.61,159.14,No
C05589,Female,53.0,0,Yes,No,29,Yes,No,DSL,No,Yes,No,No,No,No,Two year,Yes,Credit card,42.21,1224.9,No
C04087,Male,18.0,0,Yes,No,66,Yes,Yes,Fiber optic,No,Yes,No,No,No,Yes,Two year,Yes,Electronic check,70.57,4447.72,No
C03659,Female,39.0,0,Yes,No,50,Yes,Yes,No,No internet service,No internet service,No internet service,No internet service,No internet service,No internet service,One year,Yes,Credit card,21.83,1128.62,No
C05283,Female,61.0,0,No,No,8,Yes,No,No,No internet service,No internet service,No internet service,No internet service,No internet service,No internet service,Month-to-month,Yes,Credit card,19.34,248.95,No
C03910,Male,42.0,0,No,No,0,Yes,No,No,No internet service,No internet service,No internet service,No internet service,No internet service,No internet service,Month-to-month,Yes,Bank transfer,32.31,111.89,Yes
C02084,Male,28.0,0,No,No,48,Yes,No,Fiber optic,No,No,No,No,No,No,Month-to-month,No,Mailed check,49.85,2457.33,No
C03925,Male,31.0,0,No,No,39,Yes,No,Fiber optic,No,No,No,No,No,No,Two year,Yes,Electronic check,55.28,2476.8,No
C06208,Female,64.0,0,No,Yes,8,Yes,Yes,Fiber optic,No,No,No,No,No,Yes,Month-to-month,Yes,Credit card,74.66,793.47,No
C01576,Female,60.0,0,Yes,No,29,Yes,No,Fiber optic,Yes,Yes,Yes,Yes,Yes,No,Month-to-month,No,Bank transfer,80.55,2450.91,No
C05671,Female,49.0,0,No,No,27,Yes,No,Fiber optic,No,Yes,No,Yes,Yes,Yes,One year,No,Mailed check,75.77,2168.86,No
C04863,Female,46.0,0,No,No,14,Yes,No,Fiber optic,No,No,No,No,Yes,No,Month-to-month,No,Bank transfer,53.7,701.61,Yes
C02941,Male,58.0,0,Yes,Yes,60,Yes,Yes,Fiber optic,Yes,Yes,No,No,Yes,No,Month-to-month,No,Electronic check,70.46,4385.9,No
C02771,Male,59.0,0,Yes,Yes,34,Yes,No,Fiber optic,No,No,Yes,No,No,No,Two year,Yes,Mailed check,66.56,2374.27,Yes
C03953,Male,37.0,0,Yes,No,13,Yes,No,Fiber optic,No,Yes,Yes,No,No,No,Month-to-month,Yes,Electronic check,61.12,980.22,Yes
C00984,Male,53.0,0,No,No,62,Yes,No,DSL,No,Yes,Yes,Yes,No,Yes,One year,Yes,Mailed check,65.4,3574.56,No
C02664,Female,61.0,0,Yes,No,24,Yes,Yes,Fiber optic,No,Yes,Yes,No,Yes,No,Month-to-month,No,Mailed check,78.68,1920.3,No
C05522,Female,24.0,0,Yes,Yes,66,Yes,No,DSL,Yes,No,No,Yes,Yes,Yes,Two year,Yes,Credit card,70.59,4282.88,No
C05572,Male,43.0,0,Yes,Yes,22,Yes,No,Fiber optic,No,No,No,No,No,No,Month-to-month,Yes,Electronic check,64.2,1397.97,Yes
C05532,Female,22.0,0,Yes,No,31,Yes,No,DSL,No,Yes,No,Yes,No,No,One year,No,Credit card,45.87,1376.61,No
C00470,Male,54.0,0,Yes,Yes,42,Yes,Yes,Fiber optic,Yes,Yes,Yes,No,No,Yes,Month-to-month,Yes,Electronic check,91.85,3345.43,No
C00455,Female,18.0,0,No,No,0,Yes,No,Fiber optic,No,Yes,No,No,Yes,No,Month-to-month,Yes,Mailed check,60.09,12.42,Yes
C00294,Male,55.0,0,No,No,49,Yes,No,Fiber optic,No,Yes,No,Yes,No,No,One year,Yes,Credit card,62.94,2855.44,No
C00288,Male,52.0,0,No,Yes,38,Yes,Yes,DSL,No,No,No,No,No,No,Two year,Yes,Bank transfer,45.34,1612.1,No
C04638,Female,34.0,0,Yes,Yes,36,Yes,No,DSL,No,No,No,Yes,No,Yes,Month-to-month,Yes,Electronic check,49.37,2052.88,Yes
C04030,Male,36.0,0,Yes,No,29,Yes,Yes,DSL,Yes,No,No,No,No,No,Month-to-month,Yes,Electronic check,45.81,1250.63,No
C04369,Male,22.0,0,No,No,37,No,No phone service,Fiber optic,No,No,No,No,Yes,No,Month-to-month,No,Electronic check,49.18,2218.65,No
C01203,Female,48.0,0,No,No,49,No,No phone service,DSL,No,Yes,No,Yes,No,No,Two year,No,Electronic check,45.36,2368.93,No
C02661,Female,36.0,0,Yes,No,28,Yes,Yes,Fiber optic,No,No,No,Yes,Yes,Yes,Month-to-month,No,Credit card,74.66,2178.55,Yes
C00655,Female,49.0,0,Yes,No,22,Yes,Yes,No,No internet service,No internet service,No internet service,No internet service,No internet service,No internet service,Month-to-month,Yes,Electronic check,26.76,700.5,No
C03034,Male,38.0,0,No,No,33,Yes,Yes,Fiber optic,Yes,Yes,No,Yes,Yes,Yes,One year,Yes,Mailed check,94.28,3396.44,No
C05842,Male,27.0,0,Yes,No,38,Yes,Yes,Fiber optic,No,No,No,Yes,No,No,One year,No,Mailed check,62.39,2463.71,No
C00815,Male,28.0,0,Yes,No,52,Yes,No,No,No internet service,No internet service,No internet service,No internet service,No internet service,No internet service,Two year,No,Electronic check,27.29,1468.74,No
C06619,Male,28.0,0,No,No,0,Yes,Yes,DSL,Yes,No,No,No,No,No,One year,Yes,Credit card,52.79,175.33,No
C06474,Female,18.0,0,No,No,4,Yes,Yes,No,No internet service,No internet service,No internet service,No internet service,No internet service,No internet service,Month-to-month,No,Electronic check,31.97,117.39,No
C06245,Female,30.0,0,Yes,No,21,Yes,Yes,Fiber optic,Yes,No,No,Yes,No,No,Month-to-month,No,Bank transfer,70.89,1600.36,No
C06650,Female,22.0,0,No,No,46,Yes,No,DSL,No,No,No,No,No,No,Two year,No,Electronic check,23.96,1124.9,No
C07039,Female,60.0,0,Yes,No,16,Yes,No,Fiber optic,Yes,No,Yes,No,No,Yes,Two year,Yes,Electronic check,73.06,1191.06,No
C05986,Female,80.0,1,No,Yes,34,Yes,No,DSL,No,Yes,No,No,No,No,Month-to-month,Yes,Credit card,49.25,1602.63,No
C03666,Male,37.0,0,No,No,0,Yes,Yes,Fiber optic,No,Yes,No,No,Yes,Yes,Month-to-month,Yes,Credit card,78.18,143.6,No
C02714,Male,42.0,0,No,No,25,Yes,No,Fiber optic,No,No,Yes,No,No,Yes,Two year,Yes,Electronic check,75.48,2155.18,Yes
C03457,Male,44.0,0,No,No,0,Yes,No,Fiber optic,No,Yes,No,Yes,Yes,Yes,Month-to-month,Yes,Bank transfer,89.8,179.08,Yes
C05327,Male,45.0,0,Yes,No,18,Yes,Yes,No,No internet service,No internet service,No internet service,No internet service,No internet service,No internet service,Month-to-month,Yes,Bank transfer,43.82,1194.005,No
C04099,Female,48.0,0,Yes,Yes,47,Yes,No,No,No internet service,No internet service,No internet service,No internet service,No internet service,No internet service,Month-to-month,Yes,Bank transfer,27.15,1204.17,No
C04439,Female,49.0,0,Yes,No,35,Yes,Yes,Fiber optic,No,Yes,No,No,No,Yes,Month-to-month,No,Electronic check,65.41,2449.12,No
C00197,Female,29.0,0,No,No,0,Yes,No,Fiber optic,No,No,No,No,No,No,Month-to-month,Yes,Electronic check,51.71,166.42,No
C02749,Female,42.0,0,Yes,No,42,No,No phone service,No,No internet service,No internet service,No internet service,No internet service,No internet service,No internet service,Two year,Yes,Electronic check,25.35,1177.67,No
C03419,Female,59.0,0,No,No,72,Yes,No,No,No internet service,No internet service,No internet service,No internet service,No internet service,No internet service,Two year,No,Credit card,21.37,1714.22,No
C05332,Male,32.0,0,No,No,16,No,No phone service,Fiber optic,No,No,No,No,No,Yes,Month-to-month,Yes,Mailed check,53.75,858.65,Yes
C01416,Male,34.0,0,No,No,52,Yes,Yes,No,No internet service,No internet service,No internet service,No internet service,No internet service,No internet service,One year,Yes,Credit card,40.89,2188.48,No
C06343,Female,42.0,0,Yes,No,14,Yes,No,DSL,No,No,No,No,No,No,Month-to-month,Yes,Electronic check,32.77,617.57,Yes
C01387,Female,59.0,0,Yes,Yes,57,Yes,Yes,Fiber optic,No,Yes,No,Yes,Yes,Yes,Month-to-month,Yes,Electronic check,82.61,4867.56,Yes
C06589,Male,40.0,0,No,Yes,44,Yes,Yes,DSL,Yes,No,No,No,No,No,One year,Yes,Electronic check,51.49,2234.94,No
C05520,Female,37.0,0,No,No,28,Yes,No,Fiber optic,Yes,No,No,No,Yes,No,Month-to-month,No,Credit card,67.38,2202.5,No
C04776,Female,41.0,0,Yes,Yes,62,Yes,Yes,Fiber optic,No,Yes,Yes,No,Yes,No,Two year,Yes,Bank transfer,80.79,4792.32,No
C00670,Female,57.0,0,No,No,7,Yes,No,Fiber optic,No,No,No,No,Yes,No,Month-to-month,Yes,Credit card,61.83,382.08,Yes
C02008,Female,36.0,0,No,Yes,0,Yes,Yes,DSL,No,No,No,No,Yes,Yes,Month-to-month,Yes,Electronic check,66.12,26.17,Yes
C05569,Female,60.0,0,No,No,25,No,No phone service,No,No internet service,No internet service,No internet service,No internet service,No internet service,No internet service,Month-to-month,Yes,Bank transfer,27.71,711.12,No
C02670,Male,36.0,0,No,No,68,Yes,Yes,Fiber optic,No,No,Yes,No,No,No,Two year,Yes,Credit card,65.63,4668.63,No
C01642,Male,18.0,0,Yes,No,25,Yes,Yes,Fiber optic,No,No,No,No,No,No,Month-to-month,Yes,Electronic check,56.95,1304.29,Yes
C05638,Male,70.0,1,Yes,Yes,18,Yes,No,DSL,No,No,Yes,No,Yes,No,Month-to-month,No,Electronic check,50.98,857.01,No
C07134,Female,46.0,0,Yes,Yes,35,Yes,Yes,No,No internet service,No internet service,No internet service,No internet service,No internet service,No internet service,Two year,Yes,Electronic check,34.21,2126.27,No
C02259,Male,21.0,0,No,Yes,44,Yes,Yes,Fiber optic,No,No,No,Yes,No,Yes,Month-to-month,No,Mailed check,68.53,3340.05,No
C01263,Male,41.0,0,No,No,23,Yes,Yes,Fiber optic,Yes,No,Yes,No,Yes,No,Month-to-month,Yes,Mailed check,76.19,1887.15,Yes
C04640,Female,61.0,0,Yes,No,41,Yes,Yes,DSL,No,No,No,No,Yes,No,Two year,Yes,Mailed check,52.1,1982.86,No
C01418,Male,61.0,0,No,Yes,5,Yes,No,Fiber optic,No,Yes,No,No,Yes,Yes,Month-to-month,No,Electronic check,82.86,547.1,Yes
C05185,Female,19.0,0,No,No,37,Yes,No,Fiber optic,Yes,No,Yes,No,No,Yes,One year,Yes,Mailed check,65.47,2635.02,No
C00207,Female,63.0,0,Yes,Yes,34,Yes,Yes,Fiber optic,Yes,No,Yes,No,No,Yes,Month-to-month,Yes,Bank transfer,79.3,2952.16,Yes
C04541,Male,42.0,0,No,No,33,Yes,No,No,No internet service,No internet service,No internet service,No internet service,No internet service,No internet service,Month-to-month,Yes,Credit card,32.73,1146.25,Yes
C06718,Male,57.0,0,Yes,No,19,Yes,Yes,DSL,Yes,No,No,No,Yes,Yes,Month-to-month,Yes,Credit card,71.72,1184.165,Yes
C00681,Female,18.0,0,No,No,68,Yes,No,DSL,Yes,No,No,No,No,No,Two year,Yes,Electronic check,44.63,3042.97,No
C03168,Female,42.0,0,No,No,0,Yes,No,Fiber optic,No,Yes,Yes,No,Yes,Yes,Month-to-month,Yes,Bank transfer,79.82,40.46,Yes
C00421,Female,25.0,0,Yes,No,39,Yes,No,Fiber optic,No,Yes,No,No,No,Yes,Month-to-month,Yes,Credit card,68.11,2658.49,No
C06671,Female,33.0,0,No,No,53,Yes,No,Fiber optic,Yes,No,No,Yes,Yes,No,Two year,No,Bank transfer,62.21,3365.75,No
C02382,Female,51.0,0,Yes,No,27,Yes,Yes,Fiber optic,No,Yes,No,No,No,Yes,Two year,No,Credit card,62.36,1740.93,No
C06751,Female,38.0,0,No,No,0,Yes,Yes,Fiber optic,Yes,No,No,No,Yes,Yes,Month-to-month,Yes,Bank transfer,73.33,44.17,Yes
C02068,Female,42.0,0,No,Yes,18,Yes,Yes,DSL,No,Yes,No,No,No,No,Month-to-month,Yes,Credit card,51.35,1091.78,Yes
C04805,Female,45.0,0,No,No,27,Yes,Yes,Fiber optic,No,No,No,No,No,Yes,One year,Yes,Electronic check,69.65,2028.87,No
C03700,Male,28.0,0,No,Yes,22,No,No phone service,No,No internet service,No internet service,No internet service,No internet service,No internet service,No internet service,Two year,Yes,Electronic check,31.42,763.12,Yes
C04372,Male,36.0,0,Yes,No,26,Yes,No,Fiber optic,No,No,No,Yes,Yes,Yes,Month-to-month,Yes,Mailed check,74.44,1999.55,No
C05014,Female,67.0,1,No,Yes,72,Yes,No,DSL,No,No,Yes,Yes,No,No,Two year,No,Mailed check,50.39,3100.11,No
C00083,Female,42.0,0,Yes,No,22,No,No phone service,Fiber optic,No,No,No,Yes,Yes,Yes,Month-to-month,Yes,Mailed check,84.04,1909.56,Yes
C03056,Male,25.0,0,No,No,65,Yes,No,Fiber optic,No,Yes,Yes,No,No,Yes,Two year,Yes,Credit card,61.22,4205.0,No
C04213,Male,58.0,0,Yes,No,41,No,No phone service,Fiber optic,Yes,No,Yes,Yes,No,No,Month-to-month,Yes,Credit card,70.4,2980.32,No
C03683,Female,44.0,0,No,No,0,Yes,Yes,DSL,No,No,Yes,Yes,Yes,No,Month-to-month,Yes,Electronic check,70.79,159.95,No
C02291,Female,30.0,0,Yes,No,39,Yes,Yes,Fiber optic,No,Yes,No,No,No,Yes,One year,No,Credit card,68.24,2888.33,No
C05192,Female,37.0,0,Yes,Yes,50,Yes,No,Fiber optic,No,Yes,No,Yes,No,No,Month-to-month,Yes,Credit card,68.15,3785.9,Yes
C07100,Male,29.0,0,No,No,27,Yes,Yes,DSL,No,No,No,Yes,Yes,No,Month-to-month,No,Credit card,56.16,1586.19,Yes
C01664,Female,46.0,0,No,No,22,Yes,Yes,Fiber optic,No,Yes,Yes,Yes,No,No,One year,Yes,Electronic check,74.16,1779.08,No
C00758,Female,55.0,0,Yes,No,22,Yes,Yes,Fiber optic,No,No,Yes,No,Yes,No,One year,Yes,Electronic check,67.58,1673.96,No
C01933,Female,45.0,0,No,No,26,Yes,No,DSL,Yes,No,Yes,No,No,No,Month-to-month,Yes,Credit card,45.07,975.9,Yes
C00576,Female,34.0,0,No,No,49,No,No phone service,Fiber optic,Yes,No,No,Yes,Yes,Yes,One year,No,Mailed check,72.02,3445.21,No
C04825,Male,39.0,0,Yes,No,0,Yes,No,Fiber optic,No,No,Yes,Yes,No,No,Month-to-month,No,Bank transfer,67.08,174.53,Yes
C02560,Male,41.0,0,Yes,No,47,Yes,No,Fiber optic,No,No,No,No,Yes,No,One year,No,Bank transfer,55.62,2691.55,No
C01090,Female,42.0,0,No,No,39,Yes,Yes,Fiber optic,No,No,No,No,Yes,No,Two year,Yes,Bank transfer,66.53,2517.72,No
C06151,Male,46.0,0,Yes,No,4,Yes,Yes,No,No internet service,No internet service,No internet service,No internet service,No internet service,No internet service,One year,No,Bank transfer,20.63,234.05,No
C01360,Female,59.0,0,Yes,No,30,Yes,No,Fiber optic,No,Yes,No,No,No,No,Month-to-month,Yes,Electronic check,51.89,1603.18,No
C00238,Male,37.0,0,No,No,38,Yes,Yes,Fiber optic,No,No,No,No,Yes,No,Month-to-month,Yes,Electronic check,76.68,3288.45,Yes
C03615,Female,35.0,0,No,No,6,Yes,Yes,Fiber optic,No,Yes,Yes,No,No,No,Month-to-month,Yes,Credit card,69.0,404.68,Yes
C07174,Male,38.0,0,Yes,No,53,No,No phone service,DSL,No,No,Yes,No,No,No,Month-to-month,No,Mailed check,37.43,2961.26,No
C04742,Male,40.0,0,No,No,35,Yes,Yes,DSL,Yes,No,Yes,No,No,No,Month-to-month,Yes,Mailed check,61.48,2313.06,Yes
C01268,Female,56.0,0,Yes,No,59,Yes,No,DSL,No,Yes,No,No,No,No,Two year,Yes,Credit card,42.34,2397.29,No
C03223,Male,24.0,0,No,No,28,Yes,No,DSL,No,Yes,No,No,Yes,Yes,Month-to-month,Yes,Electronic check,59.4,1703.06,No
C04811,Male,46.0,0,No,No,43,Yes,No,DSL,No,No,Yes,No,Yes,No,Two year,Yes,Mailed check,60.04,3108.37,No
C00564,Male,36.0,0,Yes,Yes,22,Yes,Yes,Fiber optic,Yes,No,Yes,No,Yes,Yes,Two year,No,Mailed check,73.52,1472.81,Yes
C06580,Female,31.0,0,No,No,4,Yes,Yes,Fiber optic,No,Yes,Yes,No,No,Yes,Month-to-month,Yes,Bank transfer,75.33,301.78,Yes
C03741,Male,38.0,0,Yes,No,41,Yes,No,Fiber optic,Yes,Yes,Yes,No,No,Yes,One year,Yes,Bank transfer,81.49,3399.54,No
C03746,Male,18.0,0,No,No,53,Yes,Yes,Fiber optic,Yes,No,No,No,No,No,Two year,No,Electronic check,68.03,3370.26,Yes
C03429,Female,50.0,0,Yes,Yes,29,Yes,Yes,Fiber optic,No,No,Yes,No,No,No,One year,Yes,Mailed check,76.58,2405.79,No
C04229,Female,42.0,0,Yes,Yes,0,No,No phone service,DSL,No,No,No,No,Yes,No,Month-to-month,No,Credit card,36.75,116.38,Yes
C00152,Male,33.0,0,No,No,24,Yes,No,Fiber optic,Yes,No,No,Yes,No,Yes,Month-to-month,Yes,Mailed check,81.28,2103.29,Yes
C04516,Male,52.0,0,No,No,9,Yes,Yes,DSL,No,No,No,Yes,No,No,Month-to-month,No,Mailed check,55.76,560.36,No
C00436,Female,28.0,0,No,No,22,Yes,No,No,No internet service,No internet service,No internet service,No internet service,No internet service,No internet service,One year,Yes,Electronic check,27.46,644.13,Yes
C03723,Female,73.0,1,No,No,14,Yes,Yes,DSL,No,No,No,No,No,No,One year,Yes,Mailed check,35.54,530.53,No
C03382,Female,55.0,0,Yes,No,49,Yes,No,DSL,Yes,No,No,No,Yes,No,Two year,No,Credit card,52.84,2863.3,No
C02007,Male,56.0,0,Yes,No,25,Yes,Yes,DSL,No,No,No,No,No,No,Month-to-month,No,Electronic check,48.25,1152.86,No
C02907,Female,47.0,0,No,No,47,Yes,Yes,DSL,No,Yes,Yes,No,No,No,One year,Yes,Mailed check,57.41,3094.97,No
C04404,Female,53.0,0,Yes,No,29,Yes,Yes,Fiber optic,Yes,Yes,No,Yes,No,No,Month-to-month,No,Electronic check,64.13,1972.51,No
C00616,Male,78.0,1,Yes,No,13,Yes,Yes,Fiber optic,No,No,Yes,Yes,No,No,Month-to-month,No,Credit card,62.26,825.5,No
C00356,Male,29.0,0,Yes,No,53,Yes,Yes,DSL,No,No,No,No,No,Yes,Two year,No,Electronic check,54.89,2927.71,No
C00023,Female,48.0,0,Yes,Yes,61,Yes,Yes,DSL,No,No,Yes,No,Yes,No,Two year,Yes,Mailed check,61.97,3913.3,No
C03502,Male,37.0,0,Yes,No,72,Yes,Yes,Fiber optic,No,Yes,No,No,No,Yes,One year,Yes,Electronic check,80.68,6457.63,No
C04210,Male,41.0,0,No,No,44,Yes,Yes,DSL,No,Yes,Yes,Yes,No,No,Two year,No,Electronic check,62.92,2788.48,No
C00540,Male,34.0,0,No,No,44,Yes,Yes,Fiber optic,No,No,No,No,No,No,One year,No,Electronic check,47.91,2260.65,No
C01790,Male,45.0,0,Yes,No,56,Yes,Yes,Fiber optic,No,Yes,No,No,Yes,No,One year,No,Mailed check,77.92,4288.08,No
C05033,Male,18.0,0,Yes,No,57,Yes,No,DSL,No,No,No,No,Yes,Yes,Month-to-month,Yes,Credit card,50.7,3054.15,No
C02636,Male,35.0,0,No,No,18,Yes,Yes,Fiber optic,No,Yes,No,Yes,No,Yes,Month-to-month,Yes,Credit card,87.58,1805.98,No
C02115,Male,33.0,0,No,Yes,30,Yes,No,DSL,Yes,No,No,No,No,No,Two year,No,Credit card,49.88,1688.74,No
C03031,Female,56.0,0,Yes,No,46,Yes,No,Fiber optic,No,No,Yes,No,No,No,Two year,No,Electronic check,52.4,2753.52,No
C00700,Female,47.0,0,Yes,Yes,31,Yes,No,Fiber optic,No,Yes,Yes,No,Yes,No,Month-to-month,Yes,Credit card,68.7,2298.92,No
C04783,Male,73.0,1,Yes,Yes,11,Yes,No,Fiber optic,No,No,No,Yes,Yes,No,Month-to-month,No,Bank transfer,59.94,699.23,No
C04145,Male,19.0,0,No,No,32,Yes,No,DSL,No,No,No,No,No,Yes,One year,Yes,Bank transfer,45.33,1687.56,No
C02557,Female,57.0,0,Yes,Yes,28,Yes,No,DSL,Yes,No,No,No,No,Yes,Month-to-month,Yes,Electronic check,53.7,1623.84,No
C05236,Female,31.0,0,Yes,No,36,Yes,No,No,No internet service,No internet service,No internet service,No internet service,No internet service,No internet service,Month-to-month,No,Credit card,20.79,824.9,No
C01842,Male,24.0,0,No,No,12,Yes,No,DSL,No,No,Yes,No,No,Yes,Month-to-month,Yes,Bank transfer,41.28,489.1,No
C04944,Female,73.0,1,No,No,0,Yes,No,Fiber optic,Yes,No,Yes,No,Yes,Yes,Month-to-month,No,Credit card,95.63,160.97,Yes
C00608,Female,75.0,1,Yes,No,4,No,No phone service,Fiber optic,No,No,No,Yes,No,Yes,Month-to-month,No,Electronic check,55.97,312.99,Yes
C00789,Male,55.0,0,No,No,8,Yes,Yes,No,No internet service,No internet service,No internet service,No internet service,No internet service,No internet service,One year,No,Bank transfer,30.83,277.1,No
C06636,Male,27.0,0,No,No,44,No,No phone service,DSL,No,No,No,No,No,Yes,Month-to-month,No,Bank transfer,36.77,1757.82,No
C04223,Female,48.0,0,No,No,20,Yes,No,DSL,Yes,No,Yes,Yes,Yes,No,Month-to-month,Yes,Bank transfer,60.91,1529.67,Yes
C00665,Female,34.0,0,Yes,No,25,Yes,No,Fiber optic,No,Yes,No,No,No,No,Month-to-month,No,Bank transfer,56.5,1422.95,Yes
C06885,Female,45.0,0,No,Yes,27,No,No phone service,No,No internet service,No internet service,No internet service,No internet service,No internet service,No internet service,Month-to-month,Yes,Electronic check,18.0,560.78,No
C00944,Male,21.0,0,No,Yes,29,Yes,No,Fiber optic,No,Yes,No,Yes,No,No,Month-to-month,No,Electronic check,46.8,1582.65,Yes
C00536,Female,27.0,0,No,No,44,Yes,Yes,DSL,Yes,No,No,No,No,No,Month-to-month,No,Bank transfer,46.74,2328.15,No
C05449,Female,30.0,0,No,No,26,Yes,No,Fiber optic,Yes,No,No,No,No,No,Month-to-month,Yes,Credit card,57.98,1824.18,No
C01774,Female,53.0,0,Yes,No,44,Yes,No,DSL,No,Yes,Yes,No,No,Yes,Two year,No,Electronic check,70.52,3103.99,No
C06279,Male,55.0,0,No,No,13,Yes,No,DSL,Yes,No,No,No,Yes,No,Month-to-month,Yes,Electronic check,53.96,733.32,No
C04812,Male,48.0,0,No,No,0,No,No phone service,Fiber optic,Yes,Yes,Yes,No,Yes,No,Month-to-month,Yes,Bank transfer,69.08,36.92,No
C03016,Female,38.0,0,Yes,Yes,18,Yes,Yes,Fiber optic,No,No,Yes,No,Yes,No,Month-to-month,Yes,Electronic check,78.57,1421.24,Yes
C00732,Male,29.0,0,No,No,0,Yes,No,DSL,No,Yes,No,Yes,No,Yes,Month-to-month,No,Credit card,59.81,58.82,Yes
C05037,Male,39.0,0,No,No,0,Yes,No,Fiber optic,No,No,No,Yes,No,No,Month-to-month,Yes,Credit card,70.22,144.67,No
C04267,Female,35.0,0,Yes,No,0,Yes,No,No,No internet service,No internet service,No internet service,No internet service,No internet service,No internet service,Month-to-month,Yes,Bank transfer,20.4,81.6,No
C01026,Female,58.0,0,No,Yes,50,Yes,Yes,No,No internet service,No internet service,No internet service,No internet service,No internet service,No internet service,One year,No,Electronic check,28.89,1439.11,No
C02239,Male,55.0,0,No,No,60,Yes,Yes,DSL,No,Yes,Yes,No,No,Yes,One year,Yes,Credit card,65.39,3495.84,No
C03632,Female,36.0,0,Yes,Yes,20,Yes,No,DSL,Yes,No,Yes,No,No,Yes,Month-to-month,Yes,Mailed check,57.72,1215.15,No
C01744,Female,33.0,0,Yes,No,58,No,No phone service,DSL,No,No,No,No,No,No,Month-to-month,Yes,Mailed check,41.88,2390.3,No
C02996,Female,32.0,0,Yes,No,44,Yes,No,Fiber optic,No,Yes,Yes,No,Yes,Yes,Two year,No,Credit card,73.81,3653.47,No
C06449,Male,49.0,0,No,No,28,Yes,No,No,No internet service,No internet service,No internet service,No internet service,No internet service,No internet service,Month-to-month,Yes,Bank transfer,30.62,936.27,No
C06691,Male,43.0,0,Yes,Yes,23,Yes,No,Fiber optic,Yes,Yes,No,No,Yes,Yes,Month-to-month,No,Mailed check,70.03,1505.53,No
C06043,Female,77.0,1,Yes,No,0,Yes,No,Fiber optic,No,Yes,No,No,Yes,No,One year,Yes,Credit card,68.77,36.79,Yes
C01309,Female,52.0,0,Yes,No,32,Yes,No,No,No internet service,No internet service,No internet service,No internet service,No internet service,No internet service,Two year,Yes,Electronic check,35.15,1064.29,No
C06238,Male,34.0,0,Yes,No,13,Yes,No,Fiber optic,No,No,Yes,No,Yes,No,Month-to-month,Yes,Bank transfer,68.39,1053.65,No
C04067,Male,42.0,0,Yes,Yes,59,Yes,No,DSL,No,Yes,No,Yes,No,No,Month-to-month,No,Electronic check,48.34,2646.59,No
C02756,Female,54.0,0,Yes,No,27,Yes,Yes,DSL,No,Yes,No,Yes,No,No,One year,Yes,Electronic check,51.57,1608.82,No
C01573,Female,32.0,0,No,No,38,Yes,Yes,Fiber optic,No,No,No,No,Yes,No,Month-to-month,Yes,Bank transfer,65.99,2432.27,No
C03339,Male,52.0,0,Yes,No,36,Yes,No,Fiber optic,Yes,No,Yes,Yes,Yes,No,Two year,Yes,Bank transfer,73.03,2710.23,No
C06628,Male,31.0,0,No,No,42,Yes,Yes,Fiber optic,No,No,No,Yes,No,No,One year,Yes,Electronic check,78.89,3181.73,No
C06794,Male,64.0,0,Yes,Yes,0,Yes,No,Fiber optic,No,Yes,No,No,No,No,Month-to-month,Yes,Electronic check,64.59,65.38,Yes
C04293,Female,56.0,0,Yes,No,34,Yes,No,DSL,No,Yes,No,Yes,Yes,No,Two year,No,Bank transfer,55.85,1926.18,No
C06459,Female,80.0,1,No,No,28,Yes,No,Fiber optic,No,No,No,Yes,Yes,No,Month-to-month,No,Electronic check,68.1,2112.32,Yes
C03490,Female,49.0,0,Yes,No,8,Yes,No,No,No internet service,No internet service,No internet service,No internet service,No internet service,No internet service,Month-to-month,No,Credit card,20.28,244.01,No
C02800,Male,33.0,0,No,Yes,16,No,No phone service,DSL,No,No,No,Yes,No,No,Month-to-month,Yes,Bank transfer,49.62,880.67,No
C00816,Male,51.0,0,No,No,21,Yes,No,DSL,No,Yes,No,No,No,No,Month-to-month,Yes,Electronic check,36.3,907.57,No
C02070,Male,39.0,0,Yes,Yes,29,Yes,Yes,Fiber optic,No,Yes,No,No,No,No,Month-to-month,Yes,Electronic check,69.32499999999999,1771.29,No
C00865,Male,35.0,0,Yes,No,38,Yes,No,DSL,No,No,Yes,Yes,No,Yes,Two year,No,Bank transfer,51.92,2015.94,No
C02748,Female,25.0,0,No,No,25,Yes,No,No,No internet service,No internet service,No internet service,No internet service,No internet service,No internet service,One year,No,Mailed check,20.18,648.98,No
C01703,Female,60.0,0,Yes,No,35,Yes,No,Fiber optic,No,No,No,No,Yes,Yes,One year,No,Electronic check,68.72,2214.01,No
C00857,Female,18.0,0,No,No,49,Yes,Yes,No,No internet service,No internet service,No internet service,No internet service,No internet service,No internet service,One year,Yes,Electronic check,33.78,1787.52,No
C05957,Male,56.0,0,Yes,Yes,12,Yes,No,No,No internet service,No internet service,No internet service,No internet service,No internet service,No internet service,Month-to-month,No,Credit card,22.54,314.0,No
C03308,Female,68.0,1,No,No,0,Yes,No,Fiber optic,No,No,No,No,No,Yes,Month-to-month,No,Electronic check,60.38,18.54,Yes
C06973,Male,43.0,0,No,No,39,Yes,Yes,DSL,No,No,Yes,Yes,Yes,Yes,Two year,No,Mailed check,72.88,2898.83,No
C04907,Female,25.0,0,No,No,2,Yes,No,DSL,No,Yes,No,No,No,Yes,Two year,Yes,Credit card,48.21,212.44,No
C04349,Female,45.0,0,Yes,No,33,Yes,No,DSL,No,No,No,No,No,No,One year,Yes,Mailed check,48.04,1630.5,No
C06231,Male,58.0,0,Yes,Yes,16,Yes,No,No,No internet service,No internet service,No internet service,No internet service,No internet service,No internet service,Month-to-month,No,Electronic check,25.58,480.85,No
C05445,Female,38.0,0,No,No,10,Yes,Yes,Fiber optic,Yes,No,No,No,Yes,No,Two year,No,Electronic check,75.74,932.56,No
C06673,Female,49.0,0,No,No,33,No,No phone service,DSL,No,No,No,Yes,No,No,Month-to-month,Yes,Credit card,48.79,1875.82,No
C00365,Female,34.0,0,No,No,25,Yes,No,DSL,No,Yes,No,No,No,No,Month-to-month,No,Electronic check,42.15,1120.83,No
C04531,Male,30.0,0,Yes,No,25,Yes,Yes,Fiber optic,No,No,Yes,No,No,No,Month-to-month,Yes,Electronic check,59.81,1598.91,Yes
C04146,Female,36.0,0,No,No,27,Yes,Yes,DSL,No,No,No,No,Yes,No,Month-to-month,Yes,Electronic check,57.17,1561.7,No
C07165,Female,80.0,1,Yes,Yes,62,Yes,No,DSL,Yes,No,No,No,No,No,Two year,No,Bank transfer,40.08,2464.92,No
C05539,Female,34.0,0,Yes,No,64,Yes,Yes,Fiber optic,Yes,Yes,Yes,No,Yes,No,One year,Yes,Mailed check,81.99,5546.29,No
C06669,Female,41.0,0,Yes,No,36,Yes,No,DSL,Yes,No,No,No,Yes,No,Month-to-month,No,Electronic check,50.11,1833.48,No
C02559,Male,38.0,0,No,No,18,Yes,Yes,Fiber optic,No,Yes,No,No,No,Yes,Month-to-month,Yes,Bank transfer,66.98,1328.19,No
C04368,Female,35.0,0,No,No,29,Yes,No,DSL,No,Yes,No,Yes,No,No,Month-to-month,No,Electronic check,54.35,1660.6,No
C06598,Female,18.0,0,No,No,41,Yes,Yes,No,No internet service,No internet service,No internet service,No internet service,No internet service,No internet service,Two year,Yes,Credit card,38.57,2636.55,No
C01236,Female,68.0,1,No,No,19,Yes,Yes,Fiber optic,No,No,No,No,No,No,Month-to-month,No,Electronic check,52.9,1179.0,No
C01554,Female,33.0,0,Yes,No,32,Yes,No,DSL,No,No,No,No,Yes,No,Two year,No,Mailed check,42.39,1392.93,No
C00054,Male,42.0,0,Yes,No,63,Yes,Yes,Fiber optic,Yes,No,Yes,No,No,No,Two year,Yes,Electronic check,72.05,4656.63,No
C02538,Female,51.0,0,Yes,No,0,Yes,Yes,Fiber optic,No,Yes,No,No,No,No,Month-to-month,No,Electronic check,55.65,9.26,No
C02917,Female,38.0,0,Yes,No,51,Yes,No,DSL,Yes,No,No,Yes,No,No,One year,Yes,Electronic check,45.36,2553.59,Yes
C03571,Female,29.0,0,No,No,16,No,No phone service,DSL,No,No,No,No,No,No,Month-to-month,Yes,Electronic check,33.52,559.29,No
C06447,Female,44.0,0,Yes,Yes,9,Yes,No,Fiber optic,Yes,Yes,Yes,No,Yes,No,Month-to-month,No,Credit card,82.11,709.29,No
C04381,Female,46.0,0,No,No,2,Yes,No,Fiber optic,Yes,No,No,Yes,No,Yes,Month-to-month,No,Electronic check,72.12,234.21,Yes
C00485,Male,47.0,0,Yes,No,42,Yes,No,DSL,No,No,No,No,Yes,No,Month-to-month,Yes,Bank transfer,56.76,2373.12,No
C02691,Female,64.0,0,Yes,No,35,Yes,No,No,No internet service,No internet service,No internet service,No internet service,No internet service,No internet service,Month-to-month,No,Mailed check,20.91,839.68,No
C00454,Male,22.0,0,Yes,No,13,Yes,Yes,DSL,No,Yes,Yes,Yes,No,No,Month-to-month,Yes,Bank transfer,59.69,1008.79,No
C00034,Female,51.0,0,Yes,No,19,Yes,No,DSL,No,No,No,Yes,Yes,No,Month-to-month,Yes,Mailed check,51.98,1186.58,No
C03728,Male,36.0,0,Yes,Yes,7,Yes,No,Fiber optic,Yes,No,No,Yes,Yes,No,Month-to-month,Yes,Electronic check,72.96,599.86,No
C06830,Female,51.0,0,No,No,56,Yes,No,DSL,No,Yes,Yes,No,No,No,Two year,Yes,Electronic check,46.09,2362.71,Yes
C00283,Female,22.0,0,Yes,No,24,Yes,No,Fiber optic,No,No,No,No,No,Yes,Month-to-month,No,Electronic check,58.94,1512.68,No
C01161,Female,70.0,1,Yes,No,48,Yes,No,DSL,Yes,No,No,No,No,No,Two year,No,Electronic check,41.21,1628.41,No
C01258,Female,26.0,0,No,No,26,Yes,Yes,DSL,Yes,No,Yes,No,Yes,Yes,Month-to-month,No,Credit card,59.49,1370.02,No
C03730,Female,51.0,0,No,No,0,Yes,No,Fiber optic,Yes,No,Yes,Yes,Yes,Yes,Month-to-month,Yes,Mailed check,92.85,155.21,Yes
C06953,Male,31.0,0,Yes,Yes,27,Yes,Yes,Fiber optic,Yes,No,No,Yes,No,Yes,One year,Yes,Bank transfer,81.39,2267.17,No
C02033,Male,29.0,0,Yes,Yes,30,No,No phone service,Fiber optic,Yes,No,No,No,Yes,No,One year,No,Electronic check,55.97,1637.8,Yes
C03441,Male,48.0,0,Yes,No,0,Yes,Yes,DSL,Yes,No,No,Yes,Yes,No,One year,Yes,Mailed check,57.04,123.09,No
C00040,Male,22.0,0,No,No,39,Yes,No,No,No internet service,No internet service,No internet service,No internet service,No internet service,No internet service,One year,Yes,Electronic check,27.39,1167.17,No
C02593,Male,34.0,0,No,Yes,18,Yes,Yes,No,No internet service,No internet service,No internet service,No internet service,No internet service,No internet service,Month-to-month,Yes,Bank transfer,37.49,821.13,No
C01384,Male,36.0,0,No,No,43,Yes,Yes,Fiber optic,No,No,Yes,No,No,Yes,Two year,Yes,Mailed check,70.42,3223.63,No
C01979,Male,59.0,0,Yes,No,48,Yes,Yes,No,No internet service,No internet service,No internet service,No internet service,No internet service,No internet service,Two year,Yes,Electronic check,37.5,1907.93,No
C00808,Female,53.0,0,Yes,No,15,Yes,Yes,No,No internet service,No internet service,No internet service,No internet service,No internet service,No internet service,Month-to-month,Yes,Electronic check,27.77,492.17,No
C01696,Female,24.0,0,No,No,51,Yes,No,Fiber optic,No,Yes,Yes,Yes,Yes,No,Month-to-month,Yes,Mailed check,87.22,4391.88,Yes
C07115,Female,18.0,0,Yes,No,72,Yes,Yes,Fiber optic,Yes,No,No,Yes,Yes,Yes,Two year,No,Mailed check,90.63,6299.83,No
C00717,Female,45.0,0,No,No,48,Yes,No,DSL,No,Yes,No,No,Yes,No,One year,Yes,Bank transfer,61.48,3086.56,No
C06190,Male,45.0,0,Yes,No,33,Yes,No,Fiber optic,No,No,Yes,Yes,Yes,No,Month-to-month,Yes,Electronic check,69.48,2267.78,Yes
C06066,Female,42.0,0,No,Yes,0,Yes,Yes,Fiber optic,No,No,Yes,Yes,No,No,Month-to-month,Yes,Credit card,79.99,76.79,No
C03518,Female,43.0,0,Yes,Yes,24,No,No phone service,Fiber optic,No,No,No,No,Yes,Yes,Month-to-month,No,Electronic check,70.72,1848.58,Yes
C01654,Female,58.0,0,Yes,No,63,Yes,No,Fiber optic,Yes,No,No,No,Yes,Yes,Two year,No,Bank transfer,77.02,3913.22,No
C04231,Female,63.0,0,No,No,0,Yes,Yes,Fiber optic,No,Yes,Yes,No,No,Yes,Month-to-month,Yes,Electronic check,74.32,123.97,No
C04579,Female,55.0,0,No,No,51,Yes,No,Fiber optic,No,Yes,No,No,Yes,Yes,Month-to-month,No,Bank transfer,72.58,3717.92,Yes
C04782,Female,57.0,0,Yes,Yes,11,Yes,No,DSL,Yes,No,Yes,No,Yes,Yes,Month-to-month,Yes,Mailed check,69.64,798.01,No
C03026,Male,25.0,0,Yes,No,38,No,No phone service,Fiber optic,Yes,No,No,No,No,Yes,Month-to-month,Yes,Electronic check,67.21,2756.39,No
C03993,Female,69.0,1,Yes,No,44,Yes,Yes,No,No internet service,No internet service,No internet service,No internet service,No internet service,No internet service,Two year,No,Bank transfer,28.99,1432.63,No
C01305,Female,39.0,0,No,No,39,No,No phone service,DSL,Yes,Yes,No,No,Yes,Yes,One year,No,Credit card,71.06,2756.02,No
C02262,Male,45.0,0,No,No,0,Yes,No,No,No internet service,No internet service,No internet service,No internet service,No internet service,No internet service,One year,No,Electronic check,24.38,159.12,No
C01294,Female,35.0,0,No,No,31,Yes,No,DSL,No,Yes,No,No,No,Yes,Month-to-month,No,Mailed check,46.45,1743.42,No
C05904,Male,54.0,0,No,No,34,Yes,Yes,No,No internet service,No internet service,No internet service,No internet service,No internet service,No internet service,Two year,No,Electronic check,41.67,1535.86,No
C03408,Female,40.0,0,No,No,22,Yes,Yes,DSL,No,No,No,Yes,No,Yes,Month-to-month,No,Bank transfer,52.26,1184.2,No
C02784,Female,35.0,0,No,No,9,Yes,Yes,No,No internet service,No internet service,No internet service,No internet service,No internet service,No internet service,Month-to-month,Yes,Mailed check,33.17,260.56,No
C03761,Male,59.0,0,Yes,No,30,Yes,Yes,DSL,Yes,Yes,Yes,No,Yes,No,Month-to-month,No,Bank transfer,70.16,2263.58,No
C02203,Female,36.0,0,Yes,No,20,Yes,Yes,No,No internet service,No internet service,No internet service,No internet service,No internet service,No internet service,Month-to-month,No,Mailed check,41.82,757.51,No
C06534,Female,23.0,0,No,No,24,Yes,Yes,DSL,Yes,Yes,Yes,No,Yes,No,Month-to-month,No,Electronic check,53.19,1628.02,Yes
C00378,Female,57.0,0,No,No,27,Yes,Yes,Fiber optic,Yes,Yes,No,No,Yes,No,Month-to-month,Yes,Bank transfer,80.29,2013.1,Yes
C03620,Male,39.0,0,No,No,52,Yes,No,DSL,Yes,No,No,No,Yes,No,Month-to-month,No,Credit card,47.48,2596.8,Yes
C01192,Male,18.0,0,No,No,44,Yes,Yes,Fiber optic,No,Yes,No,No,No,No,Month-to-month,No,Mailed check,59.85,2718.93,No
C05605,Male,54.0,0,Yes,Yes,23,Yes,Yes,No,No internet service,No internet service,No internet service,No internet service,No internet service,No internet service,One year,Yes,Electronic check,38.36,939.52,No
C05578,Male,39.0,0,No,No,0,Yes,No,DSL,Yes,Yes,Yes,Yes,No,Yes,One year,Yes,Electronic check,64.55,58.35,No
C04262,Female,53.0,0,No,No,0,Yes,No,DSL,No,Yes,No,No,No,No,Month-to-month,Yes,Credit card,37.01,124.69,Yes
C06370,Male,30.0,0,No,No,32,No,No phone service,Fiber optic,Yes,Yes,Yes,No,Yes,Yes,One year,Yes,Bank transfer,90.74,3069.32,Yes
C03591,Female,35.0,0,No,No,50,Yes,Yes,No,No internet service,No internet service,No internet service,No internet service,No internet service,No internet service,Two year,Yes,Bank transfer,30.92,1512.2,No
C00704,Female,72.0,1,Yes,No,61,Yes,Yes,DSL,No,No,No,No,Yes,Yes,Two year,No,Electronic check,66.31,4059.42,No
C02012,Female,35.0,0,Yes,No,19,Yes,Yes,DSL,No,Yes,No,No,No,No,Month-to-month,Yes,Credit card,47.0,1017.86,No
C00477,Female,43.0,0,Yes,No,30,Yes,No,Fiber optic,No,No,Yes,Yes,Yes,Yes,Two year,No,Electronic check,76.18,2489.05,No
C02519,Male,50.0,0,No,No,13,Yes,No,No,No internet service,No internet service,No internet service,No internet service,No internet service,No internet service,Month-to-month,No,Credit card,18.0,307.58,No
C02875,Male,55.0,0,Yes,Yes,0,Yes,No,Fiber optic,No,No,Yes,No,No,No,One year,Yes,Bank transfer,60.55,61.48,Yes
C02717,Male,48.0,0,Yes,No,49,Yes,Yes,Fiber optic,Yes,Yes,Yes,Yes,No,Yes,One year,Yes,Electronic check,85.32,4123.53,No
C06273,Female,47.0,0,Yes,No,0,Yes,Yes,No,No internet service,No internet service,No internet service,No internet service,No internet service,No internet service,Month-to-month,Yes,Electronic check,38.94,105.87,No
C01764,Male,66.0,1,Yes,No,26,Yes,Yes,Fiber optic,No,Yes,Yes,No,Yes,No,One year,Yes,Credit card,73.33,1768.96,No
C01204,Female,32.0,0,No,No,29,No,No phone service,Fiber optic,No,No,No,Yes,No,No,One year,Yes,Mailed check,57.51,1770.81,No
C07085,Male,44.0,0,No,No,1,Yes,Yes,No,No internet service,No internet service,No internet service,No internet service,No internet service,No internet service,Month-to-month,No,Credit card,40.35,77.01,No
C07007,Female,33.0,0,Yes,No,17,Yes,Yes,No,No internet service,No internet service,No internet service,No internet service,No internet service,No internet service,One year,No,Electronic check,30.82,548.37,No
C07208,Male,64.0,0,Yes,No,38,No,No phone service,Fiber optic,No,Yes,No,No,Yes,No,Month-to-month,No,Electronic check,59.12,2354.63,No
C06041,Female,31.0,0,Yes,No,0,Yes,Yes,DSL,No,No,No,No,No,Yes,Month-to-month,No,Credit card,55.2,87.52,No
C01947,Female,36.0,0,Yes,Yes,8,Yes,Yes,Fiber optic,Yes,Yes,Yes,No,No,Yes,Month-to-month,Yes,Electronic check,83.87,830.65,Yes
C06579,Female,19.0,0,Yes,No,0,No,No phone service,Fiber optic,No,Yes,Yes,No,No,No,Month-to-month,Yes,Mailed check,59.57,45.93,Yes
C02596,Male,19.0,0,No,No,26,Yes,Yes,No,No internet service,No internet service,No internet service,No internet service,No internet service,No internet service,Two year,No,Bank transfer,32.6,907.14,No
C04539,Male,50.0,0,Yes,No,41,Yes,No,No,No internet service,No internet service,No internet service,No internet service,No internet service,No internet service,Two year,No,Credit card,18.0,790.3,No
C07151,Female,24.0,0,No,No,54,Yes,No,Fiber optic,No,No,No,Yes,Yes,No,One year,Yes,Credit card,68.12,3976.42,No
C00943,Male,42.0,0,No,No,25,Yes,No,Fiber optic,Yes,No,No,No,No,Yes,Month-to-month,Yes,Credit card,65.58,1820.07,Yes
C01612,Male,49.0,0,Yes,No,13,Yes,No,Fiber optic,No,No,No,No,No,Yes,One year,Yes,Bank transfer,64.29,928.04,No
C01530,Female,41.0,0,Yes,Yes,24,No,No phone service,DSL,Yes,No,No,Yes,Yes,Yes,Month-to-month,Yes,Electronic check,68.15,1735.6,No
C03319,Female,53.0,0,Yes,No,27,Yes,No,No,No internet service,No internet service,No internet service,No internet service,No internet service,No internet service,Month-to-month,No,Electronic check,26.31,797.99,No
C04819,Female,34.0,0,Yes,No,63,Yes,No,DSL,Yes,No,Yes,Yes,Yes,Yes,One year,No,Electronic check,60.04,4157.43,No
C02222,Female,23.0,0,No,No,50,Yes,No,DSL,Yes,No,No,Yes,Yes,No,One year,No,Credit card,57.67,3050.12,Yes
C04343,Male,39.0,0,No,No,44,No,No phone service,Fiber optic,Yes,Yes,No,Yes,Yes,No,One year,Yes,Credit card,85.18,3672.82,No
C00479,Male,43.0,0,Yes,No,55,Yes,No,Fiber optic,Yes,No,No,Yes,Yes,No,One year,No,Mailed check,71.17,3690.93,No
C01283,Female,40.0,0,No,No,8,Yes,Yes,DSL,Yes,No,Yes,No,Yes,No,Two year,No,Credit card,62.04,662.54,No
C04525,Male,43.0,0,Yes,No,23,Yes,Yes,Fiber optic,Yes,Yes,Yes,No,No,Yes,One year,Yes,Electronic check,89.49,2304.73,No
C00407,Female,43.0,0,No,No,8,Yes,No,Fiber optic,No,Yes,Yes,No,Yes,Yes,Month-to-month,Yes,Credit card,77.89,698.24,Yes
C04310,Male,69.0,1,Yes,No,3,Yes,Yes,Fiber optic,Yes,Yes,No,No,No,No,Month-to-month,No,Electronic check,64.67,251.29,Yes
C04890,Male,53.0,0,Yes,No,0,Yes,No,Fiber optic,No,Yes,Yes,Yes,No,No,Month-to-month,No,Mailed check,69.35,48.26,Yes
C03249,Female,34.0,0,No,Yes,44,Yes,Yes,Fiber optic,No,Yes,No,No,No,Yes,One year,No,Credit card,84.08,3521.42,No
C02582,Male,28.0,0,No,No,28,No,No phone service,DSL,No,No,Yes,No,No,Yes,Month-to-month,No,Electronic check,51.29,1569.26,Yes
C03530,Male,36.0,0,No,Yes,0,Yes,Yes,DSL,No,Yes,No,No,No,Yes,Month-to-month,Yes,Credit card,59.97,93.64,No
C04593,Male,65.0,0,Yes,Yes,59,Yes,No,Fiber optic,Yes,Yes,Yes,Yes,No,No,One year,No,Bank transfer,75.17,4763.14,No
C04927,Female,30.0,0,No,No,24,Yes,No,DSL,No,No,Yes,No,Yes,Yes,Month-to-month,No,Electronic check,59.49,1278.86,No
C04443,Female,30.0,0,No,No,53,Yes,Yes,DSL,No,No,Yes,No,No,No,Two year,Yes,Bank transfer,49.79,2413.8,No
C04703,Male,69.0,1,No,No,0,Yes,No,DSL,Yes,Yes,Yes,No,No,No,Month-to-month,Yes,Credit card,56.92,55.04,Yes
C02271,Female,18.0,0,No,No,33,No,No phone service,Fiber optic,No,Yes,No,Yes,Yes,Yes,Month-to-month,No,Electronic check,68.78,2343.0,No
C00563,Female,43.0,0,Yes,No,53,Yes,Yes,Fiber optic,Yes,No,Yes,Yes,No,No,Month-to-month,Yes,Electronic check,80.83,4095.21,No
C00494,Female,62.0,0,Yes,No,1,Yes,Yes,Fiber optic,No,No,No,No,Yes,Yes,Month-to-month,No,Bank transfer,77.87,151.78,No
C04333,Female,46.0,0,Yes,No,23,Yes,No,Fiber optic,No,No,No,Yes,No,Yes,Month-to-month,No,Bank transfer,74.35,2156.05,Yes
C02647,Female,18.0,0,No,No,72,Yes,No,Fiber optic,No,No,Yes,No,Yes,Yes,Two year,No,Electronic check,71.68,5150.8,No
C00647,Male,60.0,0,Yes,Yes,39,Yes,No,DSL,No,Yes,Yes,No,No,Yes,Month-to-month,Yes,Mailed check,55.43,2518.12,No
C05984,Male,27.0,0,No,No,36,No,No phone service,No,No internet service,No internet service,No internet service,No internet service,No internet service,No internet service,Two year,No,Electronic check,18.0,859.0,No
C05003,Female,40.0,0,Yes,No,0,Yes,No,Fiber optic,No,No,No,No,No,Yes,Month-to-month,No,Electronic check,69.32499999999999,142.39,No
C00658,Female,51.0,0,Yes,No,27,Yes,No,No,No internet service,No internet service,No internet service,No internet service,No internet service,No internet service,One year,Yes,Electronic check,35.22,1101.46,No
C03063,Male,56.0,0,Yes,No,67,Yes,Yes,Fiber optic,Yes,No,No,Yes,No,Yes,Month-to-month,Yes,Electronic check,76.9,4725.56,No
C01910,Female,54.0,0,Yes,No,25,Yes,No,DSL,Yes,No,Yes,No,Yes,Yes,Month-to-month,No,Electronic check,63.27,1450.39,No
C05318,Male,49.0,0,Yes,No,53,Yes,Yes,No,No internet service,No internet service,No internet service,No internet service,No internet service,No internet service,Month-to-month,Yes,Electronic check,30.25,1581.52,No
C06334,Female,24.0,0,No,No,16,Yes,No,No,No internet service,No internet service,No internet service,No internet service,No internet service,No internet service,One year,No,Mailed check,18.0,478.74,No
C03698,Male,19.0,0,No,No,40,Yes,No,Fiber optic,Yes,No,Yes,Yes,Yes,No,One year,Yes,Electronic check,78.51,3443.27,No
C03403,Male,31.0,0,No,No,72,Yes,No,Fiber optic,No,No,No,No,No,Yes,Two year,Yes,Electronic check,66.87,4686.64,No
C03283,Male,55.0,0,No,No,48,Yes,No,Fiber optic,No,Yes,No,No,No,Yes,Month-to-month,Yes,Electronic check,63.83,3487.47,No
C05744,Male,59.0,0,Yes,Yes,4,Yes,No,No,No internet service,No internet service,No internet service,No internet service,No internet service,No internet service,Month-to-month,Yes,Bank transfer,24.02,236.14,No
C06815,Male,44.0,0,No,No,11,No,No phone service,Fiber optic,No,Yes,Yes,Yes,Yes,No,Month-to-month,No,Electronic check,73.12,1006.35,Yes
C05968,Female,55.0,0,No,Yes,4,Yes,Yes,Fiber optic,Yes,No,No,No,Yes,Yes,Month-to-month,Yes,Electronic check,83.5,364.23,Yes
C04502,Male,69.0,1,Yes,No,21,Yes,No,Fiber optic,No,No,Yes,No,Yes,No,One year,No,Bank transfer,64.48,1382.93,No
C06617,Male,70.0,1,No,Yes,5,Yes,Yes,DSL,No,Yes,No,No,Yes,Yes,One year,Yes,Bank transfer,61.49,342.53,No
C03980,Male,46.0,0,Yes,Yes,11,Yes,Yes,Fiber optic,No,No,No,Yes,Yes,No,Month-to-month,Yes,Bank transfer,84.52,1091.21,No
C02851,Female,27.0,0,No,No,25,Yes,Yes,Fiber optic,Yes,No,No,No,No,Yes,Month-to-month,Yes,Mailed check,72.58,2009.9,Yes
C04605,Female,46.0,0,Yes,No,13,Yes,No,Fiber optic,No,Yes,No,Yes,No,Yes,Month-to-month,No,Bank transfer,75.38,1006.01,No
C01909,Male,59.0,0,Yes,No,72,Yes,Yes,No,No internet service,No internet service,No internet service,No internet service,No internet service,No internet service,Two year,Yes,Electronic check,26.92,1893.41,No
C03521,Female,43.0,0,Yes,No,48,Yes,No,Fiber optic,Yes,No,Yes,No,Yes,No,Month-to-month,Yes,Electronic check,72.51,3531.29,No
C05868,Female,40.0,0,Yes,No,26,Yes,Yes,Fiber optic,No,Yes,Yes,No,Yes,No,One year,No,Electronic check,77.49,2006.48,No
C04994,Male,42.0,0,No,No,39,Yes,No,Fiber optic,No,No,Yes,No,No,Yes,Two year,Yes,Electronic check,64.37,2518.37,Yes
C03929,Female,39.0,0,Yes,Yes,24,Yes,No,Fiber optic,Yes,Yes,No,No,Yes,Yes,One year,Yes,Electronic check,80.79,1972.94,No
C06396,Male,30.0,0,No,No,18,Yes,Yes,DSL,Yes,No,No,Yes,Yes,Yes,Month-to-month,Yes,Electronic check,68.2,1260.52,No
C01164,Female,40.0,0,No,No,50,Yes,Yes,Fiber optic,Yes,No,No,No,No,Yes,Month-to-month,Yes,Electronic check,81.99,4234.09,No
C06053,Female,42.0,0,Yes,Yes,2,Yes,Yes,Fiber optic,No,Yes,Yes,Yes,No,No,Month-to-month,No,Credit card,73.43,250.32,No
C04847,Male,27.0,0,Yes,No,66,Yes,No,Fiber optic,Yes,Yes,Yes,No,No,Yes,Two year,Yes,Electronic check,83.65,5368.49,No
C05169,Female,40.0,0,Yes,No,13,Yes,No,No,No internet service,No internet service,No internet service,No internet service,No internet service,No internet service,Month-to-month,Yes,Electronic check,18.59,251.75,No
C01691,Male,41.0,0,No,No,19,Yes,No,DSL,No,No,Yes,No,No,Yes,Month-to-month,No,Electronic check,53.29,1176.92,No
C05653,Female,53.0,0,Yes,No,3,Yes,No,Fiber optic,No,Yes,Yes,No,No,Yes,Month-to-month,Yes,Mailed check,61.16,317.97,Yes
C07173,Male,45.0,0,No,No,0,Yes,No,No,No internet service,No internet service,No internet service,No internet service,No internet service,No internet service,Month-to-month,No,Electronic check,24.62,178.17,No
C03677,Male,18.0,0,No,No,60,Yes,Yes,Fiber optic,No,Yes,Yes,No,No,No,Two year,No,Mailed check,65.02,3874.13,No
C05455,Female,34.0,0,No,No,21,Yes,No,Fiber optic,No,No,No,No,Yes,No,Month-to-month,Yes,Bank transfer,59.83,1282.1,Yes
C02029,Female,54.0,0,Yes,Yes,50,Yes,No,No,No internet service,No internet service,No internet service,No internet service,No internet service,No internet service,Two year,No,Electronic check,30.58,1561.49,No
C04641,Male,42.0,0,No,No,53,Yes,No,Fiber optic,Yes,No,Yes,Yes,No,No,Two year,No,Credit card,63.71,3461.19,No
C05689,Female,38.0,0,No,No,9,Yes,Yes,Fiber optic,No,Yes,Yes,No,No,Yes,Month-to-month,Yes,Electronic check,79.14,661.7349999999999,Yes
C03660,Female,60.0,0,No,No,55,Yes,No,Fiber optic,No,No,No,No,Yes,Yes,Two year,Yes,Bank transfer,79.69,4571.64,No
C04991,Male,75.0,1,Yes,No,25,Yes,Yes,DSL,No,No,Yes,Yes,No,No,Month-to-month,Yes,Electronic check,63.07,1592.88,No
C00820,Female,29.0,0,No,No,27,Yes,Yes,DSL,No,Yes,No,No,No,No,Month-to-month,Yes,Electronic check,51.13,1444.88,Yes
C06737,Male,54.0,0,No,No,0,Yes,No,DSL,No,Yes,No,No,Yes,Yes,Month-to-month,Yes,Mailed check,58.07,171.99,Yes
C01756,Female,18.0,0,No,No,4,No,No phone service,Fiber optic,No,No,Yes,Yes,No,Yes,Month-to-month,No,Credit card,65.62,387.1,Yes
C03973,Male,54.0,0,Yes,No,72,Yes,No,No,No internet service,No internet service,No internet service,No internet service,No internet service,No internet service,Two year,No,Bank transfer,23.01,1762.16,No
C00845,Female,57.0,0,No,Yes,19,Yes,No,No,No internet service,No internet service,No internet service,No internet service,No internet service,No internet service,Month-to-month,Yes,Electronic check,33.31,607.38,Yes
C05305,Male,42.0,0,No,Yes,34,No,No phone service,Fiber optic,No,Yes,No,No,No,Yes,One year,Yes,Bank transfer,64.86,1997.98,Yes
C05492,Female,20.0,0,No,No,28,No,No phone service,DSL,No,No,Yes,No,No,No,One year,Yes,Credit card,41.05,1374.03,No
C01251,Female,29.0,0,No,No,27,Yes,No,DSL,No,No,No,Yes,Yes,Yes,Month-to-month,Yes,Electronic check,59.68,1610.09,Yes
C04677,Female,49.0,0,No,Yes,29,Yes,No,DSL,No,Yes,No,No,Yes,Yes,One year,No,Mailed check,50.62,1592.99,No
C06310,Male,34.0,0,No,No,15,Yes,Yes,Fiber optic,No,No,Yes,Yes,Yes,No,Month-to-month,Yes,Electronic check,77.01,1281.39,Yes
C01261,Male,47.0,0,Yes,No,29,Yes,Yes,No,No internet service,No internet service,No internet service,No internet service,No internet service,No internet service,Month-to-month,Yes,Mailed check,33.19,969.14,No
C05664,Male,27.0,0,Yes,No,56,Yes,No,Fiber optic,No,Yes,No,No,No,Yes,One year,Yes,Credit card,60.09,3493.86,No
C04188,Male,80.0,1,Yes,No,7,No,No phone service,DSL,Yes,Yes,No,Yes,Yes,Yes,One year,No,Mailed check,60.48,508.85,No
C04168,Male,47.0,0,Yes,No,40,No,No phone service,DSL,No,Yes,Yes,No,No,Yes,Two year,No,Electronic check,42.23,1705.56,No
C03713,Female,39.0,0,Yes,No,7,Yes,No,Fiber optic,No,Yes,Yes,No,No,Yes,Month-to-month,Yes,Bank transfer,67.61,546.66,No
C06069,Female,36.0,0,No,No,42,Yes,No,No,No internet service,No internet service,No internet service,No internet service,No internet service,No internet service,One year,Yes,Electronic check,30.72,1455.72,No
C05102,Male,51.0,0,No,No,27,Yes,Yes,DSL,No,No,No,No,No,No,Month-to-month,Yes,Bank transfer,51.39,1354.22,No
C01679,Male,33.0,0,Yes,Yes,14,Yes,No,DSL,No,No,No,No,No,Yes,Month-to-month,Yes,Mailed check,52.69,745.34,Yes
C05525,Female,33.0,0,No,No,55,Yes,No,DSL,No,Yes,No,No,No,Yes,One year,Yes,Electronic check,36.9,2144.86,No
C04969,Male,40.0,0,Yes,No,10,Yes,Yes,Fiber optic,No,Yes,No,No,No,No,Month-to-month,Yes,Electronic check,66.21,665.66,Yes
C00448,Male,46.0,0,No,No,50,Yes,Yes,No,No internet service,No internet service,No internet service,No internet service,No internet service,No internet service,Month-to-month,Yes,Bank transfer,38.57,1622.64,No
C04815,Male,73.0,1,Yes,No,51,Yes,Yes,DSL,No,No,Yes,Yes,Yes,No,Month-to-month,No,Bank transfer,59.83,3087.03,No
C05920,Female,25.0,0,No,No,33,Yes,Yes,Fiber optic,No,No,Yes,Yes,No,Yes,Month-to-month,No,Electronic check,76.24,2710.91,Yes
C00852,Male,49.0,0,No,Yes,22,Yes,Yes,No,No internet service,No internet service,No internet service,No internet service,No internet service,No internet service,One year,Yes,Credit card,21.08,548.34,No
C00465,Male,50.0,0,Yes,No,25,Yes,No,DSL,Yes,Yes,No,No,No,No,Month-to-month,No,Electronic check,54.61,1475.43,No
C02461,Male,18.0,0,No,No,4,Yes,Yes,Fiber optic,No,Yes,No,No,Yes,No,Month-to-month,Yes,Electronic check,72.23,343.9,Yes
C04065,Female,44.0,0,No,No,18,Yes,No,Fiber optic,No,No,No,Yes,No,No,Month-to-month,Yes,Bank transfer,51.5,1024.77,Yes
C05250,Male,39.0,0,Yes,No,0,Yes,No,DSL,Yes,No,Yes,No,No,Yes,Month-to-month,No,Electronic check,52.85,65.6,No
C01431,Female,56.0,0,Yes,No,21,Yes,No,DSL,Yes,No,No,Yes,No,Yes,Month-to-month,No,Credit card,60.03,1466.87,No
C02891,Female,36.0,0,No,No,18,Yes,No,Fiber optic,No,No,No,No,No,Yes,Month-to-month,Yes,Electronic check,71.42,1224.68,Yes
C06525,Female,28.0,0,No,Yes,72,Yes,No,Fiber optic,Yes,Yes,No,No,Yes,Yes,Two year,Yes,Electronic check,93.82,6962.09,No
C00791,Male,41.0,0,No,No,33,Yes,Yes,Fiber optic,No,Yes,No,Yes,Yes,Yes,Two year,Yes,Bank transfer,93.05,3227.81,No
C03658,Male,40.0,0,Yes,Yes,0,Yes,No,DSL,No,Yes,No,No,Yes,No,Month-to-month,Yes,Mailed check,53.86,111.49,Yes
C04228,Male,73.0,1,Yes,Yes,4,Yes,Yes,Fiber optic,No,No,Yes,No,No,Yes,Month-to-month,No,Credit card,78.0,316.69,Yes
C05070,Female,35.0,0,No,No,26,No,No phone service,Fiber optic,No,Yes,No,No,No,Yes,Month-to-month,No,Mailed check,61.99,1583.76,No
C00686,Male,31.0,0,No,No,36,Yes,No,DSL,No,No,No,No,Yes,No,Month-to-month,No,Bank transfer,42.63,1635.46,No
C01600,Male,55.0,0,No,No,10,Yes,Yes,DSL,No,No,No,Yes,Yes,No,Two year,No,Electronic check,58.21,587.34,No
C03678,Female,31.0,0,Yes,No,7,Yes,No,DSL,Yes,Yes,No,No,No,No,Month-to-month,Yes,Electronic check,53.69,463.14,No
C06331,Female,52.0,0,Yes,Yes,18,Yes,Yes,No,No internet service,No internet service,No internet service,No internet service,No internet service,No internet service,Month-to-month,No,Electronic check,25.33,580.79,Yes
C02387,Male,59.0,0,Yes,No,35,Yes,No,DSL,No,Yes,Yes,Yes,Yes,Yes,Month-to-month,Yes,Mailed check,69.74,2422.2,No
C00483,Male,50.0,0,Yes,Yes,0,Yes,Yes,DSL,Yes,No,Yes,No,No,Yes,Month-to-month,Yes,Credit card,66.51,23.43,No
C01793,Male,51.0,0,No,No,57,Yes,Yes,Fiber optic,Yes,No,No,Yes,No,No,One year,No,Mailed check,82.05,4686.09,No
C01022,Female,44.0,0,No,Yes,27,Yes,Yes,No,No internet service,No internet service,No internet service,No internet service,No internet service,No internet service,Month-to-month,No,Mailed check,33.19,1019.94,No
C06349,Female,53.0,0,Yes,No,58,No,No phone service,No,No internet service,No internet service,No internet service,No internet service,No internet service,No internet service,Month-to-month,Yes,Credit card,18.79,1163.14,No
C02499,Female,59.0,0,Yes,Yes,57,Yes,Yes,Fiber optic,Yes,Yes,No,No,Yes,Yes,Two year,Yes,Electronic check,86.22,3181.38,No
C03119,Female,60.0,0,Yes,Yes,13,Yes,Yes,DSL,No,No,Yes,No,Yes,Yes,One year,No,Mailed check,72.15,1037.88,Yes
C07050,Male,53.0,0,Yes,No,26,Yes,No,Fiber optic,No,Yes,Yes,Yes,Yes,Yes,Month-to-month,Yes,Credit card,79.32,2053.15,No
C00211,Male,65.0,0,No,Yes,37,No,No phone service,Fiber optic,Yes,Yes,No,No,No,No,Two year,Yes,Credit card,65.37,2321.0,No
C01876,Male,34.0,0,Yes,No,31,Yes,No,Fiber optic,No,No,Yes,Yes,Yes,No,One year,Yes,Electronic check,71.0,2270.26,Yes
C03635,Male,38.0,0,No,No,7,Yes,Yes,Fiber optic,Yes,No,No,Yes,Yes,No,Month-to-month,No,Credit card,80.68,648.98,Yes
C01271,Female,41.0,0,No,No,0,No,No phone service,Fiber optic,Yes,Yes,No,No,No,Yes,Month-to-month,Yes,Mailed check,63.49,88.21,Yes
C05097,Female,57.0,0,Yes,No,27,Yes,No,Fiber optic,No,No,No,Yes,No,Yes,Month-to-month,Yes,Electronic check,72.01,1987.91,Yes
C04033,Male,43.0,0,No,No,21,Yes,Yes,Fiber optic,No,Yes,Yes,No,No,Yes,Month-to-month,No,Electronic check,74.73,1503.77,Yes
C06809,Male,41.0,0,Yes,Yes,35,Yes,No,Fiber optic,Yes,No,No,Yes,No,Yes,Month-to-month,No,Credit card,78.05,2441.1,No
C02109,Male,57.0,0,Yes,No,42,Yes,No,DSL,Yes,No,No,Yes,No,No,Month-to-month,Yes,Bank transfer,56.6,2046.07,No
C04662,Female,39.0,0,No,No,51,Yes,No,DSL,Yes,No,No,No,Yes,No,Month-to-month,Yes,Credit card,54.23,2670.6,No
C02860,Male,67.0,1,No,No,11,Yes,No,Fiber optic,Yes,Yes,No,Yes,No,No,Month-to-month,Yes,Electronic check,69.5,1062.31,Yes
C01919,Female,18.0,0,No,No,33,No,No phone service,Fiber optic,No,No,No,No,No,No,Month-to-month,No,Credit card,39.73,1147.51,Yes
C01092,Female,47.0,0,No,Yes,52,Yes,No,DSL,No,No,No,No,No,No,One year,Yes,Credit card,33.59,1809.78,No
C00253,Female,23.0,0,No,No,24,Yes,Yes,No,No internet service,No internet service,No internet service,No internet service,No internet service,No internet service,Month-to-month,No,Bank transfer,28.02,805.04,No
C01861,Female,60.0,0,Yes,Yes,31,Yes,No,DSL,Yes,Yes,No,No,No,No,One year,Yes,Credit card,50.91,1540.8,No
C01641,Female,31.0,0,Yes,No,40,No,No phone service,No,No internet service,No internet service,No internet service,No internet service,No internet service,No internet service,One year,Yes,Bank transfer,25.51,1140.08,No
C02383,Female,52.0,0,No,No,55,Yes,No,Fiber optic,No,Yes,No,No,Yes,Yes,Two year,No,Electronic check,67.43,3797.91,No
C02314,Female,50.0,0,No,No,38,No,No phone service,Fiber optic,Yes,No,No,No,No,No,Two year,Yes,Credit card,53.5,2066.44,No
C00135,Female,47.0,0,No,No,26,Yes,Yes,Fiber optic,Yes,Yes,Yes,Yes,No,Yes,Month-to-month,No,Bank transfer,69.32499999999999,2715.26,Yes
C04632,Male,52.0,0,Yes,Yes,18,Yes,No,Fiber optic,No,No,Yes,No,No,Yes,One year,Yes,Credit card,72.37,1280.39,Yes
C02321,Female,68.0,1,Yes,No,40,Yes,Yes,DSL,Yes,Yes,No,Yes,Yes,Yes,Month-to-month,Yes,Electronic check,83.07,3195.21,No
C02574,Male,18.0,0,No,No,52,Yes,Yes,Fiber optic,No,Yes,Yes,No,Yes,Yes,Two year,Yes,Mailed check,88.42,4434.57,No
C05791,Male,60.0,0,Yes,Yes,44,Yes,No,DSL,No,No,No,No,No,No,Month-to-month,No,Electronic check,27.44,1318.69,No
C00347,Female,68.0,1,Yes,No,0,Yes,Yes,Fiber optic,No,No,No,Yes,Yes,Yes,Month-to-month,No,Electronic check,76.73,6.03,Yes
C00061,Male,46.0,0,Yes,No,33,Yes,No,No,No internet service,No internet service,No internet service,No internet service,No internet service,No internet service,One year,Yes,Electronic check,33.12,1302.48,No
C07162,Male,53.0,0,Yes,No,58,Yes,No,Fiber optic,No,No,No,No,Yes,No,Two year,No,Electronic check,55.49,3110.09,No
C04135,Female,18.0,0,No,No,14,No,No phone service,No,No internet service,No internet service,No internet service,No internet service,No internet service,No internet service,One year,Yes,Electronic check,18.0,328.75,No
C05483,Male,43.0,0,Yes,Yes,23,Yes,No,DSL,No,Yes,Yes,Yes,Yes,No,Month-to-month,No,Mailed check,57.84,1412.3,No
C02728,Male,58.0,0,Yes,No,33,Yes,No,DSL,Yes,No,No,No,No,Yes,Month-to-month,Yes,Electronic check,47.4,1802.93,No
C00136,Female,51.0,0,No,Yes,5,Yes,No,No,No internet service,No internet service,No internet service,No internet service,No internet service,No internet service,Month-to-month,Yes,Mailed check,29.42,156.76,No
C03962,Male,53.0,0,No,No,33,Yes,Yes,DSL,Yes,No,No,Yes,No,Yes,Month-to-month,Yes,Mailed check,61.66,1873.22,No
C01489,Male,49.0,0,No,Yes,57,Yes,Yes,Fiber optic,No,No,No,No,No,No,Two year,Yes,Bank transfer,53.52,3181.38,No
C00750,Female,32.0,0,No,No,37,Yes,No,Fiber optic,No,Yes,Yes,No,No,Yes,One year,No,Electronic check,74.11,3175.16,Yes
C01036,Female,18.0,0,No,No,14,Yes,Yes,Fiber optic,No,Yes,No,No,No,Yes,Month-to-month,Yes,Credit card,78.69,1129.2,No
C06829,Female,18.0,0,No,No,10,Yes,Yes,Fiber optic,Yes,No,No,No,Yes,No,Two year,No,Credit card,64.63,721.95,No
C01426,Male,61.0,0,Yes,No,40,Yes,No,Fiber optic,No,No,Yes,No,Yes,Yes,One year,Yes,Credit card,71.5,3190.94,No
C03631,Male,52.0,0,No,No,0,Yes,Yes,No,No internet service,No internet service,No internet service,No internet service,No internet service,No internet service,Month-to-month,Yes,Credit card,27.62,61.33,No
C05611,Male,32.0,0,No,No,16,Yes,Yes,Fiber optic,No,Yes,No,Yes,Yes,No,Month-to-month,Yes,Bank transfer,79.37,1309.11,No
C06027,Female,36.0,0,Yes,No,28,No,No phone service,Fiber optic,No,No,No,No,Yes,No,Two year,Yes,Credit card,53.37,1482.11,No
C03060,Male,44.0,0,No,No,49,Yes,No,DSL,No,Yes,Yes,No,No,No,Two year,No,Mailed check,44.17,2462.69,No
C02427,Female,57.0,0,No,No,10,Yes,Yes,DSL,No,No,No,No,No,No,Month-to-month,Yes,Electronic check,36.25,386.69,Yes
C00787,Female,49.0,0,Yes,Yes,31,Yes,No,DSL,No,No,No,No,No,No,Month-to-month,No,Electronic check,34.91,1270.05,No
C03582,Male,50.0,0,Yes,Yes,24,Yes,Yes,Fiber optic,No,No,No,No,No,Yes,Two year,No,Bank transfer,60.12,1476.98,No
C00158,Male,33.0,0,No,No,48,Yes,No,DSL,No,Yes,No,Yes,Yes,No,One year,Yes,Electronic check,66.46,3184.65,No
C02266,Female,52.0,0,No,No,52,No,No phone service,DSL,No,Yes,No,No,Yes,No,Month-to-month,No,Mailed check,47.67,2539.14,No
C05921,Male,33.0,0,Yes,No,17,Yes,No,Fiber optic,No,No,Yes,No,No,Yes,Month-to-month,Yes,Credit card,65.23,1170.52,Yes
C03412,Female,65.0,0,No,No,64,Yes,No,DSL,No,No,No,No,No,Yes,Two year,Yes,Mailed check,42.61,2913.31,No
C02332,Male,61.0,0,Yes,No,36,Yes,No,Fiber optic,Yes,Yes,No,Yes,No,No,One year,Yes,Electronic check,76.16,2669.62,No
C02571,Male,73.0,1,Yes,Yes,0,Yes,Yes,Fiber optic,Yes,No,No,No,No,Yes,Month-to-month,Yes,Electronic check,78.48,8.95,Yes
C04370,Female,39.0,0,Yes,Yes,16,No,No phone service,Fiber optic,Yes,No,Yes,No,No,No,Month-to-month,No,Bank transfer,58.49,915.39,No
C05472,Male,19.0,0,No,No,20,No,No phone service,Fiber optic,No,Yes,No,Yes,Yes,No,Month-to-month,Yes,Bank transfer,79.48,1654.91,Yes
C04694,Female,18.0,0,No,No,35,Yes,Yes,DSL,Yes,Yes,No,No,No,Yes,Month-to-month,No,Credit card,59.46,2416.53,No
C05170,Male,48.0,0,Yes,No,23,Yes,No,DSL,Yes,Yes,Yes,Yes,Yes,Yes,Two year,Yes,Bank transfer,75.37,2149.44,Yes
C02969,Female,78.0,1,Yes,Yes,39,Yes,Yes,DSL,Yes,No,Yes,No,Yes,No,One year,Yes,Bank transfer,68.09,2897.67,No
C05034,Female,49.0,0,Yes,No,36,Yes,No,DSL,No,No,Yes,No,No,No,One year,No,Electronic check,47.98,1933.44,No
C02662,Female,45.0,0,Yes,No,48,Yes,Yes,DSL,No,Yes,No,Yes,Yes,No,Month-to-month,No,Electronic check,59.58,2776.54,Yes
C01796,Female,68.0,1,No,No,41,Yes,No,Fiber optic,No,No,Yes,Yes,Yes,No,Two year,No,Credit card,58.32,2035.77,No
C07171,Female,54.0,0,No,No,13,Yes,No,DSL,Yes,No,Yes,Yes,No,No,Month-to-month,Yes,Credit card,55.39,853.73,No
C02303,Male,41.0,0,No,No,4,Yes,No,Fiber optic,No,No,Yes,No,Yes,Yes,Month-to-month,Yes,Electronic check,72.26,336.67,Yes
C07105,Male,42.0,0,No,Yes,29,Yes,No,DSL,Yes,No,Yes,No,Yes,Yes,Two year,Yes,Electronic check,66.33,1859.01,No
C01491,Male,68.0,1,No,No,11,Yes,No,Fiber optic,No,No,No,No,No,Yes,Month-to-month,No,Mailed check,46.73,653.2,Yes
C00648,Male,36.0,0,No,No,72,Yes,No,DSL,Yes,Yes,No,Yes,No,Yes,Month-to-month,Yes,Bank transfer,72.88,5669.35,No
C03895,Female,56.0,0,Yes,Yes,17,Yes,No,Fiber optic,No,No,Yes,No,No,Yes,Month-to-month,No,Electronic check,66.3,976.32,No
C05450,Female,46.0,0,No,No,48,Yes,No,DSL,No,No,Yes,No,No,Yes,Month-to-month,No,Credit card,46.36,2231.47,No
C01803,Male,18.0,0,No,No,34,Yes,No,Fiber optic,Yes,Yes,Yes,No,Yes,No,One year,Yes,Bank transfer,79.28,3187.89,No
C00231,Female,62.0,0,No,No,0,Yes,No,Fiber optic,Yes,No,No,No,No,Yes,Month-to-month,No,Electronic check,63.68,124.47,No
C02297,Male,49.0,0,No,No,67,No,No phone service,Fiber optic,No,No,Yes,No,No,No,Month-to-month,Yes,Electronic check,50.47,3380.82,No
C02967,Female,25.0,0,Yes,No,31,No,No phone service,No,No internet service,No internet service,No internet service,No internet service,No internet service,No internet service,Month-to-month,Yes,Mailed check,24.37,941.13,No
C06464,Male,40.0,0,No,No,24,Yes,Yes,Fiber optic,No,No,No,No,No,No,Month-to-month,Yes,Bank transfer,56.46,1579.01,No
C06059,Male,57.0,0,Yes,No,4,Yes,No,Fiber optic,No,No,No,No,Yes,Yes,One year,Yes,Credit card,80.11,541.95,Yes
C01727,Female,32.0,0,No,No,1,Yes,Yes,No,No internet service,No internet service,No internet service,No internet service,No internet service,No internet service,Month-to-month,No,Electronic check,34.74,153.13,No
C06293,Female,39.0,0,No,No,15,Yes,No,Fiber optic,Yes,No,No,No,No,Yes,Month-to-month,Yes,Credit card,61.89,934.66,Yes
C05202,Male,27.0,0,Yes,No,59,Yes,No,Fiber optic,No,No,No,No,No,Yes,Month-to-month,Yes,Credit card,61.39,3717.04,No
C06651,Male,29.0,0,No,No,20,Yes,No,No,No internet service,No internet service,No internet service,No internet service,No internet service,No internet service,Two year,No,Mailed check,18.79,507.81,No
C04133,Male,51.0,0,No,No,41,Yes,Yes,Fiber optic,No,No,No,No,Yes,Yes,One year,No,Electronic check,72.67,2882.64,No
C01740,Female,33.0,0,No,No,50,Yes,No,DSL,No,Yes,No,Yes,No,No,One year,No,Bank transfer,44.47,2415.93,No
C02213,Female,42.0,0,Yes,No,3,Yes,Yes,DSL,No,Yes,No,No,No,No,Month-to-month,No,Credit card,58.81,279.69,No
C01529,Male,29.0,0,Yes,Yes,16,Yes,No,Fiber optic,No,No,No,Yes,No,Yes,Month-to-month,No,Mailed check,61.22,916.52,Yes
C05836,Male,20.0,0,No,No,12,Yes,Yes,Fiber optic,No,No,Yes,No,Yes,Yes,Month-to-month,Yes,Credit card,82.36,950.9,Yes
C01514,Female,37.0,0,Yes,No,68,Yes,No,Fiber optic,No,Yes,Yes,No,No,Yes,Two year,Yes,Bank transfer,76.07,4929.84,Yes
C00002,Male,50.0,0,No,No,46,Yes,No,DSL,Yes,No,Yes,No,Yes,Yes,Month-to-month,Yes,Mailed check,66.62,3302.53,No
C06168,Female,52.0,0,Yes,No,33,Yes,Yes,DSL,No,Yes,No,Yes,Yes,Yes,Month-to-month,No,Electronic check,64.51,2194.61,Yes
C05841,Female,49.0,0,Yes,Yes,38,Yes,No,Fiber optic,No,No,Yes,Yes,Yes,No,Month-to-month,Yes,Mailed check,71.24,2751.9,No
C04503,Female,51.0,0,No,No,4,Yes,No,No,No internet service,No internet service,No internet service,No internet service,No internet service,No internet service,Month-to-month,No,Bank transfer,18.0,179.46,No
C06749,Female,36.0,0,No,No,32,Yes,Yes,No,No internet service,No internet service,No internet service,No internet service,No internet service,No internet service,Month-to-month,Yes,Electronic check,33.39,1160.24,Yes
C03513,Male,44.0,0,No,Yes,19,Yes,Yes,Fiber optic,No,No,No,Yes,No,No,Month-to-month,Yes,Bank transfer,66.12,1234.98,No
C00305,Female,42.0,0,Yes,No,18,Yes,Yes,Fiber optic,No,No,No,No,No,Yes,Month-to-month,Yes,Electronic check,68.59,1420.92,No
C01131,Male,46.0,0,No,No,0,Yes,No,DSL,Yes,Yes,No,No,Yes,Yes,Month-to-month,Yes,Credit card,64.43,31.17,No
C03466,Male,48.0,0,No,No,20,Yes,Yes,Fiber optic,Yes,Yes,Yes,No,No,No,Month-to-month,No,Mailed check,67.21,1437.42,No
C05630,Female,24.0,0,No,No,34,Yes,Yes,Fiber optic,No,No,Yes,Yes,No,Yes,Month-to-month,Yes,Bank transfer,76.06,2695.45,No
C01306,Female,48.0,0,No,No,52,Yes,No,Fiber optic,No,Yes,No,No,No,Yes,Two year,Yes,Credit card,69.01,3496.1,No
C04614,Female,46.0,0,Yes,No,29,Yes,No,No,No internet service,No internet service,No internet service,No internet service,No internet service,No internet service,Month-to-month,No,Electronic check,23.94,782.95,No
C05356,Female,19.0,0,Yes,No,29,Yes,Yes,Fiber optic,No,No,Yes,Yes,No,Yes,Month-to-month,No,Electronic check,75.9,2581.17,No
C02600,Female,50.0,0,Yes,No,71,Yes,No,Fiber optic,No,No,Yes,No,No,Yes,Month-to-month,No,Mailed check,73.28,4607.45,No
C01007,Male,35.0,0,No,No,72,Yes,No,No,No internet service,No internet service,No internet service,No internet service,No internet service,No internet service,Two year,Yes,Bank transfer,30.71,1898.44,No
C05074,Male,55.0,0,Yes,Yes,11,Yes,No,DSL,Yes,No,Yes,Yes,Yes,No,Month-to-month,No,Bank transfer,67.26,788.21,Yes
C01556,Female,26.0,0,Yes,No,8,Yes,Yes,No,No internet service,No internet service,No internet service,No internet service,No internet service,No internet service,Month-to-month,No,Bank transfer,25.71,216.67,No
C07049,Male,52.0,0,Yes,Yes,40,Yes,No,Fiber optic,Yes,Yes,Yes,No,Yes,No,Month-to-month,No,Credit card,73.46,3101.58,Yes
C06316,Male,44.0,0,No,No,36,Yes,Yes,Fiber optic,No,Yes,No,No,Yes,No,Two year,No,Electronic check,62.43,2240.42,No
C01367,Male,42.0,0,No,No,22,Yes,Yes,Fiber optic,No,No,No,No,Yes,No,Month-to-month,No,Electronic check,57.97,1392.57,Yes
C03291,Male,43.0,0,No,Yes,52,Yes,No,Fiber optic,Yes,Yes,No,Yes,Yes,No,One year,Yes,Electronic check,87.73,4399.21,No
C00630,Male,30.0,0,Yes,No,18,Yes,No,No,No internet service,No internet service,No internet service,No internet service,No internet service,No internet service,One year,Yes,Bank transfer,27.58,667.76,No
C00902,Female,34.0,0,No,No,68,Yes,Yes,DSL,No,No,No,Yes,No,No,One year,Yes,Credit card,58.33,3897.59,No
C01362,Female,35.0,0,Yes,Yes,25,Yes,Yes,Fiber optic,No,Yes,No,No,No,No,Month-to-month,Yes,Electronic check,67.06,1868.85,Yes
C06925,Male,39.0,0,Yes,No,64,Yes,Yes,Fiber optic,No,No,No,Yes,No,No,Two year,Yes,Credit card,66.85,3928.48,No
C04415,Male,19.0,0,No,No,4,No,No phone service,No,No internet service,No internet service,No internet service,No internet service,No internet service,No internet service,Month-to-month,No,Electronic check,18.0,137.13,No
C04127,Male,39.0,0,No,No,43,Yes,Yes,Fiber optic,No,Yes,Yes,No,No,Yes,Two year,No,Bank transfer,80.24,4099.73,No
C01088,Male,37.0,0,No,No,0,Yes,No,DSL,Yes,No,No,No,Yes,Yes,Month-to-month,Yes,Bank transfer,57.27,114.83,Yes
C04914,Female,20.0,0,No,No,32,Yes,Yes,Fiber optic,No,Yes,No,No,Yes,No,One year,Yes,Bank transfer,77.04,2765.57,No
C03527,Male,39.0,0,Yes,No,33,Yes,No,Fiber optic,No,No,Yes,Yes,No,Yes,Month-to-month,No,Credit card,68.84,2367.5,No
C07072,Male,56.0,0,No,No,48,Yes,No,Fiber optic,No,Yes,No,No,No,No,Two year,Yes,Credit card,66.94,2761.18,No
C03416,Female,49.0,0,Yes,No,36,Yes,Yes,No,No internet service,No internet service,No internet service,No internet service,No internet service,No internet service,Two year,Yes,Electronic check,30.64,1302.47,No
C01525,Male,46.0,0,Yes,No,0,Yes,Yes,DSL,Yes,No,Yes,No,No,No,Month-to-month,Yes,Electronic check,59.23,98.27,Yes
C01982,Male,54.0,0,Yes,No,9,Yes,Yes,DSL,No,No,No,No,Yes,Yes,Month-to-month,Yes,Mailed check,58.6,652.32,No
C05259,Female,40.0,0,No,No,41,Yes,Yes,Fiber optic,Yes,No,Yes,No,No,Yes,Month-to-month,No,Bank transfer,72.88,2873.32,No
C01287,Male,62.0,0,Yes,No,19,Yes,No,Fiber optic,No,No,Yes,Yes,No,No,Month-to-month,No,Bank transfer,61.79,1319.83,No
C06888,Male,41.0,0,No,No,72,Yes,No,Fiber optic,Yes,Yes,No,No,Yes,No,Two year,Yes,Mailed check,67.17,4909.03,No
C04313,Male,36.0,0,No,No,30,Yes,Yes,DSL,No,No,Yes,Yes,Yes,No,Month-to-month,Yes,Credit card,66.21,2151.69,No
C02693,Male,34.0,0,No,No,15,Yes,Yes,DSL,Yes,Yes,No,Yes,No,Yes,Month-to-month,No,Credit card,68.23,913.14,No
C05730,Female,48.0,0,No,No,66,Yes,No,DSL,Yes,Yes,Yes,No,Yes,No,Two year,Yes,Electronic check,63.06,4585.73,No
C03749,Female,54.0,0,Yes,Yes,48,Yes,No,Fiber optic,Yes,No,Yes,No,Yes,Yes,Two year,No,Bank transfer,70.45,3236.51,No
C06240,Female,51.0,0,No,Yes,38,Yes,Yes,Fiber optic,No,No,No,No,Yes,No,Month-to-month,Yes,Mailed check,77.74,3301.34,No
C00818,Female,32.0,0,Yes,No,36,Yes,Yes,DSL,No,No,Yes,No,Yes,Yes,Month-to-month,Yes,Electronic check,74.54,2624.97,Yes
C00617,Female,27.0,0,Yes,No,24,Yes,Yes,DSL,No,No,No,No,No,Yes,Month-to-month,Yes,Credit card,51.74,1336.77,No
C05941,Male,44.0,0,No,No,22,Yes,Yes,Fiber optic,No,No,No,No,No,No,Month-to-month,Yes,Mailed check,55.93,1331.15,Yes
C04463,Male,40.0,0,No,No,48,Yes,No,No,No internet service,No internet service,No internet service,No internet service,No internet service,No internet service,Two year,Yes,Bank transfer,18.34,1044.58,No
C05475,Male,57.0,0,Yes,Yes,37,Yes,No,Fiber optic,No,No,No,No,Yes,No,One year,Yes,Mailed check,54.64,2112.61,No
C00073,Female,42.0,0,No,No,0,Yes,No,DSL,No,Yes,Yes,Yes,No,No,Month-to-month,No,Electronic check,52.34,117.06,Yes
C01218,Male,68.0,1,No,Yes,22,Yes,No,Fiber optic,No,No,Yes,No,No,No,Month-to-month,No,Electronic check,60.39,1396.41,Yes
C01372,Male,26.0,0,No,No,39,No,No phone service,Fiber optic,No,No,No,Yes,No,Yes,Month-to-month,No,Electronic check,60.33,2716.54,Yes
C06495,Male,44.0,0,No,Yes,0,Yes,No,Fiber optic,No,No,Yes,No,Yes,No,Month-to-month,Yes,Bank transfer,69.28,49.01,Yes
C01856,Male,42.0,0,No,Yes,43,Yes,No,DSL,No,No,No,Yes,No,Yes,One year,Yes,Credit card,52.82,2587.68,No
C04519,Male,57.0,0,No,Yes,30,Yes,No,DSL,Yes,No,Yes,No,Yes,No,Month-to-month,Yes,Electronic check,55.16,1725.81,No
C03225,Female,33.0,0,No,Yes,29,Yes,Yes,DSL,Yes,Yes,No,No,Yes,Yes,One year,Yes,Credit card,69.79,1984.48,No
C02511,Male,44.0,0,Yes,No,54,Yes,Yes,No,No internet service,No internet service,No internet service,No internet service,No internet service,No internet service,Month-to-month,No,Bank transfer,28.98,1584.47,No
C04225,Female,75.0,1,No,No,39,Yes,No,DSL,Yes,No,Yes,Yes,Yes,No,One year,Yes,Mailed check,69.9,2975.16,No
C03304,Male,49.0,0,No,No,0,Yes,Yes,No,No internet service,No internet service,No internet service,No internet service,No internet service,No internet service,Month-to-month,No,Electronic check,29.82,66.2,No
C01881,Male,22.0,0,No,No,5,Yes,Yes,Fiber optic,No,No,No,No,No,Yes,Month-to-month,Yes,Electronic check,77.23,526.94,Yes
C06047,Male,59.0,0,Yes,No,18,Yes,No,Fiber optic,No,No,No,No,Yes,Yes,One year,Yes,Credit card,62.56,1283.69,No
C04967,Male,50.0,0,Yes,No,19,Yes,Yes,Fiber optic,No,No,No,No,Yes,Yes,Month-to-month,No,Electronic check,75.2,1544.37,Yes
C06161,Male,18.0,0,No,No,6,Yes,Yes,Fiber optic,No,No,No,Yes,No,No,Month-to-month,Yes,Electronic check,66.16,407.22,No
C05477,Male,35.0,0,Yes,No,49,Yes,No,Fiber optic,No,No,No,No,No,No,One year,No,Electronic check,47.26,2242.63,No
C02285,Male,52.0,0,No,No,42,Yes,No,Fiber optic,Yes,Yes,Yes,No,Yes,Yes,Month-to-month,No,Electronic check,83.87,3429.64,Yes
C00960,Female,28.0,0,No,No,11,Yes,Yes,DSL,No,Yes,No,No,Yes,No,Month-to-month,Yes,Mailed check,67.26,806.3,Yes
C07062,Female,44.0,0,No,Yes,17,Yes,Yes,Fiber optic,No,Yes,Yes,No,No,Yes,Month-to-month,Yes,Electronic check,82.07,1321.11,Yes
C00836,Female,21.0,0,No,No,17,Yes,Yes,Fiber optic,No,Yes,No,Yes,No,Yes,Two year,Yes,Mailed check,80.38,1511.89,No
C02206,Male,49.0,0,No,Yes,18,Yes,Yes,Fiber optic,No,No,No,No,No,Yes,Month-to-month,Yes,Credit card,71.08,1264.16,Yes
C04872,Male,43.0,0,Yes,No,29,Yes,No,No,No internet service,No internet service,No internet service,No internet service,No internet service,No internet service,Month-to-month,No,Bank transfer,19.33,691.37,No
C05266,Male,68.0,1,Yes,Yes,2,Yes,No,No,No internet service,No internet service,No internet service,No internet service,No internet service,No internet service,Month-to-month,No,Electronic check,18.0,116.25,No
C01968,Male,44.0,0,No,No,7,Yes,No,No,No internet service,No internet service,No internet service,No internet service,No internet service,No internet service,Month-to-month,No,Electronic check,23.05,167.29,Yes
C00856,Male,70.0,1,Yes,No,31,Yes,No,Fiber optic,No,No,No,Yes,Yes,Yes,Month-to-month,No,Electronic check,85.28,2658.51,No
C03873,Male,30.0,0,No,No,22,Yes,No,DSL,No,No,Yes,Yes,Yes,No,Month-to-month,No,Bank transfer,62.86,1504.14,No
C06306,Male,39.0,0,No,No,43,Yes,No,DSL,Yes,No,No,No,No,No,Two year,No,Mailed check,39.11,2019.79,No
C03970,Female,18.0,0,No,No,23,Yes,No,No,No internet service,No internet service,No internet service,No internet service,No internet service,No internet service,Month-to-month,No,Electronic check,30.51,885.57,Yes
C00185,Female,47.0,0,No,No,35,Yes,Yes,Fiber optic,Yes,No,No,Yes,No,No,One year,No,Electronic check,63.43,2267.15,No
C03872,Male,51.0,0,Yes,No,23,Yes,Yes,DSL,Yes,Yes,Yes,No,Yes,No,Two year,No,Electronic check,57.28,1259.16,Yes
C00591,Male,25.0,0,No,Yes,72,Yes,Yes,Fiber optic,No,No,Yes,No,No,No,One year,Yes,Bank transfer,69.74,5155.78,No
C03401,Female,54.0,0,No,No,14,Yes,Yes,DSL,No,Yes,No,No,No,Yes,Month-to-month,No,Bank transfer,62.5,1023.38,Yes
C03927,Male,18.0,0,No,No,0,Yes,No,Fiber optic,No,No,Yes,No,No,Yes,Month-to-month,No,Bank transfer,71.57,152.46,Yes
C02428,Male,40.0,0,Yes,Yes,30,No,No phone service,Fiber optic,Yes,Yes,No,No,Yes,No,One year,Yes,Credit card,69.06,2210.51,No
C06166,Male,62.0,0,No,Yes,34,Yes,Yes,Fiber optic,Yes,Yes,Yes,No,Yes,No,One year,Yes,Credit card,88.6,2981.6,Yes
C03320,Male,37.0,0,No,No,19,Yes,Yes,No,No internet service,No internet service,No internet service,No internet service,No internet service,No internet service,Month-to-month,No,Mailed check,18.51,396.72,No
C01941,Female,50.0,0,No,Yes,23,Yes,Yes,Fiber optic,No,No,Yes,Yes,Yes,No,Two year,Yes,Credit card,80.86,1898.99,No
C04743,Female,63.0,0,No,No,20,No,No phone service,Fiber optic,No,Yes,Yes,No,Yes,Yes,Month-to-month,No,Mailed check,66.69,1279.16,No
C00376,Male,34.0,0,No,No,0,Yes,No,No,No internet service,No internet service,No internet service,No internet service,No internet service,No internet service,Month-to-month,No,Credit card,25.1,56.41,No
C06134,Male,40.0,0,Yes,Yes,24,Yes,No,Fiber optic,Yes,Yes,Yes,No,Yes,Yes,Two year,No,Credit card,95.45,2528.11,No
C02920,Female,23.0,0,Yes,No,0,Yes,Yes,DSL,No,No,Yes,Yes,No,No,Month-to-month,Yes,Bank transfer,56.69,93.66,No
C05218,Male,48.0,0,No,Yes,5,Yes,Yes,Fiber optic,Yes,Yes,No,Yes,No,No,Two year,No,Electronic check,76.14,546.43,Yes
C01570,Male,33.0,0,No,No,15,Yes,No,Fiber optic,No,No,No,Yes,No,No,Month-to-month,Yes,Mailed check,62.08,960.76,Yes
C01684,Female,62.0,0,Yes,No,44,Yes,No,DSL,Yes,No,No,No,Yes,Yes,Month-to-month,No,Credit card,64.21,3004.61,Yes
C02845,Female,44.0,0,No,No,29,Yes,No,Fiber optic,No,Yes,No,No,No,No,One year,Yes,Electronic check,56.16,1649.56,No
C01237,Female,48.0,0,No,No,0,Yes,Yes,No,No internet service,No internet service,No internet service,No internet service,No internet service,No internet service,Month-to-month,No,Electronic check,20.12,96.01,No
C04689,Male,61.0,0,Yes,No,32,Yes,No,Fiber optic,Yes,No,No,No,No,Yes,One year,No,Mailed check,59.55,1809.41,No
C01650,Male,33.0,0,No,No,36,Yes,No,Fiber optic,No,No,No,No,Yes,No,Month-to-month,No,Electronic check,60.08,2243.4,No
C04966,Female,18.0,0,Yes,No,64,Yes,Yes,Fiber optic,No,Yes,Yes,No,No,No,One year,No,Credit card,69.91,4461.64,No
C04512,Male,46.0,0,No,No,29,Yes,Yes,DSL,No,No,No,No,Yes,No,One year,Yes,Mailed check,52.15,1485.35,No
C06791,Female,43.0,0,No,No,0,Yes,No,No,No internet service,No internet service,No internet service,No internet service,No internet service,No internet service,Month-to-month,Yes,Electronic check,36.26,9.71,No
C01720,Male,71.0,1,Yes,No,8,Yes,No,Fiber optic,No,Yes,No,No,No,Yes,One year,Yes,Bank transfer,60.96,518.82,No
C03422,Female,37.0,0,No,Yes,0,Yes,Yes,Fiber optic,Yes,No,No,No,No,No,Month-to-month,No,Electronic check,63.77,107.39,Yes
C02503,Male,36.0,0,Yes,No,11,Yes,No,Fiber optic,No,Yes,No,No,Yes,No,One year,No,Electronic check,63.39,825.11,Yes
C03352,Male,31.0,0,Yes,No,49,Yes,Yes,DSL,No,Yes,Yes,Yes,Yes,Yes,Two year,Yes,Electronic check,89.98,4237.15,No
C06467,Male,24.0,0,Yes,No,25,Yes,No,Fiber optic,No,Yes,No,Yes,Yes,Yes,Two year,Yes,Credit card,88.78,2282.91,No
C04698,Male,34.0,0,No,No,25,Yes,Yes,DSL,No,No,No,No,No,No,Month-to-month,No,Mailed check,41.83,1137.54,No
C00910,Female,30.0,0,Yes,No,1,Yes,No,DSL,No,Yes,Yes,No,Yes,Yes,Month-to-month,Yes,Electronic check,65.49,154.61,Yes
C03793,Female,52.0,0,Yes,Yes,29,Yes,No,Fiber optic,No,No,No,Yes,No,No,Two year,No,Mailed check,52.12,1700.65,No
C06150,Male,26.0,0,No,No,54,Yes,No,DSL,No,Yes,No,Yes,Yes,Yes,One year,Yes,Electronic check,69.54,3873.71,No
C06676,Female,39.0,0,Yes,Yes,24,No,No phone service,Fiber optic,No,Yes,No,No,Yes,Yes,Two year,No,Mailed check,64.63,1545.93,No
C06772,Female,51.0,0,Yes,No,20,No,No phone service,DSL,Yes,No,Yes,No,No,No,Month-to-month,Yes,Credit card,51.98,1044.19,No
C06376,Male,42.0,0,Yes,No,22,Yes,Yes,Fiber optic,Yes,No,Yes,No,No,No,Month-to-month,Yes,Electronic check,77.8,2009.37,Yes
C04077,Male,41.0,0,Yes,No,39,Yes,No,No,No internet service,No internet service,No internet service,No internet service,No internet service,No internet service,Two year,No,Mailed check,22.28,849.11,No
C05219,Male,40.0,0,No,No,0,Yes,Yes,Fiber optic,No,Yes,No,No,No,No,Month-to-month,No,Electronic check,62.07,36.86,Yes
C04540,Female,54.0,0,No,No,37,No,No phone service,Fiber optic,No,No,No,Yes,Yes,No,Two year,Yes,Bank transfer,64.72,2218.23,No
C04858,Male,56.0,0,No,No,45,Yes,No,No,No internet service,No internet service,No internet service,No internet service,No internet service,No internet service,Two year,No,Credit card,20.59,1097.53,No
C06836,Male,52.0,0,No,No,64,Yes,No,No,No internet service,No internet service,No internet service,No internet service,No internet service,No internet service,Two year,Yes,Electronic check,26.02,1853.15,No
C01863,Male,62.0,0,No,No,5,Yes,No,Fiber optic,No,No,No,No,Yes,Yes,Month-to-month,No,Bank transfer,63.1,365.78,No
C06386,Male,26.0,0,No,No,26,Yes,Yes,Fiber optic,No,No,Yes,No,No,Yes,Month-to-month,No,Electronic check,69.72,2030.0,Yes
C03327,Male,41.0,0,No,No,24,Yes,Yes,Fiber optic,No,No,No,Yes,Yes,No,Month-to-month,Yes,Electronic check,72.41,1792.11,Yes
C02023,Female,27.0,0,No,No,27,Yes,No,Fiber optic,No,Yes,Yes,No,No,No,Month-to-month,Yes,Bank transfer,64.43,1927.71,Yes
C03570,Female,32.0,0,No,No,36,Yes,No,DSL,No,No,Yes,No,No,Yes,One year,Yes,Mailed check,53.83,1960.01,No
C02258,Male,47.0,0,No,No,62,Yes,No,DSL,Yes,No,Yes,Yes,No,No,One year,Yes,Credit card,59.58,4498.22,No
C00585,Female,18.0,0,No,No,0,Yes,No,Fiber optic,No,No,No,No,No,Yes,Month-to-month,Yes,Credit card,55.71,3.96,No
C05240,Female,35.0,0,No,No,51,Yes,Yes,Fiber optic,No,Yes,Yes,Yes,Yes,Yes,Two year,Yes,Credit card,88.47,4405.38,No
C01862,Male,47.0,0,No,Yes,17,No,No phone service,Fiber optic,No,No,No,No,No,Yes,Month-to-month,Yes,Electronic check,59.7,1068.3,No
C03637,Female,29.0,0,No,No,51,Yes,Yes,Fiber optic,No,Yes,No,Yes,No,Yes,Two year,No,Electronic check,74.76,4057.66,No
C02923,Male,69.0,1,No,No,43,Yes,Yes,No,No internet service,No internet service,No internet service,No internet service,No internet service,No internet service,One year,No,Mailed check,25.79,1292.27,No
C03697,Female,18.0,0,No,No,64,Yes,Yes,Fiber optic,No,Yes,No,No,No,Yes,Two year,No,Bank transfer,68.43,3670.65,No
C00464,Female,70.0,1,No,No,9,Yes,Yes,No,No internet service,No internet service,No internet service,No internet service,No internet service,No internet service,One year,No,Credit card,23.07,223.76,No
C06855,Male,66.0,1,Yes,No,24,Yes,No,DSL,No,Yes,Yes,No,Yes,Yes,Month-to-month,No,Mailed check,59.9,1403.99,No
C03849,Female,45.0,0,No,No,0,Yes,No,DSL,No,No,No,Yes,Yes,No,Month-to-month,Yes,Electronic check,49.4,89.175,No
C03596,Male,41.0,0,No,No,0,Yes,No,Fiber optic,No,No,No,Yes,No,No,Month-to-month,No,Electronic check,62.05,103.96,Yes
C00222,Male,44.0,0,Yes,Yes,17,Yes,No,Fiber optic,Yes,No,No,No,No,Yes,One year,No,Credit card,59.95,1237.78,Yes
C02431,Female,42.0,0,Yes,No,22,Yes,No,DSL,No,Yes,Yes,No,No,No,Month-to-month,Yes,Electronic check,49.16,1166.21,No
C06763,Female,50.0,0,No,No,17,Yes,No,Fiber optic,No,No,Yes,Yes,Yes,Yes,One year,Yes,Electronic check,88.33,1592.6,Yes
C02439,Male,50.0,0,No,No,43,Yes,Yes,Fiber optic,No,Yes,Yes,Yes,Yes,No,Two year,Yes,Electronic check,80.34,3656.06,No
C01413,Female,72.0,1,No,Yes,23,Yes,Yes,Fiber optic,No,No,Yes,No,No,No,Month-to-month,Yes,Bank transfer,71.26,1544.49,No
C06996,Female,66.0,1,No,No,29,Yes,No,Fiber optic,Yes,No,Yes,No,Yes,Yes,One year,Yes,Mailed check,78.62,2527.72,Yes
C05409,Female,51.0,0,Yes,No,65,Yes,No,Fiber optic,Yes,No,No,No,No,No,One year,No,Bank transfer,56.25,3717.57,No
C03439,Female,24.0,0,Yes,No,19,Yes,Yes,No,No internet service,No internet service,No internet service,No internet service,No internet service,No internet service,Month-to-month,Yes,Credit card,44.91,957.78,No
C04100,Male,45.0,0,Yes,Yes,42,Yes,No,DSL,Yes,No,Yes,No,No,No,Month-to-month,Yes,Electronic check,43.76,1935.22,No
C04325,Female,22.0,0,No,No,41,Yes,No,DSL,Yes,Yes,Yes,No,No,Yes,One year,Yes,Mailed check,70.65,2833.91,No
C05681,Male,55.0,0,No,Yes,57,Yes,No,Fiber optic,Yes,Yes,No,Yes,No,Yes,One year,No,Electronic check,71.24,3959.93,No
C04471,Male,49.0,0,Yes,Yes,28,Yes,No,Fiber optic,No,No,Yes,No,Yes,Yes,Month-to-month,No,Bank transfer,78.42,2267.43,No
C01461,Female,38.0,0,No,Yes,2,Yes,No,Fiber optic,No,No,Yes,Yes,No,Yes,Month-to-month,Yes,Electronic check,74.62,252.61,Yes
C06755,Male,31.0,0,Yes,No,35,Yes,Yes,Fiber optic,No,Yes,No,No,No,Yes,Month-to-month,No,Electronic check,70.7,2575.94,Yes
C01219,Female,59.0,0,No,No,25,Yes,No,DSL,No,No,Yes,No,No,Yes,Month-to-month,Yes,Electronic check,54.44,1436.79,Yes
C04311,Male,57.0,0,No,No,25,Yes,No,Fiber optic,No,Yes,Yes,No,No,No,Month-to-month,Yes,Bank transfer,69.6,1729.42,No
C03986,Female,48.0,0,No,No,27,Yes,No,DSL,No,Yes,No,No,No,Yes,Month-to-month,No,Credit card,44.6,1319.03,No
C00164,Female,58.0,0,No,No,33,Yes,No,Fiber optic,No,Yes,Yes,Yes,No,No,One year,No,Credit card,68.08,2575.06,No
C04035,Female,70.0,1,No,Yes,0,Yes,Yes,DSL,Yes,No,Yes,No,No,No,Month-to-month,Yes,Electronic check,53.64,70.73,No
C01121,Male,41.0,0,No,No,72,Yes,Yes,Fiber optic,No,Yes,Yes,Yes,Yes,No,Two year,Yes,Credit card,81.13,7084.3,No
C03902,Female,45.0,0,Yes,No,0,Yes,Yes,No,No internet service,No internet service,No internet service,No internet service,No internet service,No internet service,One year,No,Electronic check,37.99,5.99,No
C00009,Male,28.0,0,No,No,0,Yes,No,Fiber optic,No,Yes,No,No,No,No,Month-to-month,No,Bank transfer,47.99,44.02,No
C02307,Male,51.0,0,No,No,58,Yes,No,Fiber optic,Yes,No,No,No,Yes,No,Two year,No,Bank transfer,69.52,4097.91,No
C06338,Male,21.0,0,Yes,No,14,Yes,Yes,DSL,No,No,No,No,No,No,Month-to-month,Yes,Electronic check,50.51,600.29,Yes
C05513,Male,26.0,0,Yes,No,46,No,No phone service,Fiber optic,No,Yes,Yes,Yes,Yes,Yes,Month-to-month,No,Electronic check,80.2,3612.38,Yes
C07161,Male,50.0,0,Yes,Yes,30,Yes,No,No,No internet service,No internet service,No internet service,No internet service,No internet service,No internet service,Two year,Yes,Credit card,27.02,799.55,No
C06655,Male,60.0,0,Yes,No,25,Yes,No,DSL,No,No,No,Yes,No,No,Month-to-month,Yes,Electronic check,43.19,1212.71,No
C02957,Female,48.0,0,Yes,No,72,Yes,No,Fiber optic,No,No,No,No,Yes,Yes,One year,Yes,Electronic check,75.61,5340.66,Yes
C04380,Female,18.0,0,No,No,27,Yes,No,DSL,No,Yes,No,No,No,Yes,One year,No,Mailed check,49.27,1489.92,No
C05234,Female,31.0,0,No,No,0,Yes,Yes,Fiber optic,No,No,No,Yes,No,No,Month-to-month,No,Electronic check,63.7,43.09,No
C06275,Female,24.0,0,No,No,0,No,No phone service,Fiber optic,No,Yes,Yes,No,No,Yes,Month-to-month,No,Credit card,66.43,13.22,Yes
C01765,Male,52.0,0,No,No,41,Yes,No,Fiber optic,No,No,No,No,Yes,No,Month-to-month,No,Credit card,47.0,2405.38,Yes
C04254,Male,27.0,0,No,No,26,Yes,No,DSL,Yes,Yes,No,No,Yes,Yes,One year,Yes,Credit card,68.15,2228.83,No
C02193,Female,62.0,0,No,Yes,27,No,No phone service,Fiber optic,No,No,No,No,Yes,No,Two year,No,Mailed check,58.02,1669.95,No
C01592,Female,39.0,0,No,No,10,Yes,No,Fiber optic,Yes,Yes,Yes,Yes,Yes,No,Month-to-month,Yes,Bank transfer,84.54,804.1,No
C06008,Female,60.0,0,No,No,38,Yes,No,Fiber optic,Yes,No,Yes,Yes,No,Yes,Two year,Yes,Bank transfer,78.09,2946.52,No
C01590,Female,73.0,1,Yes,Yes,0,Yes,Yes,No,No internet service,No internet service,No internet service,No internet service,No internet service,No internet service,Month-to-month,Yes,Bank transfer,32.68,145.2,No
C04269,Male,62.0,0,Yes,No,27,Yes,No,Fiber optic,Yes,Yes,No,No,Yes,Yes,Month-to-month,Yes,Mailed check,95.33,2723.73,No
C05897,Male,44.0,0,No,No,0,Yes,Yes,DSL,Yes,Yes,Yes,No,Yes,Yes,Month-to-month,Yes,Credit card,73.97,165.07,No
C04595,Male,53.0,0,Yes,No,42,Yes,Yes,DSL,No,Yes,Yes,No,No,No,Month-to-month,No,Electronic check,47.86,2100.09,No
C06274,Male,32.0,0,No,No,45,Yes,No,DSL,No,Yes,No,No,No,Yes,One year,Yes,Bank transfer,57.47,2755.91,No
C03427,Female,33.0,0,No,No,9,Yes,No,Fiber optic,Yes,No,Yes,No,Yes,Yes,Month-to-month,Yes,Bank transfer,73.7,783.66,Yes
C04119,Male,33.0,0,No,No,40,Yes,Yes,Fiber optic,No,No,No,No,Yes,No,Month-to-month,Yes,Credit card,70.21,2526.07,Yes
C03604,Male,51.0,0,No,No,14,Yes,No,DSL,Yes,No,Yes,No,Yes,Yes,Month-to-month,Yes,Mailed check,54.44,994.48,Yes
C01335,Male,60.0,0,Yes,Yes,25,Yes,No,Fiber optic,No,No,No,Yes,No,No,Month-to-month,Yes,Electronic check,48.81,1339.17,No
C01327,Female,26.0,0,No,No,0,Yes,No,No,No internet service,No internet service,No internet service,No internet service,No internet service,No internet service,Month-to-month,No,Electronic check,24.56,4.1,No
C03278,Male,64.0,0,No,Yes,36,Yes,No,Fiber optic,Yes,Yes,No,Yes,Yes,No,One year,No,Electronic check,82.67,3270.03,No
C01914,Female,44.0,0,No,Yes,0,Yes,No,DSL,No,No,Yes,Yes,No,Yes,Month-to-month,No,Credit card,49.12,149.2,No
C04733,Male,37.0,0,Yes,No,44,Yes,No,No,No internet service,No internet service,No internet service,No internet service,No internet service,No internet service,Two year,No,Electronic check,23.25,1115.82,No
C05099,Male,72.0,1,Yes,No,29,Yes,No,No,No internet service,No internet service,No internet service,No internet service,No internet service,No internet service,Month-to-month,No,Mailed check,18.0,694.46,No
C05341,Male,69.0,1,No,No,45,Yes,No,DSL,No,No,Yes,No,Yes,No,Two year,Yes,Bank transfer,52.16,2707.57,No
C03572,Female,32.0,0,No,No,28,Yes,Yes,No,No internet service,No internet service,No internet service,No internet service,No internet service,No internet service,Month-to-month,No,Bank transfer,25.7,875.52,No
C05412,Male,66.0,1,No,No,46,Yes,No,Fiber optic,No,No,Yes,Yes,No,Yes,One year,Yes,Electronic check,64.41,3081.78,No
C03501,Male,27.0,0,No,No,32,Yes,No,No,No internet service,No internet service,No internet service,No internet service,No internet service,No internet service,Month-to-month,Yes,Credit card,33.52,1070.01,No
C06747,Female,52.0,0,No,No,40,Yes,Yes,No,No internet service,No internet service,No internet service,No internet service,No internet service,No internet service,Two year,No,Electronic check,38.4,1567.07,No
C00521,Female,42.0,0,Yes,No,38,No,No phone service,Fiber optic,No,Yes,No,No,Yes,No,Month-to-month,No,Credit card,63.08,2585.61,No
C00631,Male,24.0,0,Yes,No,38,Yes,No,DSL,No,No,Yes,No,Yes,No,One year,No,Electronic check,56.83,2129.99,Yes
C05858,Male,54.0,0,No,No,42,Yes,Yes,No,No internet service,No internet service,No internet service,No internet service,No internet service,No internet service,Month-to-month,No,Electronic check,23.98,1301.25,No
C04637,Female,53.0,0,Yes,No,45,Yes,Yes,Fiber optic,Yes,No,Yes,No,No,No,Two year,Yes,Credit card,72.03,3373.63,No
C01934,Female,57.0,0,Yes,Yes,22,Yes,No,Fiber optic,No,Yes,No,No,No,No,Month-to-month,Yes,Bank transfer,60.04,1306.32,Yes
C04881,Female,44.0,0,Yes,No,30,Yes,No,No,No internet service,No internet service,No internet service,No internet service,No internet service,No internet service,Two year,Yes,Mailed check,31.4,1025.0,Yes
C06402,Male,41.0,0,Yes,No,70,Yes,Yes,DSL,No,No,Yes,No,Yes,No,Two year,No,Electronic check,62.46,4156.45,No
C03134,Female,60.0,0,Yes,No,47,Yes,Yes,Fiber optic,No,No,No,No,Yes,Yes,Month-to-month,No,Credit card,63.83,3362.97,No
C06239,Female,61.0,0,Yes,No,19,Yes,Yes,DSL,No,Yes,No,No,No,No,One year,No,Electronic check,43.02,1003.44,Yes
C05082,Male,33.0,0,Yes,No,18,Yes,Yes,Fiber optic,No,Yes,No,No,Yes,Yes,Month-to-month,No,Credit card,71.41,1140.75,Yes
C04851,Male,38.0,0,No,No,66,Yes,No,DSL,Yes,No,Yes,No,No,No,Two year,Yes,Bank transfer,46.48,2755.25,No
C06098,Female,33.0,0,Yes,No,20,Yes,Yes,Fiber optic,No,Yes,No,Yes,No,No,Month-to-month,Yes,Electronic check,73.87,1233.53,No
C02788,Female,47.0,0,Yes,No,2,Yes,No,Fiber optic,No,No,Yes,No,No,Yes,Month-to-month,No,Electronic check,62.26,151.16,No
C00342,Male,46.0,0,Yes,No,63,Yes,No,Fiber optic,No,No,Yes,Yes,No,No,Month-to-month,Yes,Electronic check,59.6,3915.13,No
C02492,Male,41.0,0,No,No,0,Yes,No,Fiber optic,No,No,Yes,Yes,No,No,Month-to-month,Yes,Mailed check,53.97,42.26,No
C05480,Male,26.0,0,No,No,30,Yes,No,Fiber optic,No,No,No,No,No,Yes,One year,Yes,Credit card,58.77,1925.86,No
C06666,Male,30.0,0,No,No,60,Yes,Yes,Fiber optic,Yes,No,No,No,Yes,Yes,Two year,Yes,Bank transfer,78.17,5083.36,No
C04353,Male,18.0,0,No,No,53,Yes,Yes,DSL,No,No,No,No,Yes,No,One year,No,Electronic check,52.74,2600.77,Yes
C02934,Female,32.0,0,No,No,0,Yes,Yes,Fiber optic,No,No,No,Yes,No,No,Month-to-month,Yes,Bank transfer,66.4,63.93,No
C01801,Female,43.0,0,Yes,Yes,18,Yes,Yes,Fiber optic,No,No,No,No,No,Yes,Month-to-month,No,Electronic check,63.0,1100.03,Yes
C05505,Female,51.0,0,No,No,45,Yes,Yes,Fiber optic,No,Yes,No,No,No,No,One year,Yes,Bank transfer,68.58,3181.25,No
C05976,Male,40.0,0,Yes,No,62,Yes,Yes,No,No internet service,No internet service,No internet service,No internet service,No internet service,No internet service,One year,Yes,Electronic check,31.56,1927.71,No
C02892,Female,35.0,0,No,No,8,Yes,Yes,DSL,No,No,No,No,No,No,Month-to-month,No,Electronic check,36.83,455.87,Yes
C01053,Female,58.0,0,Yes,No,62,Yes,No,DSL,Yes,No,No,No,No,No,Two year,Yes,Bank transfer,50.9,3308.97,No
C06468,Male,50.0,0,Yes,No,46,Yes,No,Fiber optic,No,No,No,Yes,No,Yes,One year,Yes,Credit card,68.39,2789.77,No
C04338,Female,28.0,0,No,No,67,Yes,No,Fiber optic,Yes,Yes,Yes,Yes,Yes,No,One year,Yes,Mailed check,85.5,5538.59,No
C00140,Female,33.0,0,No,No,15,Yes,Yes,DSL,Yes,Yes,Yes,No,Yes,No,Month-to-month,No,Bank transfer,66.09,1086.02,No
C04797,Male,49.0,0,No,No,20,Yes,No,Fiber optic,No,No,No,No,No,Yes,One year,Yes,Mailed check,69.07,1511.32,No
C03889,Female,62.0,0,Yes,No,0,Yes,No,Fiber optic,Yes,Yes,Yes,No,Yes,No,Month-to-month,Yes,Electronic check,83.84,111.42,Yes
C05732,Male,44.0,0,No,No,8,Yes,No,Fiber optic,No,No,No,No,Yes,No,Month-to-month,No,Electronic check,57.98,640.31,Yes
C03714,Female,39.0,0,Yes,No,31,Yes,No,No,No internet service,No internet service,No internet service,No internet service,No internet service,No internet service,Month-to-month,No,Bank transfer,25.61,802.89,No
C02137,Male,18.0,0,Yes,No,25,Yes,No,Fiber optic,No,No,Yes,No,Yes,Yes,Two year,No,Electronic check,71.52,1701.21,No
C03526,Male,20.0,0,No,No,14,Yes,Yes,Fiber optic,Yes,No,Yes,No,Yes,No,Month-to-month,No,Bank transfer,73.76,1166.07,Yes
C03295,Male,39.0,0,Yes,No,43,Yes,Yes,No,No internet service,No internet service,No internet service,No internet service,No internet service,No internet service,One year,Yes,Bank transfer,30.43,1124.0,No
C05684,Female,50.0,0,Yes,No,27,Yes,No,DSL,No,Yes,No,No,No,No,Month-to-month,No,Electronic check,42.4,1612.69,No
C06927,Female,65.0,0,Yes,No,35,Yes,No,Fiber optic,No,Yes,Yes,Yes,Yes,No,Two year,No,Mailed check,76.79,2663.15,No
C01561,Male,46.0,0,Yes,Yes,11,Yes,No,Fiber optic,No,No,No,No,No,No,Month-to-month,No,Bank transfer,47.17,467.5,No
C02857,Male,24.0,0,Yes,Yes,27,Yes,Yes,Fiber optic,Yes,Yes,Yes,Yes,No,No,Month-to-month,Yes,Credit card,86.85,2627.81,Yes
C06452,Male,56.0,0,Yes,No,19,Yes,No,DSL,No,No,Yes,No,No,No,Month-to-month,Yes,Electronic check,47.54,870.08,Yes
C06800,Female,67.0,1,No,No,13,Yes,Yes,Fiber optic,Yes,No,Yes,No,No,No,Month-to-month,Yes,Mailed check,75.85,925.14,Yes
C04363,Female,34.0,0,Yes,No,14,Yes,Yes,No,No internet service,No internet service,No internet service,No internet service,No internet service,No internet service,Month-to-month,Yes,Electronic check,43.89,815.78,No
C05502,Female,66.0,1,Yes,Yes,25,Yes,No,Fiber optic,No,No,No,No,Yes,Yes,Month-to-month,No,Bank transfer,66.88,1750.94,No
C01552,Female,23.0,0,No,No,33,Yes,No,Fiber optic,No,Yes,Yes,No,No,Yes,Month-to-month,Yes,Mailed check,67.46,2477.08,Yes
C03009,Female,56.0,0,Yes,Yes,47,Yes,No,Fiber optic,Yes,Yes,No,No,Yes,Yes,One year,Yes,Credit card,79.44,4316.23,No
C05078,Female,63.0,0,Yes,Yes,52,Yes,Yes,Fiber optic,No,No,No,No,No,Yes,Two year,Yes,Mailed check,70.06,3460.63,No
C05208,Male,52.0,0,Yes,No,24,Yes,No,DSL,No,Yes,No,No,No,No,One year,No,Bank transfer,40.35,1100.75,No
C03553,Female,27.0,0,Yes,No,63,Yes,No,DSL,No,No,No,Yes,No,Yes,One year,Yes,Credit card,55.6,3348.83,No
C00503,Male,59.0,0,Yes,Yes,11,Yes,No,Fiber optic,No,Yes,Yes,No,Yes,No,Month-to-month,Yes,Electronic check,73.37,941.98,No
C00814,Female,23.0,0,Yes,No,35,Yes,No,No,No internet service,No internet service,No internet service,No internet service,No internet service,No internet service,One year,No,Electronic check,18.0,630.35,No
C06548,Female,20.0,0,No,No,0,Yes,No,Fiber optic,No,No,No,No,Yes,Yes,Month-to-month,Yes,Credit card,75.54,18.46,No
C06606,Female,23.0,0,Yes,No,38,Yes,Yes,DSL,No,Yes,Yes,No,No,No,Two year,Yes,Electronic check,55.46,2274.15,Yes
C06743,Male,33.0,0,Yes,No,29,Yes,Yes,Fiber optic,No,No,Yes,No,No,No,Month-to-month,Yes,Electronic check,61.19,1914.08,No
C05066,Male,43.0,0,No,No,62,Yes,No,DSL,No,No,No,Yes,No,No,One year,Yes,Bank transfer,49.31,3205.66,No
C02024,Female,32.0,0,Yes,Yes,7,Yes,Yes,Fiber optic,Yes,No,No,No,No,No,Month-to-month,No,Credit card,56.03,502.7,Yes
C05644,Male,56.0,0,Yes,No,34,Yes,No,DSL,Yes,No,No,Yes,No,No,Month-to-month,No,Bank transfer,56.09,2100.72,No
C02091,Male,47.0,0,No,No,5,Yes,No,Fiber optic,No,Yes,Yes,No,Yes,No,One year,No,Mailed check,64.18,376.3,No
C02312,Male,18.0,0,No,No,32,Yes,No,DSL,Yes,Yes,No,No,Yes,No,Two year,Yes,Electronic check,63.72,1991.8,Yes
C02989,Male,39.0,0,No,No,27,Yes,Yes,Fiber optic,Yes,No,Yes,Yes,No,No,Two year,Yes,Bank transfer,77.65,2270.12,No
C06473,Female,40.0,0,Yes,No,12,Yes,No,DSL,Yes,No,Yes,No,Yes,Yes,Two year,Yes,Mailed check,77.13,848.57,No
C03121,Male,49.0,0,Yes,No,36,Yes,Yes,Fiber optic,No,No,No,No,No,Yes,One year,Yes,Bank transfer,61.61,2243.58,No
C03551,Male,40.0,0,Yes,Yes,19,Yes,Yes,Fiber optic,No,No,No,Yes,Yes,No,Month-to-month,No,Electronic check,76.78,1496.79,Yes
C06479,Female,47.0,0,No,No,0,Yes,Yes,Fiber optic,No,No,Yes,No,Yes,No,Month-to-month,Yes,Electronic check,68.85,176.79,Yes
C02040,Female,18.0,0,No,No,63,Yes,Yes,Fiber optic,Yes,Yes,No,No,Yes,No,Two year,Yes,Bank transfer,77.82,4878.59,Yes
C06236,Female,63.0,0,No,No,29,Yes,Yes,DSL,No,No,Yes,No,No,Yes,One year,No,Mailed check,57.07,1800.47,No
C02114,Female,47.0,0,No,No,41,Yes,No,Fiber optic,No,Yes,Yes,Yes,Yes,Yes,Month-to-month,No,Electronic check,89.2,3589.75,Yes
C03335,Female,62.0,0,Yes,No,41,Yes,No,DSL,Yes,No,Yes,No,Yes,No,Two year,No,Electronic check,59.52,2739.36,No
C05965,Male,31.0,0,Yes,No,35,Yes,Yes,DSL,Yes,No,No,Yes,No,Yes,Two year,Yes,Electronic check,56.14,2244.35,No
C03025,Male,23.0,0,Yes,No,14,Yes,Yes,Fiber optic,Yes,Yes,No,Yes,No,No,Month-to-month,Yes,Mailed check,73.71,1080.5,No
C03716,Female,21.0,0,No,No,5,Yes,Yes,DSL,No,No,No,Yes,Yes,No,One year,Yes,Bank transfer,54.52,320.26,Yes
C05567,Male,31.0,0,No,No,65,Yes,No,DSL,Yes,No,Yes,No,Yes,No,One year,No,Electronic check,53.56,3949.2,No
C06152,Female,59.0,0,Yes,No,6,No,No phone service,Fiber optic,No,No,No,No,Yes,Yes,Month-to-month,Yes,Bank transfer,67.7,519.87,No
C04071,Male,71.0,1,Yes,No,28,Yes,No,DSL,No,No,No,Yes,No,No,Month-to-month,Yes,Electronic check,40.63,1313.5,No
C05584,Male,24.0,0,No,No,43,Yes,No,No,No internet service,No internet service,No internet service,No internet service,No internet service,No internet service,Month-to-month,Yes,Bank transfer,28.0,1318.47,No
C00508,Male,18.0,0,No,No,55,Yes,No,Fiber optic,No,No,No,Yes,Yes,No,Month-to-month,Yes,Bank transfer,70.58,4177.2,No
C01809,Male,42.0,0,Yes,No,32,No,No phone service,Fiber optic,Yes,No,Yes,No,Yes,Yes,One year,Yes,Bank transfer,82.22,2598.05,No
C04151,Female,56.0,0,No,No,0,Yes,No,DSL,Yes,Yes,Yes,No,No,No,Month-to-month,Yes,Electronic check,55.71,81.95,Yes
C03878,Female,29.0,0,Yes,No,22,Yes,No,No,No internet service,No internet service,No internet service,No internet service,No internet service,No internet service,One year,Yes,Electronic check,18.0,541.94,No
C04201,Male,40.0,0,Yes,No,3,Yes,No,Fiber optic,No,No,No,No,No,Yes,Month-to-month,Yes,Mailed check,61.27,298.5,Yes
C06261,Female,38.0,0,No,No,23,Yes,Yes,No,No internet service,No internet service,No internet service,No internet service,No internet service,No internet service,One year,No,Electronic check,26.49,815.7,No
C00350,Female,70.0,1,Yes,No,55,Yes,Yes,DSL,Yes,Yes,Yes,No,No,Yes,Two year,Yes,Electronic check,69.1,4018.04,No
C03781,Female,45.0,0,Yes,No,32,Yes,No,Fiber optic,Yes,Yes,No,No,No,Yes,Month-to-month,Yes,Electronic check,70.57,2546.98,No
C04748,Male,53.0,0,No,Yes,26,Yes,Yes,DSL,Yes,Yes,No,No,No,Yes,One year,Yes,Credit card,68.86,1893.26,No
C00039,Male,62.0,0,Yes,Yes,72,Yes,No,DSL,No,Yes,No,Yes,No,No,Two year,Yes,Bank transfer,60.97,4817.06,No
C02139,Male,56.0,0,No,No,40,Yes,Yes,No,No internet service,No internet service,No internet service,No internet service,No internet service,No internet service,Two year,No,Electronic check,43.81,2061.44,No
C04401,Female,54.0,0,Yes,No,2,Yes,No,Fiber optic,No,Yes,No,No,Yes,Yes,Month-to-month,Yes,Electronic check,71.85,205.15,Yes
C01166,Male,29.0,0,No,No,0,Yes,Yes,Fiber optic,No,No,Yes,No,Yes,No,Month-to-month,Yes,Electronic check,71.48,109.38,No
C01569,Male,54.0,0,Yes,No,54,Yes,No,Fiber optic,No,No,No,No,No,No,One year,Yes,Credit card,50.21,2837.71,No
C06135,Female,70.0,1,No,No,45,Yes,No,Fiber optic,Yes,No,No,No,Yes,No,Two year,Yes,Electronic check,68.61,3344.92,No
C03000,Male,55.0,0,No,No,26,Yes,Yes,DSL,No,Yes,No,Yes,No,No,Month-to-month,Yes,Credit card,56.18,1568.04,No
C06225,Male,49.0,0,Yes,No,11,Yes,No,Fiber optic,No,Yes,No,No,Yes,No,Month-to-month,Yes,Electronic check,73.31,751.33,Yes
C06915,Female,57.0,0,No,No,7,Yes,No,DSL,No,Yes,No,No,No,Yes,Two year,No,Electronic check,42.2,274.22,No
C04788,Male,23.0,0,Yes,Yes,41,Yes,No,Fiber optic,Yes,Yes,No,No,Yes,Yes,Month-to-month,Yes,Mailed check,80.32,3722.58,No
C06614,Male,18.0,0,No,No,57,Yes,Yes,Fiber optic,No,Yes,Yes,No,Yes,No,Two year,Yes,Bank transfer,83.16,4519.97,No
C01343,Male,33.0,0,Yes,No,10,Yes,No,Fiber optic,No,No,Yes,No,No,Yes,Month-to-month,Yes,Credit card,60.26,489.76,Yes
C03331,Male,59.0,0,Yes,No,2,Yes,Yes,Fiber optic,No,Yes,No,No,Yes,No,One year,No,Credit card,66.72,233.01,Yes
C01065,Male,49.0,0,No,Yes,0,Yes,Yes,No,No internet service,No internet service,No internet service,No internet service,No internet service,No internet service,Month-to-month,Yes,Electronic check,33.6,21.27,No
C06430,Male,37.0,0,No,No,36,Yes,No,No,No internet service,No internet service,No internet service,No internet service,No internet service,No internet service,One year,Yes,Credit card,24.07,928.83,No
C03491,Female,33.0,0,No,No,23,Yes,No,No,No internet service,No internet service,No internet service,No internet service,No internet service,No internet service,One year,No,Bank transfer,18.0,555.65,No
C03458,Female,49.0,0,No,No,0,Yes,No,Fiber optic,No,No,No,Yes,No,No,Month-to-month,Yes,Electronic check,52.29,117.33,Yes
C07053,Female,49.0,0,Yes,No,21,Yes,No,Fiber optic,No,Yes,Yes,No,No,Yes,Month-to-month,Yes,Electronic check,75.75,1672.91,No
C00076,Female,67.0,1,Yes,No,31,Yes,Yes,Fiber optic,No,No,No,Yes,No,No,One year,No,Mailed check,62.71,1888.89,No
C00530,Female,50.0,0,Yes,Yes,30,Yes,No,DSL,Yes,No,Yes,No,Yes,No,One year,No,Credit card,66.02,1917.85,No
C03867,Male,61.0,0,Yes,No,34,Yes,Yes,Fiber optic,No,No,Yes,No,No,No,Month-to-month,Yes,Credit card,58.73,2243.18,Yes
C03106,Male,34.0,0,No,Yes,51,Yes,Yes,Fiber optic,No,No,Yes,No,Yes,No,One year,Yes,Bank transfer,69.66,4065.45,No
C02622,Female,18.0,0,No,No,10,Yes,No,Fiber optic,No,Yes,Yes,No,Yes,Yes,Month-to-month,Yes,Bank transfer,88.71,967.92,Yes
C02144,Female,27.0,0,No,No,0,Yes,No,Fiber optic,No,Yes,Yes,Yes,No,No,Month-to-month,No,Bank transfer,59.55,67.51,Yes
C02632,Male,54.0,0,Yes,No,16,No,No phone service,DSL,No,No,No,No,No,Yes,One year,Yes,Credit card,43.87,833.16,No
C05580,Female,53.0,0,No,No,56,Yes,No,DSL,No,No,Yes,Yes,No,No,Two year,Yes,Credit card,47.54,2739.63,No
C00553,Female,45.0,0,Yes,No,0,Yes,No,DSL,Yes,Yes,No,No,Yes,Yes,Month-to-month,Yes,Credit card,67.94,150.39,Yes
C03806,Male,38.0,0,No,Yes,38,Yes,No,Fiber optic,No,No,Yes,No,No,No,Month-to-month,Yes,Credit card,55.07,2381.51,Yes
C01724,Male,45.0,0,Yes,Yes,32,Yes,Yes,DSL,No,No,No,Yes,No,Yes,Two year,Yes,Credit card,58.56,2046.21,No
C02389,Male,32.0,0,No,No,67,Yes,No,No,No internet service,No internet service,No internet service,No internet service,No internet service,No internet service,Month-to-month,Yes,Credit card,33.21,2068.01,No
C06456,Male,58.0,0,Yes,No,20,No,No phone service,Fiber optic,Yes,No,No,Yes,No,No,Month-to-month,No,Electronic check,58.76,1283.4850000000001,No
C04336,Male,51.0,0,Yes,No,62,Yes,No,Fiber optic,No,Yes,Yes,No,No,Yes,Two year,No,Credit card,60.62,3591.72,No
C05431,Female,52.0,0,Yes,No,45,Yes,Yes,Fiber optic,Yes,No,Yes,No,No,Yes,Month-to-month,No,Mailed check,75.36,3297.0,No
C01345,Female,42.0,0,Yes,No,41,Yes,Yes,No,No internet service,No internet service,No internet service,No internet service,No internet service,No internet service,Two year,No,Electronic check,27.76,1231.36,No
C06904,Female,59.0,0,Yes,Yes,12,Yes,No,DSL,No,No,No,No,Yes,No,Month-to-month,Yes,Credit card,47.2,727.33,Yes
C02841,Male,70.0,1,Yes,Yes,0,Yes,No,Fiber optic,No,No,Yes,No,Yes,No,Month-to-month,No,Mailed check,63.47,61.73,Yes
C06560,Male,55.0,0,Yes,Yes,55,Yes,No,Fiber optic,No,No,No,Yes,No,Yes,One year,No,Electronic check,65.83,3541.35,No
C01027,Female,37.0,0,No,No,0,Yes,Yes,No,No internet service,No internet service,No internet service,No internet service,No internet service,No internet service,Month-to-month,Yes,Bank transfer,34.75,151.19,No
C05397,Male,23.0,0,No,No,0,Yes,Yes,Fiber optic,Yes,Yes,Yes,No,Yes,Yes,Month-to-month,Yes,Bank transfer,96.76,36.58,Yes
C03687,Male,60.0,0,Yes,No,44,Yes,Yes,DSL,No,No,Yes,No,No,No,Two year,Yes,Bank transfer,52.63,2151.02,No
C00504,Female,57.0,0,Yes,No,44,Yes,Yes,DSL,No,No,Yes,No,Yes,No,Two year,No,Mailed check,60.54,2641.87,No
C04726,Male,27.0,0,No,No,0,Yes,Yes,Fiber optic,No,No,Yes,No,No,No,Two year,Yes,Bank transfer,67.25,160.11,No
C01433,Female,48.0,0,No,No,57,Yes,No,DSL,Yes,No,Yes,Yes,Yes,No,Two year,Yes,Electronic check,69.51,4436.67,No
C00049,Male,49.0,0,Yes,No,35,No,No phone service,No,No internet service,No internet service,No internet service,No internet service,No internet service,No internet service,Month-to-month,No,Bank transfer,18.58,789.37,No
C02867,Male,36.0,0,Yes,No,28,Yes,Yes,Fiber optic,No,No,No,No,No,No,Month-to-month,Yes,Electronic check,54.75,1491.18,No
C03229,Female,37.0,0,No,No,15,Yes,Yes,No,No internet service,No internet service,No internet service,No internet service,No internet service,No internet service,Month-to-month,Yes,Electronic check,32.66,654.8,No
C01923,Male,50.0,0,Yes,No,37,Yes,No,DSL,Yes,No,No,Yes,Yes,Yes,Two year,Yes,Mailed check,65.56,2718.1,No
C01702,Female,35.0,0,No,No,60,Yes,Yes,No,No internet service,No internet service,No internet service,No internet service,No internet service,No internet service,Month-to-month,No,Credit card,43.06,2887.52,No
C04611,Male,53.0,0,No,Yes,45,Yes,Yes,DSL,No,No,No,No,No,Yes,Two year,No,Mailed check,51.16,2431.83,No
C02192,Female,37.0,0,No,No,40,Yes,Yes,Fiber optic,Yes,No,Yes,No,No,Yes,One year,No,Credit card,86.45,3339.03,No
C02328,Male,49.0,0,Yes,Yes,22,Yes,No,Fiber optic,No,Yes,Yes,No,No,Yes,Month-to-month,Yes,Electronic check,76.89,1737.55,Yes
C02406,Female,55.0,0,No,No,16,Yes,Yes,Fiber optic,Yes,Yes,No,No,Yes,No,Month-to-month,Yes,Electronic check,81.33,1146.35,Yes
C01326,Female,18.0,0,No,No,2,Yes,No,DSL,No,Yes,No,No,No,Yes,Month-to-month,No,Electronic check,51.75,263.03,No
C04049,Male,63.0,0,Yes,Yes,28,Yes,No,Fiber optic,No,Yes,No,No,No,Yes,Month-to-month,Yes,Mailed check,74.11,2043.83,Yes
C02955,Male,50.0,0,Yes,Yes,25,Yes,Yes,No,No internet service,No internet service,No internet service,No internet service,No internet service,No internet service,One year,Yes,Mailed check,36.04,1021.89,No
C03882,Female,29.0,0,Yes,No,12,Yes,Yes,Fiber optic,Yes,No,No,No,No,Yes,One year,Yes,Electronic check,65.88,839.81,No
C03792,Male,25.0,0,No,No,58,Yes,Yes,Fiber optic,No,No,No,No,Yes,Yes,Two year,No,Bank transfer,76.56,4305.64,No
C01066,Male,57.0,0,Yes,No,20,Yes,Yes,DSL,No,No,Yes,No,No,Yes,Month-to-month,No,Electronic check,59.38,1017.4,Yes
C06186,Male,54.0,0,Yes,Yes,27,Yes,Yes,No,No internet service,No internet service,No internet service,No internet service,No internet service,No internet service,Month-to-month,No,Electronic check,34.03,975.1,No
C06912,Female,65.0,0,Yes,No,1,Yes,Yes,Fiber optic,Yes,Yes,Yes,Yes,No,No,Month-to-month,No,Electronic check,84.85,217.67,Yes
C02125,Female,33.0,0,No,Yes,33,Yes,No,Fiber optic,No,Yes,No,Yes,No,Yes,One year,No,Credit card,69.04,2501.13,No
C02638,Female,60.0,0,No,Yes,0,Yes,Yes,Fiber optic,No,No,No,No,No,No,Month-to-month,Yes,Electronic check,61.39,6.93,No
C00826,Female,30.0,0,Yes,No,15,Yes,Yes,Fiber optic,Yes,Yes,Yes,No,No,Yes,Month-to-month,Yes,Mailed check,94.69,1448.91,Yes
C01523,Male,35.0,0,No,No,21,Yes,No,DSL,Yes,Yes,Yes,Yes,No,Yes,Month-to-month,No,Credit card,71.89,1883.9,No
C03836,Female,44.0,0,Yes,Yes,48,No,No phone service,No,No internet service,No internet service,No internet service,No internet service,No internet service,No internet service,Two year,Yes,Bank transfer,18.0,959.02,No
C02787,Male,27.0,0,No,Yes,72,Yes,Yes,No,No internet service,No internet service,No internet service,No internet service,No internet service,No internet service,Two year,Yes,Credit card,30.98,2022.91,No
C05197,Female,54.0,0,Yes,No,0,Yes,Yes,DSL,Yes,No,No,Yes,No,No,Month-to-month,Yes,Bank transfer,62.59,161.04,No
C04998,Female,43.0,0,No,No,4,Yes,No,Fiber optic,No,Yes,No,Yes,No,No,Month-to-month,No,Electronic check,60.72,344.79,No
C00128,Male,38.0,0,No,No,53,Yes,No,No,No internet service,No internet service,No internet service,No internet service,No internet service,No internet service,One year,No,Electronic check,18.31,880.2,No
C02754,Male,32.0,0,Yes,No,29,Yes,No,Fiber optic,No,No,No,No,No,Yes,Two year,No,Bank transfer,60.42,1808.93,No
C04324,Female,48.0,0,Yes,No,20,Yes,Yes,No,No internet service,No internet service,No internet service,No internet service,No internet service,No internet service,Two year,Yes,Mailed check,38.01,839.57,No
C05071,Male,43.0,0,No,Yes,51,No,No phone service,Fiber optic,No,No,No,No,Yes,No,Two year,Yes,Electronic check,52.52,2797.56,No
C01587,Male,52.0,0,Yes,Yes,15,Yes,Yes,Fiber optic,No,No,No,No,No,No,Month-to-month,No,Electronic check,56.73,898.1,Yes
C06738,Male,59.0,0,No,Yes,56,Yes,No,Fiber optic,No,No,No,Yes,Yes,No,One year,No,Bank transfer,59.94,3393.12,Yes
C03451,Male,20.0,0,No,No,24,Yes,Yes,Fiber optic,Yes,Yes,Yes,No,Yes,No,One year,Yes,Electronic check,85.59,1945.97,No
C06107,Female,50.0,0,Yes,Yes,23,Yes,No,Fiber optic,No,Yes,Yes,Yes,No,No,Two year,Yes,Electronic check,73.28,1771.62,No
C01281,Male,33.0,0,Yes,No,39,Yes,No,No,No internet service,No internet service,No internet service,No internet service,No internet service,No internet service,One year,Yes,Electronic check,23.11,1023.11,No
C01272,Male,18.0,0,No,No,16,Yes,No,Fiber optic,No,Yes,Yes,No,Yes,No,One year,Yes,Credit card,73.57,1286.44,No
C03567,Female,51.0,0,Yes,Yes,45,Yes,Yes,Fiber optic,Yes,Yes,Yes,Yes,No,No,Two year,Yes,Electronic check,86.92,3909.0,No
C03740,Female,45.0,0,No,No,3,Yes,Yes,Fiber optic,No,Yes,No,No,No,Yes,Month-to-month,Yes,Electronic check,72.15,228.05,Yes
C05639,Male,53.0,0,No,No,32,Yes,No,Fiber optic,Yes,No,No,Yes,No,Yes,One year,Yes,Credit card,71.38,2663.65,No
C01534,Female,42.0,0,Yes,No,5,Yes,Yes,DSL,Yes,No,Yes,No,Yes,Yes,Month-to-month,No,Electronic check,65.16,420.79,Yes
C06284,Male,34.0,0,Yes,Yes,13,Yes,No,DSL,No,No,No,No,No,No,Month-to-month,Yes,Electronic check,43.95,688.58,Yes
C07087,Male,80.0,1,Yes,Yes,48,Yes,Yes,DSL,No,No,No,Yes,No,No,Two year,Yes,Electronic check,56.3,2546.26,No
C05601,Female,30.0,0,Yes,Yes,64,Yes,No,Fiber optic,No,Yes,No,Yes,No,No,One year,No,Bank transfer,66.01,4141.84,No
C06290,Male,42.0,0,No,No,26,Yes,Yes,Fiber optic,No,No,No,Yes,Yes,No,One year,Yes,Electronic check,68.67,1699.87,No
C06219,Female,40.0,0,No,No,53,Yes,No,No,No internet service,No internet service,No internet service,No internet service,No internet service,No internet service,Month-to-month,Yes,Credit card,29.88,1896.06,No
C00391,Female,40.0,0,No,No,40,Yes,Yes,Fiber optic,Yes,No,No,Yes,No,No,Month-to-month,Yes,Bank transfer,73.01,3000.25,Yes
C05254,Female,44.0,0,No,No,12,Yes,Yes,Fiber optic,No,No,No,No,No,No,Month-to-month,Yes,Electronic check,59.65,874.43,Yes
C05619,Male,42.0,0,No,No,33,Yes,No,Fiber optic,Yes,Yes,Yes,Yes,Yes,Yes,One year,Yes,Mailed check,93.19,3185.35,No
C02042,Male,48.0,0,No,No,9,No,No phone service,Fiber optic,No,Yes,No,No,No,No,Month-to-month,No,Electronic check,60.75,644.92,Yes
C06950,Male,31.0,0,Yes,No,56,Yes,No,Fiber optic,No,No,Yes,No,No,Yes,Month-to-month,Yes,Bank transfer,76.37,3997.78,No
C01255,Male,27.0,0,No,No,31,Yes,No,No,No internet service,No internet service,No internet service,No internet service,No internet service,No internet service,One year,Yes,Mailed check,31.0,1004.95,No
C01812,Male,36.0,0,No,No,27,Yes,No,Fiber optic,No,Yes,Yes,No,No,Yes,Month-to-month,Yes,Bank transfer,64.62,1612.69,Yes
C02433,Female,18.0,0,No,No,23,Yes,No,Fiber optic,No,No,Yes,No,Yes,No,Two year,Yes,Bank transfer,57.43,1574.68,Yes
C02339,Male,56.0,0,No,Yes,43,Yes,No,DSL,No,No,No,No,Yes,No,One year,Yes,Mailed check,47.15,2197.21,No
C05421,Male,38.0,0,No,No,52,No,No phone service,Fiber optic,No,No,Yes,No,No,No,Two year,Yes,Credit card,51.19,2650.34,No
C04356,Female,38.0,0,No,No,2,Yes,No,No,No internet service,No internet service,No internet service,No internet service,No internet service,No internet service,Month-to-month,No,Credit card,18.0,130.5,Yes
C05895,Female,28.0,0,Yes,No,25,Yes,No,No,No internet service,No internet service,No internet service,No internet service,No internet service,No internet service,Month-to-month,No,Bank transfer,18.0,557.57,No
C06522,Male,40.0,0,Yes,No,20,Yes,Yes,Fiber optic,No,Yes,No,No,No,Yes,One year,No,Mailed check,65.38,1438.01,No
C03675,Male,49.0,0,Yes,No,57,Yes,Yes,DSL,No,No,Yes,No,No,No,One year,Yes,Electronic check,52.98,3147.23,No
C03686,Male,39.0,0,Yes,No,14,Yes,No,DSL,Yes,Yes,No,No,Yes,Yes,Month-to-month,Yes,Electronic check,57.48,811.87,No
C06753,Female,63.0,0,Yes,No,35,No,No phone service,No,No internet service,No internet service,No internet service,No internet service,No internet service,No internet service,Month-to-month,Yes,Credit card,25.32,1164.56,No
C06745,Male,24.0,0,No,Yes,24,Yes,No,Fiber optic,Yes,No,Yes,Yes,Yes,Yes,Month-to-month,No,Electronic check,82.96,2003.07,No
C01537,Male,42.0,0,Yes,No,34,Yes,Yes,Fiber optic,Yes,Yes,No,Yes,Yes,No,One year,Yes,Electronic check,86.67,3167.27,No
C03438,Female,50.0,0,No,No,28,Yes,Yes,Fiber optic,No,Yes,Yes,No,Yes,No,Month-to-month,Yes,Mailed check,78.87,2134.12,Yes
C01937,Female,35.0,0,No,No,43,Yes,Yes,Fiber optic,No,No,Yes,No,Yes,No,Two year,No,Electronic check,79.01,3974.82,No
C05655,Male,78.0,1,Yes,No,43,Yes,Yes,DSL,No,Yes,Yes,No,Yes,No,Month-to-month,No,Mailed check,51.55,2297.99,No
C00995,Male,53.0,0,Yes,No,11,Yes,No,Fiber optic,No,Yes,No,No,No,No,Month-to-month,No,Credit card,64.35,850.72,No
C06936,Female,18.0,0,No,No,55,Yes,Yes,Fiber optic,No,No,Yes,Yes,Yes,No,Two year,Yes,Bank transfer,72.22,3989.08,No
C00556,Female,75.0,1,No,No,8,Yes,Yes,DSL,No,No,Yes,No,No,No,Month-to-month,Yes,Mailed check,52.15,497.42,Yes
C03081,Female,32.0,0,Yes,No,45,Yes,Yes,Fiber optic,No,No,No,Yes,Yes,No,Month-to-month,No,Credit card,74.06,3284.08,No
C04157,Female,42.0,0,No,No,17,Yes,No,DSL,Yes,Yes,Yes,No,No,No,Month-to-month,No,Credit card,50.91,872.13,Yes
C03173,Male,29.0,0,No,No,22,Yes,Yes,DSL,Yes,No,Yes,No,Yes,No,Two year,No,Bank transfer,75.86,1678.83,No
C03074,Female,63.0,0,No,Yes,52,Yes,No,DSL,No,Yes,No,No,No,Yes,Two year,Yes,Mailed check,50.46,2521.6,No
C00512,Male,51.0,0,No,No,18,No,No phone service,DSL,No,Yes,Yes,Yes,No,Yes,Month-to-month,No,Bank transfer,53.77,947.83,Yes
C02150,Male,70.0,1,No,No,34,Yes,No,DSL,Yes,No,No,Yes,Yes,No,Two year,Yes,Electronic check,65.95,2512.41,No
C01451,Male,60.0,0,Yes,Yes,10,Yes,No,No,No internet service,No internet service,No internet service,No internet service,No internet service,No internet service,Month-to-month,No,Bank transfer,24.5,348.18,No
C03515,Female,54.0,0,Yes,No,15,Yes,No,No,No internet service,No internet service,No internet service,No internet service,No internet service,No internet service,Month-to-month,Yes,Electronic check,27.6,505.78,Yes
C01388,Female,46.0,0,Yes,No,59,Yes,No,DSL,No,Yes,No,No,No,No,Two year,No,Mailed check,55.85,3386.47,No
C03947,Female,36.0,0,Yes,No,31,No,No phone service,Fiber optic,No,No,No,No,Yes,No,Month-to-month,Yes,Credit card,47.72,1580.67,No
C00580,Male,60.0,0,Yes,No,20,Yes,Yes,No,No internet service,No internet service,No internet service,No internet service,No internet service,No internet service,Month-to-month,Yes,Electronic check,31.8,741.08,No
C05172,Female,18.0,0,No,No,51,Yes,Yes,No,No internet service,No internet service,No internet service,No internet service,No internet service,No internet service,Two year,Yes,Bank transfer,33.22,1589.1,No
C07168,Male,33.0,0,No,No,24,Yes,No,Fiber optic,No,No,No,No,No,Yes,Month-to-month,No,Electronic check,66.04,1557.645,No
C03425,Female,59.0,0,No,No,2,Yes,Yes,DSL,No,No,No,No,Yes,No,Month-to-month,No,Bank transfer,45.09,134.49,No
C05597,Female,34.0,0,Yes,No,14,Yes,No,Fiber optic,Yes,No,Yes,Yes,Yes,No,Month-to-month,Yes,Credit card,79.39,1131.88,No
C01025,Male,36.0,0,No,No,0,No,No phone service,Fiber optic,Yes,No,Yes,Yes,No,No,Month-to-month,Yes,Electronic check,63.87,100.57,Yes
C02777,Male,36.0,0,No,No,0,Yes,Yes,DSL,No,Yes,No,No,Yes,Yes,One year,Yes,Credit card,59.92,35.66,No
C05901,Female,50.0,0,Yes,No,0,Yes,No,Fiber optic,Yes,Yes,No,No,No,No,Month-to-month,Yes,Electronic check,61.67,111.82,Yes
C06304,Female,55.0,0,No,No,28,Yes,Yes,No,No internet service,No internet service,No internet service,No internet service,No internet service,No internet service,Month-to-month,Yes,Mailed check,28.26,981.56,Yes
C04467,Female,55.0,0,No,No,52,No,No phone service,No,No internet service,No internet service,No internet service,No internet service,No internet service,No internet service,Two year,No,Mailed check,18.0,1027.91,No
C01519,Male,63.0,0,No,No,40,Yes,Yes,DSL,Yes,No,No,No,No,No,Two year,Yes,Mailed check,53.71,2065.65,No
C04727,Male,39.0,0,Yes,Yes,9,Yes,Yes,DSL,No,Yes,No,Yes,Yes,Yes,Month-to-month,Yes,Electronic check,66.54,658.68,No
C06074,Male,45.0,0,No,No,22,Yes,No,DSL,No,No,No,No,No,No,Month-to-month,Yes,Bank transfer,35.22,849.19,No
C01424,Male,41.0,0,Yes,No,22,Yes,Yes,Fiber optic,No,No,No,Yes,No,No,Month-to-month,No,Mailed check,67.27,1525.49,No
C00546,Female,38.0,0,Yes,No,0,Yes,No,Fiber optic,Yes,Yes,No,No,Yes,Yes,Month-to-month,No,Bank transfer,85.45,96.61,Yes
C00672,Female,43.0,0,Yes,Yes,66,Yes,No,DSL,No,Yes,No,No,Yes,No,Two year,No,Electronic check,48.44,3420.17,No
C06110,Female,35.0,0,Yes,No,11,Yes,Yes,DSL,No,No,No,Yes,No,Yes,Month-to-month,No,Mailed check,52.54,595.91,Yes
C06420,Male,37.0,0,No,No,34,Yes,Yes,Fiber optic,No,No,No,No,Yes,Yes,Month-to-month,Yes,Electronic check,74.31,2502.89,No
C01184,Female,31.0,0,Yes,No,56,Yes,No,DSL,No,No,No,No,Yes,No,Two year,Yes,Credit card,47.46,2581.26,No
C01044,Male,52.0,0,Yes,Yes,49,Yes,Yes,Fiber optic,Yes,No,No,No,Yes,No,Two year,No,Credit card,77.05,4532.61,No
C05274,Male,43.0,0,Yes,Yes,54,Yes,No,Fiber optic,Yes,No,No,No,Yes,No,Two year,No,Bank transfer,63.34,3432.11,No
C06760,Male,37.0,0,Yes,No,43,No,No phone service,Fiber optic,No,No,No,No,Yes,Yes,Month-to-month,No,Bank transfer,65.3,2647.76,No
C03411,Male,18.0,0,No,No,22,Yes,No,No,No internet service,No internet service,No internet service,No internet service,No internet service,No internet service,Month-to-month,Yes,Electronic check,32.91,769.33,No
C03067,Male,49.0,0,Yes,No,32,Yes,No,No,No internet service,No internet service,No internet service,No internet service,No internet service,No internet service,Month-to-month,No,Credit card,23.3,741.82,No
C01185,Female,35.0,0,No,No,35,Yes,No,Fiber optic,Yes,No,No,No,Yes,No,Month-to-month,Yes,Electronic check,63.87,2055.06,Yes
C06605,Male,28.0,0,No,No,58,Yes,Yes,DSL,No,No,Yes,No,No,Yes,One year,Yes,Bank transfer,54.89,3278.97,No
C04601,Female,21.0,0,No,No,9,Yes,Yes,Fiber optic,Yes,No,Yes,Yes,No,No,One year,Yes,Credit card,81.17,773.44,No
C01126,Female,61.0,0,No,No,47,Yes,No,Fiber optic,No,No,No,Yes,Yes,Yes,Month-to-month,Yes,Credit card,72.94,3466.06,No
C06569,Male,56.0,0,Yes,No,21,Yes,No,Fiber optic,Yes,No,No,No,No,Yes,Month-to-month,Yes,Mailed check,72.93,1423.36,Yes
C04235,Female,56.0,0,Yes,No,0,Yes,Yes,Fiber optic,No,No,Yes,No,No,No,Month-to-month,No,Electronic check,58.72,4.72,No
C05222,Female,33.0,0,Yes,Yes,22,Yes,Yes,Fiber optic,No,No,No,Yes,Yes,No,Two year,No,Bank transfer,67.03,1606.83,Yes
C04956,Male,36.0,0,No,No,7,Yes,No,Fiber optic,Yes,Yes,No,No,No,No,One year,No,Mailed check,60.49,533.85,No
C03040,Male,44.0,0,Yes,No,62,Yes,Yes,DSL,No,No,No,No,Yes,No,Two year,Yes,Electronic check,55.97,3649.9,No
C05786,Female,50.0,0,No,Yes,57,Yes,No,DSL,Yes,No,No,No,No,No,Month-to-month,Yes,Electronic check,44.72,2593.91,No
C00212,Female,47.0,0,Yes,No,26,Yes,Yes,Fiber optic,No,No,No,No,No,No,Month-to-month,Yes,Bank transfer,55.01,1444.98,No
C03554,Male,44.0,0,Yes,No,55,Yes,No,Fiber optic,No,Yes,No,Yes,Yes,Yes,Two year,No,Bank transfer,71.34,4233.21,No
C02315,Female,49.0,0,No,Yes,7,Yes,No,Fiber optic,No,No,Yes,No,No,No,Month-to-month,No,Credit card,66.56,548.96,No
C02196,Male,45.0,0,No,No,9,Yes,Yes,Fiber optic,Yes,Yes,No,No,No,No,Month-to-month,No,Bank transfer,61.02,664.79,Yes
C05814,Male,44.0,0,Yes,No,1,Yes,No,No,No internet service,No internet service,No internet service,No internet service,No internet service,No internet service,Two year,Yes,Electronic check,36.6,111.51,No
C00491,Male,39.0,0,Yes,No,60,Yes,Yes,Fiber optic,No,No,Yes,No,Yes,No,One year,Yes,Mailed check,77.61,4720.6,No
C05748,Male,36.0,0,No,No,14,Yes,Yes,DSL,Yes,Yes,Yes,No,No,Yes,Month-to-month,Yes,Bank transfer,68.34,828.84,No
C05215,Female,22.0,0,No,No,31,Yes,No,DSL,No,No,No,Yes,No,No,Month-to-month,Yes,Bank transfer,48.49,1565.22,No
C00269,Female,50.0,0,Yes,Yes,37,Yes,No,DSL,No,No,No,No,No,Yes,Month-to-month,Yes,Electronic check,36.85,1501.98,No
C02334,Female,68.0,1,No,No,17,Yes,No,DSL,No,No,No,No,No,No,Month-to-month,Yes,Mailed check,38.31,648.73,Yes
C06318,Female,45.0,0,Yes,No,28,No,No phone service,Fiber optic,No,Yes,No,No,No,No,Two year,No,Mailed check,51.87,1592.33,No
C02949,Male,50.0,0,Yes,Yes,34,No,No phone service,DSL,No,No,No,No,Yes,No,Month-to-month,Yes,Bank transfer,48.6,1618.85,No
C00199,Female,69.0,1,Yes,No,32,Yes,No,DSL,No,No,Yes,No,No,No,Month-to-month,No,Mailed check,45.65,1459.29,No
C04524,Male,43.0,0,Yes,Yes,62,Yes,No,No,No internet service,No internet service,No internet service,No internet service,No internet service,No internet service,Two year,Yes,Credit card,25.26,1453.52,No
C02972,Male,64.0,0,Yes,No,29,Yes,No,Fiber optic,No,No,No,No,Yes,No,Month-to-month,No,Electronic check,46.34,1501.59,Yes
C01093,Female,44.0,0,No,No,34,Yes,No,Fiber optic,Yes,Yes,No,Yes,Yes,Yes,Month-to-month,No,Mailed check,91.34,2749.37,No
C06365,Female,21.0,0,No,No,33,Yes,No,No,No internet service,No internet service,No internet service,No internet service,No internet service,No internet service,Two year,Yes,Electronic check,30.83,1112.35,No
C00373,Male,41.0,0,No,No,14,Yes,No,No,No internet service,No internet service,No internet service,No internet service,No internet service,No internet service,Month-to-month,Yes,Bank transfer,35.05,536.03,No
C01639,Female,21.0,0,No,No,18,Yes,No,DSL,No,Yes,No,No,No,No,Month-to-month,No,Credit card,45.41,894.29,No
C05101,Male,29.0,0,No,No,11,Yes,No,Fiber optic,No,No,No,No,No,No,Month-to-month,Yes,Electronic check,62.09,767.81,Yes
C00890,Female,33.0,0,No,No,4,Yes,Yes,DSL,No,Yes,No,No,No,No,Month-to-month,Yes,Electronic check,47.97,192.96,No
C00239,Male,41.0,0,No,No,17,Yes,No,Fiber optic,Yes,No,Yes,Yes,No,No,Month-to-month,Yes,Electronic check,71.67,1463.45,Yes
C04624,Male,57.0,0,Yes,Yes,24,No,No phone service,Fiber optic,No,No,No,No,No,Yes,One year,Yes,Mailed check,59.22,1531.31,No
C03485,Male,37.0,0,No,No,28,Yes,Yes,DSL,Yes,No,No,No,No,Yes,One year,No,Electronic check,51.43,1393.03,No
C07221,Male,48.0,0,Yes,Yes,24,Yes,No,Fiber optic,No,No,Yes,No,No,No,One year,Yes,Credit card,58.46,1340.42,No
C06299,Male,37.0,0,No,Yes,38,Yes,Yes,Fiber optic,Yes,Yes,No,No,Yes,No,Month-to-month,Yes,Electronic check,83.49,3174.0,No
C06346,Male,44.0,0,No,No,33,Yes,No,No,No internet service,No internet service,No internet service,No internet service,No internet service,No internet service,Month-to-month,Yes,Bank transfer,30.18,1055.29,Yes
C06956,Male,45.0,0,No,No,46,Yes,No,No,No internet service,No internet service,No internet service,No internet service,No internet service,No internet service,Month-to-month,Yes,Mailed check,36.52,1666.67,No
C03334,Female,31.0,0,Yes,No,0,Yes,Yes,DSL,No,No,Yes,No,Yes,No,Month-to-month,Yes,Bank transfer,58.92,150.95,Yes
C06436,Male,49.0,0,No,No,28,Yes,No,DSL,No,No,Yes,Yes,No,No,Two year,Yes,Electronic check,54.97,1620.68,No
C07117,Female,39.0,0,No,No,47,Yes,Yes,Fiber optic,No,No,No,Yes,No,No,One year,Yes,Bank transfer,65.86,3420.19,No
C02653,Female,32.0,0,Yes,No,30,Yes,No,No,No internet service,No internet service,No internet service,No internet service,No internet service,No internet service,One year,Yes,Bank transfer,25.97,967.59,No
C00951,Female,20.0,0,Yes,No,65,Yes,No,Fiber optic,No,No,No,No,No,No,Two year,Yes,Bank transfer,50.41,3344.49,No
C06901,Male,18.0,0,No,No,0,Yes,Yes,No,No internet service,No internet service,No internet service,No internet service,No internet service,No internet service,Month-to-month,Yes,Bank transfer,25.54,150.13,No
C04242,Male,58.0,0,No,No,31,Yes,No,Fiber optic,Yes,Yes,No,No,No,No,Two year,Yes,Credit card,62.3,1914.83,Yes
C02689,Male,25.0,0,No,No,18,Yes,No,DSL,No,No,No,No,Yes,No,Month-to-month,No,Bank transfer,42.75,938.55,Yes
C04389,Female,39.0,0,No,No,19,No,No phone service,DSL,No,No,No,Yes,Yes,Yes,Month-to-month,Yes,Bank transfer,54.69,1220.09,No
C03078,Female,44.0,0,Yes,Yes,44,Yes,No,Fiber optic,Yes,Yes,Yes,No,No,No,One year,No,Electronic check,63.15,2879.83,No
C01284,Male,45.0,0,No,No,20,Yes,No,No,No internet service,No internet service,No internet service,No internet service,No internet service,No internet service,Month-to-month,No,Credit card,18.0,462.03,No
C02888,Male,25.0,0,Yes,No,23,No,No phone service,No,No internet service,No internet service,No internet service,No internet service,No internet service,No internet service,Month-to-month,No,Credit card,21.42,509.07,No
C06096,Male,46.0,0,Yes,No,15,Yes,Yes,DSL,No,No,No,No,No,Yes,Two year,Yes,Electronic check,66.09,1259.98,No
C07131,Male,31.0,0,No,No,31,Yes,No,Fiber optic,No,No,No,No,Yes,Yes,One year,Yes,Electronic check,73.47,2347.06,Yes
C05086,Female,30.0,0,No,No,54,Yes,Yes,No,No internet service,No internet service,No internet service,No internet service,No internet service,No internet service,Two year,No,Electronic check,29.23,1606.71,No
C02046,Female,59.0,0,Yes,No,23,Yes,Yes,DSL,No,No,No,Yes,No,No,Month-to-month,Yes,Credit card,58.59,1518.04,No
C06147,Female,56.0,0,Yes,No,40,Yes,No,DSL,No,No,No,No,Yes,No,One year,No,Credit card,43.22,1632.17,No
C01492,Male,70.0,1,Yes,No,29,Yes,No,Fiber optic,Yes,No,No,No,Yes,No,Month-to-month,Yes,Mailed check,66.16,2106.67,Yes
C07147,Female,38.0,0,Yes,No,48,No,No phone service,No,No internet service,No internet service,No internet service,No internet service,No internet service,No internet service,Month-to-month,No,Electronic check,23.07,1233.62,No
C03001,Female,56.0,0,No,No,24,Yes,No,Fiber optic,Yes,Yes,Yes,No,Yes,No,One year,Yes,Electronic check,71.23,1480.28,No
C06736,Female,26.0,0,No,Yes,1,Yes,Yes,No,No internet service,No internet service,No internet service,No internet service,No internet service,No internet service,One year,No,Electronic check,24.68,61.55,No
C04278,Female,47.0,0,No,No,27,Yes,Yes,DSL,No,Yes,No,Yes,No,Yes,One year,No,Mailed check,59.23,1853.9,No
C04290,Female,52.0,0,Yes,Yes,4,Yes,No,DSL,Yes,No,Yes,No,Yes,No,Month-to-month,No,Electronic check,54.92,270.4,No
C00624,Male,43.0,0,No,No,18,Yes,Yes,Fiber optic,Yes,No,No,No,No,Yes,One year,Yes,Bank transfer,77.2,1496.33,No
C06524,Male,64.0,0,No,No,0,No,No phone service,Fiber optic,No,No,Yes,No,No,No,Month-to-month,No,Electronic check,52.94,141.83,No
C05702,Female,26.0,0,No,Yes,15,Yes,No,No,No internet service,No internet service,No internet service,No internet service,No internet service,No internet service,Month-to-month,No,Bank transfer,25.01,439.54,No
C02057,Male,27.0,0,No,No,43,Yes,No,Fiber optic,Yes,Yes,No,Yes,No,No,Month-to-month,Yes,Credit card,66.45,3408.2,No
C07183,Male,29.0,0,No,No,51,Yes,No,Fiber optic,No,Yes,No,No,No,No,Two year,Yes,Mailed check,51.86,3091.45,No
C06681,Female,27.0,0,No,No,58,Yes,Yes,Fiber optic,No,Yes,Yes,Yes,No,Yes,Two year,No,Electronic check,84.07,5667.08,No
C05168,Female,27.0,0,No,No,7,Yes,No,DSL,No,No,No,No,Yes,No,Month-to-month,Yes,Bank transfer,41.3,424.52,No
C00702,Male,47.0,0,No,No,29,No,No phone service,No,No internet service,No internet service,No internet service,No internet service,No internet service,No internet service,Two year,Yes,Mailed check,18.0,626.67,No
C00510,Female,61.0,0,No,Yes,0,Yes,No,Fiber optic,Yes,No,Yes,No,No,No,Month-to-month,Yes,Bank transfer,60.13,151.14,No
C00683,Female,18.0,0,No,No,30,Yes,Yes,DSL,Yes,Yes,No,No,Yes,No,One year,No,Mailed check,69.46,2266.01,Yes
C05849,Female,45.0,0,No,No,19,No,No phone service,DSL,No,Yes,Yes,No,Yes,No,One year,No,Mailed check,54.91,1031.74,No
C03185,Male,40.0,0,Yes,No,0,Yes,Yes,DSL,No,No,No,No,No,Yes,Month-to-month,Yes,Mailed check,55.87,25.08,No
C00817,Male,47.0,0,Yes,No,9,No,No phone service,No,No internet service,No internet service,No internet service,No internet service,No internet service,No internet service,Month-to-month,Yes,Mailed check,23.72,335.81,No
C05194,Female,45.0,0,Yes,No,41,Yes,No,DSL,Yes,Yes,No,Yes,No,Yes,Month-to-month,No,Mailed check,70.78,3154.78,No
C00377,Female,35.0,0,No,No,47,Yes,No,DSL,Yes,No,No,No,Yes,No,Two year,Yes,Bank transfer,69.48,3282.81,No
C02223,Female,29.0,0,No,No,59,Yes,Yes,Fiber optic,No,Yes,Yes,Yes,No,Yes,Two year,Yes,Bank transfer,86.12,4919.83,No
C05973,Female,32.0,0,No,Yes,21,Yes,Yes,Fiber optic,No,No,Yes,No,Yes,Yes,Month-to-month,Yes,Electronic check,82.96,1790.79,Yes
C02809,Male,56.0,0,Yes,No,0,Yes,No,DSL,No,Yes,Yes,No,Yes,Yes,Month-to-month,No,Electronic check,67.18,12.84,Yes
C04537,Male,47.0,0,No,Yes,22,Yes,Yes,Fiber optic,No,No,No,Yes,No,No,Two year,No,Electronic check,67.01,1630.41,No
C02782,Female,36.0,0,No,No,37,Yes,Yes,Fiber optic,Yes,No,Yes,Yes,No,Yes,Two year,Yes,Credit card,85.74,3270.05,No
C01660,Female,34.0,0,No,No,72,Yes,No,Fiber optic,No,Yes,No,Yes,No,No,Two year,No,Electronic check,65.38,5319.02,No
C00539,Female,43.0,0,No,Yes,5,Yes,Yes,No,No internet service,No internet service,No internet service,No internet service,No internet service,No internet service,Month-to-month,No,Electronic check,27.25,250.09,No
C02902,Female,42.0,0,Yes,No,5,Yes,Yes,DSL,No,Yes,No,No,No,No,Month-to-month,Yes,Credit card,50.3,353.56,No
C04176,Male,66.0,1,No,Yes,23,Yes,Yes,Fiber optic,Yes,No,Yes,No,Yes,No,Month-to-month,Yes,Electronic check,82.45,1716.2,No
C01894,Female,46.0,0,Yes,No,3,Yes,Yes,Fiber optic,No,Yes,Yes,No,No,Yes,Month-to-month,Yes,Electronic check,82.71,332.5,Yes
C06013,Female,23.0,0,No,No,55,Yes,No,Fiber optic,No,No,No,No,No,Yes,Month-to-month,No,Mailed check,55.7,3311.93,No
C03783,Female,54.0,0,No,Yes,22,Yes,No,DSL,No,No,Yes,No,Yes,No,Month-to-month,No,Bank transfer,50.39,1124.19,Yes
C02407,Male,41.0,0,Yes,No,42,No,No phone service,No,No internet service,No internet service,No internet service,No internet service,No internet service,No internet service,Month-to-month,No,Mailed check,20.07,849.92,No
C01045,Male,37.0,0,No,No,22,Yes,No,DSL,No,No,No,No,No,Yes,Month-to-month,No,Electronic check,37.84,749.91,No
C02353,Female,21.0,0,No,No,7,Yes,No,No,No internet service,No internet service,No internet service,No internet service,No internet service,No internet service,Month-to-month,Yes,Electronic check,30.6,285.07,No
C04284,Female,63.0,0,No,No,41,Yes,Yes,DSL,No,Yes,No,No,Yes,No,Month-to-month,Yes,Mailed check,67.28,2744.93,No
C02665,Male,37.0,0,Yes,No,51,Yes,Yes,DSL,No,No,No,Yes,Yes,Yes,Two year,No,Electronic check,66.53,3675.69,No
C03935,Female,43.0,0,Yes,Yes,42,Yes,Yes,Fiber optic,No,No,Yes,No,Yes,No,One year,No,Bank transfer,63.39,2994.47,No
C02252,Male,29.0,0,No,No,30,Yes,Yes,Fiber optic,No,No,No,No,Yes,Yes,Month-to-month,Yes,Bank transfer,76.23,1907.63,Yes
C02273,Female,46.0,0,No,No,55,Yes,Yes,No,No internet service,No internet service,No internet service,No internet service,No internet service,No internet service,Month-to-month,Yes,Electronic check,34.4,1847.09,No
C03373,Female,23.0,0,No,No,41,Yes,No,No,No internet service,No internet service,No internet service,No internet service,No internet service,No internet service,Two year,No,Credit card,20.06,715.53,No
C05870,Female,39.0,0,No,No,0,Yes,Yes,DSL,Yes,Yes,No,No,Yes,Yes,Month-to-month,No,Electronic check,62.15,10.99,Yes
C01285,Female,41.0,0,Yes,No,52,Yes,No,Fiber optic,Yes,No,Yes,No,Yes,No,Two year,No,Bank transfer,70.45,3793.6,No
C06123,Male,35.0,0,Yes,No,10,No,No phone service,Fiber optic,No,No,Yes,No,No,No,Month-to-month,No,Bank transfer,51.05,599.18,Yes
C03044,Male,33.0,0,No,No,23,No,No phone service,Fiber optic,No,No,No,No,Yes,No,Month-to-month,Yes,Credit card,58.07,1588.99,No
C06883,Male,39.0,0,No,No,34,No,No phone service,DSL,Yes,No,Yes,No,No,No,One year,No,Bank transfer,41.87,1515.82,No
C03109,Female,28.0,0,Yes,No,0,Yes,No,Fiber optic,No,Yes,No,No,Yes,Yes,Month-to-month,Yes,Electronic check,69.38,166.89,Yes
C04470,Male,50.0,0,No,No,62,Yes,No,No,No internet service,No internet service,No internet service,No internet service,No internet service,No internet service,Two year,No,Bank transfer,29.36,1626.36,No
C04159,Male,30.0,0,Yes,No,25,Yes,No,Fiber optic,No,Yes,No,Yes,No,Yes,One year,No,Credit card,75.61,1912.3,No
C06490,Male,46.0,0,No,No,31,Yes,Yes,DSL,No,Yes,Yes,No,Yes,No,One year,Yes,Electronic check,54.96,1600.73,No
C01348,Female,59.0,0,Yes,No,21,Yes,No,Fiber optic,No,No,No,Yes,No,No,Month-to-month,Yes,Bank transfer,56.59,1361.95,No
C02911,Female,34.0,0,Yes,No,20,Yes,Yes,Fiber optic,Yes,No,No,No,Yes,No,Month-to-month,No,Electronic check,66.89,1204.37,Yes
C03907,Female,54.0,0,Yes,No,3,Yes,Yes,Fiber optic,No,Yes,No,Yes,No,No,Month-to-month,No,Electronic check,64.38,376.48,No
C06271,Female,46.0,0,No,No,21,Yes,Yes,Fiber optic,No,No,No,Yes,No,No,Month-to-month,No,Credit card,68.76,1206.04,No
C06796,Male,51.0,0,No,No,11,Yes,No,DSL,Yes,Yes,No,No,No,No,Month-to-month,Yes,Bank transfer,51.26,576.9,Yes
C01215,Male,63.0,0,Yes,No,40,Yes,No,No,No internet service,No internet service,No internet service,No internet service,No internet service,No internet service,Month-to-month,Yes,Electronic check,34.46,1483.23,No
C02830,Male,31.0,0,No,No,12,Yes,No,Fiber optic,No,No,No,No,No,Yes,Month-to-month,Yes,Electronic check,61.36,854.37,Yes
C00888,Male,32.0,0,Yes,No,10,Yes,Yes,Fiber optic,Yes,No,Yes,No,No,No,Month-to-month,Yes,Electronic check,65.55,775.57,Yes
C02652,Female,29.0,0,No,No,33,Yes,No,No,No internet service,No internet service,No internet service,No internet service,No internet service,No internet service,Month-to-month,Yes,Credit card,20.76,713.44,No
C01685,Female,18.0,0,No,No,24,Yes,No,No,No internet service,No internet service,No internet service,No internet service,No internet service,No internet service,Month-to-month,No,Credit card,18.0,443.64,No
C05323,Female,49.0,0,No,No,30,Yes,No,DSL,No,Yes,No,No,Yes,No,One year,No,Credit card,41.66,1250.59,No
C01037,Male,42.0,0,No,No,35,Yes,No,Fiber optic,Yes,No,No,No,Yes,Yes,Two year,Yes,Mailed check,88.74,2980.58,No
C01897,Male,30.0,0,No,No,11,Yes,No,Fiber optic,Yes,No,No,No,Yes,No,Month-to-month,No,Credit card,62.32,770.11,Yes
C00594,Male,50.0,0,No,Yes,13,Yes,Yes,DSL,No,No,No,No,No,No,Month-to-month,Yes,Electronic check,46.16,638.27,Yes
C01626,Male,69.0,1,No,Yes,14,Yes,Yes,No,No internet service,No internet service,No internet service,No internet service,No internet service,No internet service,Month-to-month,No,Credit card,30.0,588.37,No
C02019,Male,38.0,0,No,No,11,Yes,Yes,Fiber optic,No,No,Yes,No,Yes,Yes,Two year,No,Bank transfer,82.59,1001.64,Yes
C02539,Male,24.0,0,No,No,15,Yes,No,Fiber optic,No,Yes,Yes,No,No,Yes,Two year,Yes,Electronic check,64.88,1061.3,No
C03231,Male,49.0,0,Yes,No,43,Yes,Yes,DSL,No,No,Yes,No,No,No,Two year,No,Bank transfer,48.69,2316.67,No
C00186,Female,46.0,0,No,No,24,Yes,Yes,Fiber optic,No,No,Yes,No,No,No,One year,No,Mailed check,70.45,1889.42,Yes
C02708,Female,42.0,0,No,No,35,Yes,Yes,No,No internet service,No internet service,No internet service,No internet service,No internet service,No internet service,One year,No,Electronic check,25.19,1074.63,No
C02395,Male,41.0,0,Yes,No,59,Yes,No,DSL,No,Yes,No,No,Yes,No,One year,Yes,Bank transfer,52.63,3230.38,No
C06288,Male,38.0,0,No,No,31,Yes,No,Fiber optic,No,Yes,No,Yes,Yes,No,Two year,Yes,Credit card,76.34,2786.96,Yes
C04015,Male,28.0,0,No,No,36,Yes,Yes,No,No internet service,No internet service,No internet service,No internet service,No internet service,No internet service,Month-to-month,Yes,Credit card,25.55,957.5,No
C04801,Male,19.0,0,No,No,45,Yes,No,DSL,Yes,Yes,No,No,Yes,No,One year,Yes,Bank transfer,68.68,3654.29,No
C04702,Female,44.0,0,Yes,No,14,Yes,Yes,DSL,Yes,No,Yes,No,No,No,Month-to-month,Yes,Credit card,42.62,618.06,No
C03539,Male,28.0,0,Yes,Yes,26,Yes,No,DSL,No,No,Yes,Yes,No,Yes,Month-to-month,No,Credit card,54.43,1539.22,No
C03833,Female,74.0,1,Yes,No,22,Yes,Yes,No,No internet service,No internet service,No internet service,No internet service,No internet service,No internet service,Month-to-month,Yes,Electronic check,25.17,628.62,No
C03955,Male,56.0,0,Yes,No,18,Yes,No,Fiber optic,Yes,Yes,Yes,No,Yes,No,One year,Yes,Bank transfer,83.2,1544.7,No
C06642,Female,46.0,0,Yes,No,39,Yes,No,Fiber optic,Yes,Yes,No,No,Yes,Yes,Two year,Yes,Electronic check,78.54,3193.52,No
C01784,Female,18.0,0,No,No,49,Yes,No,Fiber optic,No,Yes,Yes,No,No,No,Two year,No,Electronic check,60.47,3092.41,No
C06128,Female,49.0,0,No,No,17,Yes,Yes,Fiber optic,No,No,Yes,Yes,Yes,Yes,One year,Yes,Electronic check,84.32,1537.1,No
C06032,Male,46.0,0,No,Yes,12,Yes,Yes,Fiber optic,No,No,No,No,No,No,One year,Yes,Bank transfer,64.61,805.31,No
C04706,Female,52.0,0,Yes,No,33,Yes,Yes,Fiber optic,No,Yes,No,Yes,Yes,No,Month-to-month,Yes,Electronic check,78.94,2846.02,Yes
C05649,Male,40.0,0,Yes,No,23,Yes,No,DSL,No,No,Yes,No,No,Yes,Month-to-month,No,Electronic check,52.36,1298.09,Yes
C01566,Female,48.0,0,No,No,14,Yes,No,DSL,No,No,No,Yes,Yes,Yes,Month-to-month,Yes,Credit card,58.85,857.62,Yes
C05564,Male,31.0,0,No,No,18,Yes,Yes,Fiber optic,No,No,Yes,No,Yes,No,Month-to-month,No,Credit card,71.55,1356.01,No
C03795,Female,39.0,0,No,No,61,Yes,No,No,No internet service,No internet service,No internet service,No internet service,No internet service,No internet service,Two year,Yes,Bank transfer,37.3,2476.52,No
C02551,Male,38.0,0,No,No,39,Yes,No,DSL,No,No,Yes,No,Yes,Yes,One year,Yes,Mailed check,59.98,2648.67,No
C06431,Female,32.0,0,Yes,Yes,31,Yes,No,DSL,No,No,Yes,No,No,No,Month-to-month,Yes,Bank transfer,45.18,1579.33,No
C04576,Female,55.0,0,Yes,No,32,Yes,No,Fiber optic,No,Yes,No,Yes,Yes,Yes,One year,No,Bank transfer,88.02,2766.59,No
C03253,Female,54.0,0,Yes,No,22,Yes,No,Fiber optic,Yes,No,No,Yes,No,No,One year,Yes,Electronic check,69.76,1613.14,No
C01141,Female,33.0,0,Yes,No,23,No,No phone service,DSL,Yes,No,No,No,Yes,No,One year,No,Electronic check,53.09,1339.49,No
C02452,Female,31.0,0,No,No,0,No,No phone service,Fiber optic,No,Yes,No,No,No,No,Month-to-month,Yes,Credit card,55.39,134.8,Yes
C03068,Male,59.0,0,No,No,34,Yes,Yes,Fiber optic,No,Yes,Yes,Yes,Yes,No,Month-to-month,Yes,Electronic check,85.79,1997.98,No
C02793,Female,57.0,0,Yes,No,50,Yes,Yes,Fiber optic,No,No,Yes,No,No,No,One year,Yes,Bank transfer,66.57,3285.04,Yes
C02828,Female,18.0,0,No,No,0,Yes,Yes,Fiber optic,No,No,Yes,Yes,No,No,Month-to-month,Yes,Bank transfer,61.78,156.78,Yes
C01549,Female,43.0,0,No,No,41,Yes,No,Fiber optic,Yes,No,No,Yes,No,No,Month-to-month,No,Electronic check,68.87,3066.48,No
C02186,Female,37.0,0,Yes,No,34,Yes,No,DSL,No,Yes,No,No,No,Yes,Month-to-month,No,Mailed check,49.48,1485.07,No
C02813,Male,71.0,1,No,Yes,18,No,No phone service,No,No internet service,No internet service,No internet service,No internet service,No internet service,No internet service,Month-to-month,Yes,Credit card,18.0,300.33,No
C06209,Male,38.0,0,Yes,No,0,Yes,Yes,No,No internet service,No internet service,No internet service,No internet service,No internet service,No internet service,Month-to-month,No,Electronic check,33.5,146.75,No
C04377,Female,49.0,0,No,Yes,5,Yes,No,Fiber optic,No,Yes,Yes,Yes,No,Yes,Month-to-month,No,Bank transfer,75.98,471.63,Yes
C03399,Male,35.0,0,No,No,36,No,No phone service,Fiber optic,Yes,Yes,No,No,No,Yes,Month-to-month,Yes,Credit card,78.48,2580.16,No
C00352,Male,34.0,0,No,Yes,40,Yes,No,Fiber optic,No,Yes,No,No,No,No,One year,Yes,Electronic check,59.85,2570.34,No
C03767,Male,52.0,0,Yes,No,0,Yes,No,DSL,Yes,Yes,Yes,Yes,No,Yes,Month-to-month,Yes,Bank transfer,71.53,70.83,Yes
C06369,Female,25.0,0,No,No,53,No,No phone service,DSL,No,Yes,No,No,No,No,Two year,No,Bank transfer,46.32,2667.49,No
C05974,Male,58.0,0,Yes,No,35,Yes,No,No,No internet service,No internet service,No internet service,No internet service,No internet service,No internet service,One year,No,Mailed check,18.0,653.9,No
C03094,Male,52.0,0,Yes,No,8,Yes,No,Fiber optic,Yes,No,Yes,No,No,No,One year,Yes,Electronic check,56.85,597.26,No
C06626,Female,55.0,0,No,No,56,Yes,No,DSL,No,No,Yes,Yes,No,No,Two year,Yes,Electronic check,50.62,2924.55,No
C04357,Female,21.0,0,No,No,43,Yes,No,No,No internet service,No internet service,No internet service,No internet service,No internet service,No internet service,Two year,No,Bank transfer,18.0,769.46,No
C03982,Female,54.0,0,Yes,Yes,12,Yes,Yes,DSL,No,No,No,No,Yes,No,One year,Yes,Mailed check,58.12,680.7,No
C00282,Female,40.0,0,No,No,18,Yes,No,Fiber optic,No,Yes,No,No,Yes,Yes,Month-to-month,No,Electronic check,67.89,1352.41,No
C02436,Female,22.0,0,Yes,No,46,No,No phone service,DSL,No,No,No,Yes,Yes,No,Two year,Yes,Bank transfer,43.02,2275.72,No
C04021,Male,44.0,0,No,No,26,Yes,No,Fiber optic,No,Yes,No,No,No,Yes,Month-to-month,Yes,Electronic check,60.02,1482.47,No
C03446,Female,20.0,0,No,No,21,Yes,No,Fiber optic,Yes,Yes,No,No,No,No,Month-to-month,No,Electronic check,63.27,1395.53,Yes
C06678,Male,52.0,0,No,No,18,Yes,No,Fiber optic,No,Yes,Yes,Yes,No,Yes,One year,No,Electronic check,76.21,1383.06,No
C05068,Male,28.0,0,No,No,5,Yes,No,DSL,No,Yes,No,No,No,Yes,Month-to-month,Yes,Electronic check,50.22,331.46,Yes
C04431,Male,59.0,0,Yes,Yes,28,Yes,Yes,No,No internet service,No internet service,No internet service,No internet service,No internet service,No internet service,Month-to-month,Yes,Electronic check,30.48,1153.45,No
C03125,Female,21.0,0,No,No,27,Yes,Yes,Fiber optic,Yes,No,No,Yes,No,No,Two year,Yes,Mailed check,77.27,2020.49,No
C04026,Male,48.0,0,No,Yes,0,Yes,Yes,DSL,Yes,No,No,No,Yes,No,One year,Yes,Electronic check,56.09,116.56,No
C06984,Male,18.0,0,No,No,12,Yes,Yes,DSL,No,No,No,No,Yes,No,Month-to-month,Yes,Electronic check,50.16,580.91,Yes
C02299,Female,50.0,0,No,No,27,Yes,No,Fiber optic,No,Yes,No,Yes,Yes,Yes,One year,No,Bank transfer,83.0,2295.21,No
C06782,Female,18.0,0,No,No,0,Yes,No,Fiber optic,Yes,Yes,Yes,No,No,Yes,Month-to-month,Yes,Bank transfer,77.12,129.0,No
C01501,Female,33.0,0,No,No,53,Yes,No,Fiber optic,No,Yes,No,No,Yes,Yes,One year,Yes,Mailed check,65.54,3666.51,Yes
C06470,Male,49.0,0,Yes,No,3,No,No phone service,DSL,Yes,Yes,No,Yes,Yes,Yes,Month-to-month,No,Bank transfer,65.75,289.62,Yes
C00028,Male,48.0,0,Yes,No,0,Yes,Yes,Fiber optic,No,Yes,No,No,Yes,Yes,Month-to-month,No,Electronic check,80.57,38.54,Yes
C07187,Male,30.0,0,No,No,0,Yes,No,DSL,Yes,Yes,No,No,No,No,Month-to-month,No,Electronic check,42.16,71.62,No
C05121,Male,58.0,0,Yes,No,35,Yes,No,DSL,Yes,No,Yes,No,No,Yes,One year,No,Electronic check,60.48,2277.9,Yes
C06410,Male,45.0,0,Yes,Yes,25,Yes,Yes,DSL,Yes,No,Yes,No,No,Yes,Month-to-month,Yes,Electronic check,60.93,1459.43,No
C01439,Female,61.0,0,Yes,No,72,Yes,No,Fiber optic,No,No,Yes,No,No,No,Two year,Yes,Credit card,64.44,5222.81,No
C05908,Male,58.0,0,Yes,No,52,Yes,No,DSL,Yes,No,Yes,No,No,No,Month-to-month,Yes,Credit card,45.25,2371.85,No
C01103,Male,36.0,0,No,Yes,45,Yes,No,Fiber optic,Yes,No,No,No,Yes,No,One year,No,Mailed check,60.73,2276.02,No
C02168,Female,54.0,0,Yes,No,0,Yes,Yes,DSL,No,No,No,No,Yes,Yes,Month-to-month,No,Bank transfer,53.03,90.57,No
C00144,Female,18.0,0,No,No,43,Yes,No,No,No internet service,No internet service,No internet service,No internet service,No internet service,No internet service,One year,Yes,Electronic check,22.24,839.86,No
C07031,Female,46.0,0,No,No,50,Yes,No,Fiber optic,Yes,Yes,Yes,No,No,Yes,Two year,Yes,Bank transfer,77.8,3961.71,No
C02460,Male,19.0,0,No,No,42,Yes,No,No,No internet service,No internet service,No internet service,No internet service,No internet service,No internet service,Month-to-month,Yes,Electronic check,23.03,912.8,No
C01755,Male,44.0,0,Yes,No,11,Yes,Yes,Fiber optic,No,Yes,No,No,No,Yes,Month-to-month,Yes,Electronic check,67.16,895.91,Yes
C04864,Male,44.0,0,No,No,0,Yes,Yes,No,No internet service,No internet service,No internet service,No internet service,No internet service,No internet service,Month-to-month,Yes,Bank transfer,35.39,152.26,Yes
C03774,Male,48.0,0,No,No,0,Yes,No,Fiber optic,Yes,No,No,No,No,No,Month-to-month,Yes,Electronic check,60.21,149.05,Yes
C00433,Male,55.0,0,No,No,28,Yes,No,DSL,Yes,No,Yes,Yes,Yes,Yes,Two year,Yes,Credit card,80.82,2462.18,No
C00079,Male,66.0,1,Yes,Yes,22,Yes,No,Fiber optic,No,No,No,No,No,No,One year,No,Electronic check,44.69,916.39,No
C03004,Female,58.0,0,No,No,7,Yes,No,Fiber optic,No,Yes,No,Yes,Yes,No,Month-to-month,No,Credit card,64.56,633.12,No
C00881,Male,58.0,0,Yes,No,45,Yes,Yes,Fiber optic,Yes,Yes,Yes,No,Yes,Yes,One year,Yes,Credit card,85.1,2750.16,No
C03342,Female,29.0,0,Yes,No,0,Yes,No,Fiber optic,Yes,No,No,No,No,No,Month-to-month,No,Bank transfer,52.98,43.93,No
C03267,Female,69.0,1,Yes,No,0,Yes,No,Fiber optic,No,Yes,No,No,Yes,Yes,Month-to-month,Yes,Mailed check,71.39,44.25,Yes
C02484,Female,31.0,0,No,No,50,No,No phone service,Fiber optic,No,No,No,Yes,No,Yes,One year,No,Mailed check,65.79,3438.65,No
C07153,Male,34.0,0,No,Yes,33,Yes,Yes,Fiber optic,No,Yes,Yes,No,No,No,Two year,No,Mailed check,70.44,2121.06,No
C05359,Male,18.0,0,No,Yes,12,Yes,No,No,No internet service,No internet service,No internet service,No internet service,No internet service,No internet service,Month-to-month,Yes,Electronic check,38.22,532.29,No
C01544,Female,28.0,0,No,No,55,Yes,No,Fiber optic,No,Yes,No,No,Yes,Yes,One year,Yes,Electronic check,68.25,4196.66,No
C01107,Female,52.0,0,No,No,43,Yes,No,Fiber optic,No,Yes,Yes,No,Yes,No,Two year,No,Mailed check,54.13,2462.54,No
C05566,Male,29.0,0,No,Yes,0,Yes,Yes,DSL,Yes,Yes,Yes,No,Yes,No,Month-to-month,Yes,Bank transfer,70.39,141.17,Yes
C05625,Female,53.0,0,Yes,Yes,0,Yes,No,Fiber optic,No,No,No,Yes,No,Yes,Month-to-month,Yes,Bank transfer,68.19,52.83,No
C01470,Male,40.0,0,Yes,Yes,43,Yes,Yes,Fiber optic,No,No,No,No,No,Yes,Month-to-month,Yes,Electronic check,62.65,2602.39,Yes
C01901,Female,24.0,0,No,No,38,Yes,Yes,Fiber optic,No,No,Yes,No,No,No,One year,No,Credit card,62.36,2744.7,No
C02858,Male,60.0,0,No,No,32,Yes,Yes,DSL,No,No,No,Yes,Yes,No,Month-to-month,Yes,Credit card,64.23,2342.0,No
C01670,Female,37.0,0,No,Yes,28,Yes,Yes,DSL,No,Yes,Yes,Yes,Yes,Yes,Month-to-month,No,Electronic check,73.91,2064.55,No
C01906,Male,31.0,0,Yes,No,31,No,No phone service,Fiber optic,No,No,No,No,No,No,Month-to-month,Yes,Mailed check,43.93,1527.6,No
C01771,Female,52.0,0,No,No,12,Yes,Yes,Fiber optic,No,No,No,No,No,No,Two year,No,Bank transfer,46.39,718.69,No
C01082,Female,38.0,0,Yes,No,60,Yes,No,DSL,No,Yes,No,No,No,No,Two year,Yes,Electronic check,37.55,2016.73,No
C05629,Male,40.0,0,No,No,23,Yes,No,Fiber optic,No,Yes,No,Yes,No,Yes,Month-to-month,No,Electronic check,71.14,1890.82,Yes
C02059,Male,36.0,0,Yes,No,32,Yes,No,Fiber optic,No,No,No,No,Yes,Yes,One year,No,Electronic check,66.51,2035.065,No
C07127,Male,56.0,0,Yes,Yes,36,Yes,No,DSL,No,No,No,Yes,Yes,Yes,Month-to-month,Yes,Electronic check,63.29,2135.92,No
C06576,Female,48.0,0,No,Yes,25,Yes,No,Fiber optic,No,No,No,No,Yes,Yes,Two year,Yes,Bank transfer,73.24,2008.62,No
C05224,Female,51.0,0,Yes,Yes,16,Yes,Yes,Fiber optic,Yes,Yes,Yes,No,No,No,Month-to-month,Yes,Electronic check,64.81,1122.85,Yes
C04566,Male,43.0,0,No,No,3,Yes,Yes,Fiber optic,No,No,Yes,No,Yes,Yes,Month-to-month,Yes,Credit card,80.24,298.96,Yes
C01318,Female,41.0,0,No,Yes,30,Yes,No,Fiber optic,No,Yes,Yes,No,No,No,Month-to-month,Yes,Electronic check,73.67,2659.04,Yes
C05861,Male,40.0,0,No,No,28,No,No phone service,No,No internet service,No internet service,No internet service,No internet service,No internet service,No internet service,One year,No,Electronic check,18.0,656.7,No
C02936,Male,37.0,0,No,No,72,Yes,No,DSL,Yes,No,Yes,Yes,No,No,Two year,No,Electronic check,55.54,3875.68,No
C05797,Male,45.0,0,No,No,49,Yes,Yes,DSL,No,No,Yes,No,No,Yes,Two year,No,Electronic check,49.5,2410.78,No
C03512,Male,30.0,0,No,No,0,Yes,Yes,Fiber optic,No,No,No,No,Yes,No,One year,No,Credit card,62.39,46.84,No
C03216,Male,69.0,1,Yes,Yes,57,Yes,No,No,No internet service,No internet service,No internet service,No internet service,No internet service,No internet service,Month-to-month,Yes,Electronic check,20.06,1182.01,No
C03041,Male,34.0,0,No,Yes,19,Yes,No,DSL,No,No,No,No,No,Yes,One year,Yes,Electronic check,49.79,965.42,No
C02855,Male,18.0,0,No,No,53,Yes,Yes,No,No internet service,No internet service,No internet service,No internet service,No internet service,No internet service,Two year,Yes,Credit card,42.47,2055.23,No
C07121,Male,41.0,0,No,No,71,Yes,No,Fiber optic,No,Yes,No,No,Yes,No,Two year,Yes,Credit card,64.2,4600.99,No
C00035,Female,25.0,0,No,No,72,No,No phone service,Fiber optic,No,Yes,No,No,No,Yes,One year,Yes,Electronic check,62.18,4726.38,No
C00119,Female,25.0,0,No,No,12,No,No phone service,No,No internet service,No internet service,No internet service,No internet service,No internet service,No internet service,Month-to-month,No,Electronic check,22.77,411.48,Yes
C06254,Female,37.0,0,Yes,No,15,Yes,Yes,No,No internet service,No internet service,No internet service,No internet service,No internet service,No internet service,Month-to-month,No,Mailed check,28.08,526.56,No
C03344,Female,35.0,0,Yes,No,0,Yes,No,Fiber optic,Yes,No,Yes,No,Yes,No,Month-to-month,Yes,Electronic check,75.73,173.93,Yes
C05843,Male,68.0,1,No,No,44,Yes,Yes,DSL,Yes,No,No,No,No,No,Two year,No,Bank transfer,56.39,2694.86,No
C03845,Female,50.0,0,Yes,Yes,5,Yes,No,No,No internet service,No internet service,No internet service,No internet service,No internet service,No internet service,One year,Yes,Credit card,18.0,162.63,No
C00926,Male,57.0,0,No,No,36,Yes,Yes,DSL,Yes,No,No,No,No,No,Two year,Yes,Bank transfer,51.58,1836.5,No
C04010,Female,20.0,0,No,Yes,45,Yes,Yes,Fiber optic,Yes,No,No,No,Yes,Yes,Month-to-month,No,Bank transfer,80.6,3821.2,Yes
C05978,Female,68.0,1,Yes,No,0,Yes,No,No,No internet service,No internet service,No internet service,No internet service,No internet service,No internet service,Month-to-month,Yes,Electronic check,24.63,15.76,No
C05378,Male,60.0,0,Yes,Yes,21,Yes,Yes,Fiber optic,Yes,Yes,No,No,No,Yes,Month-to-month,No,Credit card,63.86,1448.11,No
C06644,Male,73.0,1,Yes,No,30,Yes,No,Fiber optic,Yes,No,No,No,Yes,No,Month-to-month,No,Bank transfer,68.71,2012.18,No
C05195,Male,50.0,0,No,Yes,45,Yes,No,No,No internet service,No internet service,No internet service,No internet service,No internet service,No internet service,Month-to-month,Yes,Bank transfer,28.76,1529.45,No
C05571,Female,45.0,0,No,Yes,8,Yes,No,DSL,No,Yes,No,No,No,Yes,Month-to-month,Yes,Bank transfer,52.8,509.63,No
C06378,Female,46.0,0,No,No,6,Yes,No,DSL,No,No,No,No,Yes,No,Month-to-month,No,Electronic check,47.03,361.91,No
C06637,Female,49.0,0,Yes,No,36,Yes,No,No,No internet service,No internet service,No internet service,No internet service,No internet service,No internet service,Month-to-month,Yes,Electronic check,20.54,856.3,Yes
C06170,Female,33.0,0,No,No,45,Yes,No,Fiber optic,No,Yes,Yes,No,Yes,Yes,One year,Yes,Electronic check,80.74,3741.03,No
C00742,Female,40.0,0,No,No,44,Yes,Yes,Fiber optic,Yes,No,Yes,No,No,No,Month-to-month,Yes,Electronic check,68.34,2930.6,Yes
C05432,Female,39.0,0,No,No,51,Yes,Yes,Fiber optic,No,No,Yes,No,No,No,Month-to-month,Yes,Credit card,59.76,2561.51,No
C03956,Female,27.0,0,No,No,59,Yes,Yes,DSL,No,No,No,No,Yes,No,One year,No,Mailed check,40.26,2609.29,No
C00297,Female,48.0,0,No,Yes,8,No,No phone service,DSL,No,No,No,No,No,Yes,Month-to-month,No,Bank transfer,27.98,360.42,No
C01915,Male,23.0,0,No,No,8,Yes,Yes,Fiber optic,No,No,No,No,No,Yes,Month-to-month,Yes,Electronic check,59.81,761.57,Yes
C06876,Female,49.0,0,No,No,48,Yes,Yes,Fiber optic,No,No,Yes,Yes,No,Yes,One year,No,Mailed check,80.84,3840.49,No
C06207,Male,30.0,0,No,No,31,Yes,No,DSL,Yes,Yes,No,Yes,Yes,No,Month-to-month,No,Credit card,61.64,1964.24,No
C06653,Female,35.0,0,No,No,33,Yes,No,Fiber optic,No,No,No,Yes,No,No,One year,Yes,Mailed check,57.73,2065.14,No
C06878,Female,65.0,0,Yes,Yes,24,No,No phone service,DSL,Yes,Yes,Yes,Yes,No,No,Month-to-month,No,Bank transfer,51.0,1104.16,No
C06062,Male,78.0,1,No,No,39,Yes,Yes,No,No internet service,No internet service,No internet service,No internet service,No internet service,No internet service,Month-to-month,Yes,Electronic check,25.47,1116.06,Yes
C00896,Male,42.0,0,No,No,24,Yes,Yes,Fiber optic,No,Yes,Yes,No,No,Yes,Month-to-month,No,Bank transfer,73.91,1867.2,No
C02705,Female,57.0,0,Yes,No,32,Yes,No,Fiber optic,No,No,No,No,No,No,Month-to-month,Yes,Credit card,50.9,1791.29,Yes
C05543,Female,21.0,0,Yes,Yes,55,Yes,No,Fiber optic,No,No,Yes,No,No,No,Month-to-month,Yes,Electronic check,62.67,3722.14,No
C04375,Male,47.0,0,No,No,70,Yes,Yes,No,No internet service,No internet service,No internet service,No internet service,No internet service,No internet service,Month-to-month,Yes,Bank transfer,35.17,2187.83,No
C04606,Male,29.0,0,Yes,No,32,Yes,Yes,No,No internet service,No internet service,No internet service,No internet service,No internet service,No internet service,Month-to-month,Yes,Bank transfer,36.17,1325.3,No
C05658,Female,39.0,0,No,No,39,Yes,No,DSL,Yes,No,Yes,No,No,No,Two year,No,Mailed check,41.48,1947.45,No
C01262,Female,40.0,0,No,No,71,Yes,No,Fiber optic,No,No,Yes,Yes,No,Yes,Two year,No,Credit card,66.42,4982.54,No
C00114,Male,48.0,0,Yes,No,37,Yes,No,Fiber optic,No,Yes,Yes,No,No,No,Month-to-month,Yes,Electronic check,61.81,2347.4,Yes
C04253,Male,38.0,0,No,No,1,Yes,Yes,DSL,No,Yes,Yes,No,No,No,Month-to-month,Yes,Electronic check,58.65,135.38,No
C03999,Female,31.0,0,Yes,No,12,Yes,No,Fiber optic,Yes,Yes,Yes,No,Yes,Yes,One year,Yes,Electronic check,93.74,1019.53,No
C04856,Male,24.0,0,No,No,46,Yes,Yes,DSL,No,No,No,No,No,No,One year,Yes,Mailed check,41.59,1754.69,No
C01361,Male,43.0,0,No,No,0,No,No phone service,DSL,Yes,No,No,No,Yes,Yes,Month-to-month,No,Credit card,61.19,28.46,Yes
C07248,Female,40.0,0,No,No,20,Yes,No,Fiber optic,No,No,Yes,No,No,No,Two year,No,Electronic check,58.83,1093.79,No
C04982,Female,59.0,0,Yes,Yes,44,Yes,No,No,No internet service,No internet service,No internet service,No internet service,No internet service,No internet service,Two year,No,Bank transfer,20.8,935.94,No
C02172,Female,61.0,0,Yes,No,44,No,No phone service,Fiber optic,No,No,No,No,No,Yes,One year,No,Mailed check,60.68,2486.83,No
C00924,Female,53.0,0,No,No,57,Yes,Yes,No,No internet service,No internet service,No internet service,No internet service,No internet service,No internet service,Two year,No,Electronic check,43.98,2843.38,No
C00927,Female,65.0,0,No,No,45,Yes,Yes,DSL,Yes,Yes,No,No,Yes,Yes,Month-to-month,No,Credit card,72.38,3123.1,Yes
C06511,Female,19.0,0,No,No,36,Yes,No,Fiber optic,Yes,No,Yes,No,Yes,Yes,Month-to-month,Yes,Bank transfer,88.75,3590.63,No
C01832,Male,48.0,0,No,No,14,Yes,No,Fiber optic,No,Yes,No,Yes,No,Yes,Month-to-month,No,Bank transfer,67.66,968.05,Yes
C06665,Male,42.0,0,Yes,No,30,Yes,Yes,DSL,Yes,No,Yes,No,Yes,No,Two year,Yes,Bank transfer,57.44,1823.33,No
C05960,Female,48.0,0,No,Yes,27,No,No phone service,No,No internet service,No internet service,No internet service,No internet service,No internet service,No internet service,One year,No,Bank transfer,18.0,706.03,No
C04449,Female,57.0,0,Yes,Yes,31,Yes,No,No,No internet service,No internet service,No internet service,No internet service,No internet service,No internet service,Month-to-month,Yes,Electronic check,24.9,993.56,No
C02302,Female,79.0,1,Yes,Yes,20,Yes,No,Fiber optic,No,Yes,No,Yes,Yes,No,Month-to-month,Yes,Mailed check,76.32,1756.99,No
C06596,Female,19.0,0,No,No,39,Yes,No,DSL,No,Yes,No,No,Yes,Yes,One year,Yes,Credit card,71.33,2804.05,No
C00411,Female,52.0,0,No,Yes,10,Yes,No,DSL,No,No,No,No,No,Yes,Month-to-month,No,Electronic check,31.25,329.14,Yes
C05104,Male,44.0,0,Yes,Yes,20,Yes,Yes,Fiber optic,No,No,Yes,Yes,No,Yes,Month-to-month,Yes,Credit card,84.15,1654.91,No
C01402,Male,46.0,0,No,No,50,Yes,Yes,DSL,No,No,Yes,No,No,No,Two year,No,Electronic check,49.43,2434.56,No
C01697,Male,62.0,0,Yes,Yes,6,Yes,Yes,DSL,No,Yes,Yes,No,No,No,Month-to-month,Yes,Electronic check,44.48,397.57,Yes
C02479,Male,49.0,0,Yes,Yes,0,Yes,No,DSL,Yes,Yes,No,Yes,Yes,No,Month-to-month,No,Bank transfer,65.36,32.34,No
C01613,Female,39.0,0,Yes,No,38,No,No phone service,Fiber optic,No,No,Yes,No,Yes,No,Month-to-month,Yes,Bank transfer,59.17,2486.02,Yes
C02612,Male,53.0,0,No,No,67,Yes,Yes,DSL,No,No,Yes,No,No,Yes,Two year,Yes,Bank transfer,52.49,3534.81,No
C01831,Male,61.0,0,Yes,No,50,Yes,No,DSL,No,Yes,Yes,Yes,Yes,No,One year,No,Electronic check,63.48,3581.57,Yes
C07177,Female,42.0,0,No,No,26,Yes,Yes,DSL,No,Yes,No,No,No,No,One year,Yes,Mailed check,54.7,1499.78,No
C06177,Male,48.0,0,Yes,No,31,Yes,No,Fiber optic,No,No,Yes,No,No,Yes,One year,Yes,Bank transfer,73.76,2389.0,No
C05907,Female,53.0,0,No,No,56,Yes,Yes,Fiber optic,Yes,Yes,No,No,Yes,No,Two year,Yes,Bank transfer,70.74,3843.47,No
C06624,Male,28.0,0,No,No,0,Yes,Yes,Fiber optic,Yes,No,Yes,No,No,No,Month-to-month,Yes,Electronic check,64.21,21.26,No
C01804,Female,44.0,0,No,Yes,40,Yes,Yes,DSL,No,Yes,Yes,Yes,No,No,Two year,Yes,Bank transfer,62.57,2464.43,Yes
C02515,Female,52.0,0,No,No,0,Yes,No,Fiber optic,No,Yes,No,Yes,Yes,No,Month-to-month,Yes,Electronic check,83.99,5.28,Yes
C03020,Female,52.0,0,Yes,No,38,Yes,No,DSL,No,No,Yes,Yes,No,Yes,One year,Yes,Bank transfer,61.84,2499.74,No
C04862,Female,39.0,0,No,No,0,Yes,Yes,No,No internet service,No internet service,No internet service,No internet service,No internet service,No internet service,Month-to-month,Yes,Electronic check,27.28,127.11,No
C01742,Female,51.0,0,No,No,25,Yes,Yes,Fiber optic,Yes,Yes,No,No,No,No,One year,No,Credit card,61.54,1473.16,No
C05554,Male,33.0,0,No,No,50,Yes,Yes,Fiber optic,No,No,No,No,Yes,Yes,Month-to-month,Yes,Electronic check,76.96,3350.47,No
C05541,Female,64.0,0,No,Yes,6,Yes,No,No,No internet service,No internet service,No internet service,No internet service,No internet service,No internet service,One year,No,Credit card,18.0,170.45,No
C04765,Male,41.0,0,No,No,20,Yes,Yes,DSL,No,No,No,Yes,No,Yes,Month-to-month,Yes,Bank transfer,64.71,1287.81,Yes
C04504,Male,34.0,0,Yes,No,3,Yes,Yes,DSL,Yes,No,Yes,No,No,No,Two year,Yes,Bank transfer,56.42,221.28,No
C07003,Female,25.0,0,No,No,39,Yes,No,DSL,Yes,Yes,No,No,Yes,Yes,Month-to-month,Yes,Mailed check,70.53,2732.66,No
C01844,Male,49.0,0,Yes,No,32,No,No phone service,Fiber optic,No,Yes,No,Yes,No,No,One year,No,Bank transfer,55.4,1765.28,No
C03847,Male,50.0,0,Yes,No,23,Yes,No,Fiber optic,No,Yes,No,No,No,No,Month-to-month,No,Electronic check,53.87,1256.64,No
C00538,Female,40.0,0,Yes,Yes,25,No,No phone service,DSL,No,Yes,No,No,No,No,Month-to-month,No,Credit card,33.6,741.76,Yes
C02104,Male,60.0,0,No,Yes,34,Yes,Yes,No,No internet service,No internet service,No internet service,No internet service,No internet service,No internet service,Two year,Yes,Electronic check,32.18,1256.88,No
C06695,Female,38.0,0,No,Yes,14,Yes,Yes,Fiber optic,No,Yes,Yes,No,No,Yes,Month-to-month,No,Mailed check,81.53,1204.97,Yes
C04559,Female,18.0,0,No,No,54,Yes,No,DSL,Yes,No,Yes,No,No,No,Two year,Yes,Credit card,52.02,2999.46,No
C06044,Male,25.0,0,Yes,No,42,Yes,Yes,No,No internet service,No internet service,No internet service,No internet service,No internet service,No internet service,One year,No,Electronic check,32.41,1404.32,No
C04458,Female,52.0,0,Yes,Yes,69,Yes,Yes,DSL,No,Yes,Yes,No,No,Yes,Month-to-month,Yes,Bank transfer,64.91,5052.73,No
C06297,Male,71.0,1,Yes,Yes,54,Yes,No,DSL,Yes,No,No,No,Yes,No,Two year,Yes,Bank transfer,56.84,3073.43,No
C02486,Female,41.0,0,Yes,No,16,Yes,No,No,No internet service,No internet service,No internet service,No internet service,No internet service,No internet service,Month-to-month,Yes,Electronic check,25.66,464.29,No
C04871,Male,48.0,0,Yes,No,72,Yes,Yes,Fiber optic,No,No,Yes,No,No,No,One year,Yes,Credit card,67.66,4928.16,No
C02347,Male,57.0,0,Yes,No,0,Yes,Yes,DSL,No,No,No,No,No,No,Month-to-month,No,Credit card,39.69,109.96,Yes
C06377,Female,32.0,0,No,No,42,Yes,No,DSL,Yes,Yes,No,No,Yes,Yes,Two year,No,Credit card,58.23,2443.38,No
C06677,Female,18.0,0,No,No,0,Yes,No,Fiber optic,No,Yes,Yes,Yes,No,Yes,Two year,Yes,Electronic check,68.39,131.14,No
C02171,Male,42.0,0,No,No,18,Yes,No,DSL,Yes,Yes,No,No,No,Yes,Month-to-month,Yes,Electronic check,60.96,1010.88,No
C02130,Female,56.0,0,Yes,Yes,57,Yes,No,Fiber optic,No,Yes,No,No,Yes,No,One year,No,Credit card,61.02,3300.76,No
C02173,Male,54.0,0,Yes,No,45,No,No phone service,Fiber optic,Yes,Yes,No,No,No,No,Month-to-month,No,Bank transfer,49.78,2132.18,No
C06154,Male,25.0,0,No,No,22,Yes,No,Fiber optic,Yes,No,Yes,Yes,No,No,Two year,Yes,Bank transfer,68.51,1708.22,No
C02801,Male,41.0,0,No,Yes,16,Yes,Yes,No,No internet service,No internet service,No internet service,No internet service,No internet service,No internet service,Month-to-month,Yes,Electronic check,25.26,567.9,No
C06840,Male,44.0,0,Yes,No,9,Yes,No,Fiber optic,No,Yes,Yes,No,Yes,No,Month-to-month,Yes,Bank transfer,77.51,850.31,Yes
C01627,Female,25.0,0,Yes,Yes,21,Yes,Yes,No,No internet service,No internet service,No internet service,No internet service,No internet service,No internet service,Month-to-month,Yes,Electronic check,26.69,682.25,No
C01776,Female,54.0,0,Yes,Yes,27,Yes,No,DSL,No,Yes,No,No,No,No,Month-to-month,No,Credit card,38.77,1096.65,Yes
C05382,Female,73.0,1,No,No,72,Yes,Yes,No,No internet service,No internet service,No internet service,No internet service,No internet service,No internet service,Two year,Yes,Bank transfer,29.26,1963.62,No
C07133,Male,48.0,0,No,No,53,No,No phone service,DSL,No,No,No,Yes,Yes,Yes,Two year,Yes,Mailed check,53.66,3061.23,No
C06071,Female,18.0,0,No,No,9,Yes,Yes,Fiber optic,No,No,Yes,No,No,Yes,Month-to-month,No,Electronic check,70.67,673.34,Yes
C01860,Male,37.0,0,Yes,Yes,62,Yes,Yes,Fiber optic,Yes,No,Yes,Yes,No,No,Two year,No,Credit card,76.06,5313.77,No
C04833,Male,22.0,0,No,No,26,Yes,No,Fiber optic,No,No,No,No,Yes,No,Month-to-month,No,Credit card,53.08,1665.57,No
C04259,Female,18.0,0,No,No,68,No,No phone service,No,No internet service,No internet service,No internet service,No internet service,No internet service,No internet service,One year,Yes,Bank transfer,18.0,1185.15,No
C00434,Female,31.0,0,No,No,46,Yes,No,Fiber optic,Yes,No,No,No,No,Yes,Month-to-month,Yes,Bank transfer,68.73,3027.85,Yes
C02385,Male,42.0,0,Yes,Yes,37,Yes,Yes,Fiber optic,Yes,No,No,Yes,No,Yes,Two year,Yes,Electronic check,81.32,3599.5,No
C00524,Male,56.0,0,No,Yes,32,Yes,Yes,No,No internet service,No internet service,No internet service,No internet service,No internet service,No internet service,Month-to-month,Yes,Bank transfer,39.39,1200.14,No
C02534,Female,60.0,0,No,No,19,Yes,No,DSL,No,Yes,Yes,No,No,No,Month-to-month,Yes,Electronic check,48.19,1126.87,Yes
C00961,Male,25.0,0,No,No,39,Yes,Yes,No,No internet service,No internet service,No internet service,No internet service,No internet service,No internet service,One year,No,Bank transfer,33.46,1557.43,No
C00271,Female,26.0,0,Yes,No,17,Yes,No,No,No internet service,No internet service,No internet service,No internet service,No internet service,No internet service,Month-to-month,Yes,Electronic check,30.85,496.74,Yes
C02105,Female,36.0,0,No,No,28,Yes,Yes,DSL,No,Yes,No,No,No,Yes,Month-to-month,Yes,Credit card,64.2,1667.56,No
C02129,Male,47.0,0,No,No,53,Yes,No,Fiber optic,Yes,Yes,No,No,No,Yes,One year,Yes,Bank transfer,78.08,3525.44,No
C06871,Male,75.0,1,Yes,Yes,0,Yes,No,Fiber optic,No,Yes,Yes,No,Yes,Yes,Month-to-month,Yes,Electronic check,80.26,103.57,Yes
C03385,Female,32.0,0,Yes,Yes,14,Yes,No,Fiber optic,No,No,No,Yes,Yes,Yes,Two year,No,Electronic check,77.75,1290.25,No
C02349,Female,46.0,0,Yes,Yes,46,No,No phone service,Fiber optic,Yes,Yes,No,No,Yes,No,One year,Yes,Credit card,66.85,3410.23,No
C04215,Female,44.0,0,Yes,Yes,43,Yes,No,No,No internet service,No internet service,No internet service,No internet service,No internet service,No internet service,Month-to-month,Yes,Mailed check,20.86,1019.24,No
C06101,Male,35.0,0,No,Yes,32,Yes,Yes,No,No internet service,No internet service,No internet service,No internet service,No internet service,No internet service,One year,Yes,Bank transfer,30.71,1018.0,No
C00876,Female,49.0,0,No,No,20,Yes,Yes,Fiber optic,No,No,Yes,Yes,Yes,No,Month-to-month,Yes,Electronic check,76.41,1787.81,Yes
C05334,Male,50.0,0,Yes,Yes,27,Yes,Yes,Fiber optic,No,No,No,No,No,No,Two year,Yes,Electronic check,61.79,1567.6,No
C01154,Male,18.0,0,No,No,59,Yes,Yes,Fiber optic,No,No,Yes,No,Yes,No,One year,Yes,Bank transfer,70.26,4466.71,No
C02476,Female,53.0,0,Yes,No,50,Yes,No,DSL,No,Yes,Yes,Yes,No,No,One year,Yes,Bank transfer,59.94,3031.15,No
C02286,Female,46.0,0,Yes,No,28,Yes,No,DSL,Yes,No,No,No,No,Yes,Month-to-month,No,Credit card,62.83,2073.84,No
C02862,Male,18.0,0,No,No,16,No,No phone service,DSL,No,No,Yes,No,Yes,No,One year,Yes,Electronic check,55.98,933.23,No
C01086,Female,18.0,0,No,No,10,Yes,No,Fiber optic,Yes,No,No,Yes,Yes,No,Month-to-month,No,Bank transfer,69.32499999999999,838.57,No
C05122,Male,45.0,0,No,No,31,Yes,Yes,DSL,Yes,No,No,No,No,Yes,One year,Yes,Mailed check,57.31,1923.75,No
C00367,Female,40.0,0,No,No,11,Yes,Yes,Fiber optic,Yes,No,Yes,Yes,Yes,No,Month-to-month,Yes,Electronic check,85.59,1028.7,Yes
C06178,Female,69.0,1,Yes,Yes,72,Yes,Yes,Fiber optic,No,No,No,Yes,Yes,No,One year,Yes,Bank transfer,78.56,5427.67,No
C03364,Female,23.0,0,No,No,62,Yes,Yes,DSL,No,No,No,Yes,No,No,One year,Yes,Electronic check,51.34,2910.85,No
C03360,Male,27.0,0,Yes,No,24,Yes,No,Fiber optic,Yes,Yes,No,Yes,No,Yes,Month-to-month,No,Electronic check,86.5,1906.58,No
C00545,Female,58.0,0,No,No,44,Yes,Yes,Fiber optic,No,No,No,No,No,No,Two year,No,Bank transfer,58.44,2330.18,No
C00641,Male,45.0,0,Yes,No,9,Yes,No,Fiber optic,No,Yes,Yes,No,Yes,Yes,One year,No,Credit card,70.36,718.91,No
C06116,Male,52.0,0,Yes,Yes,26,Yes,Yes,No,No internet service,No internet service,No internet service,No internet service,No internet service,No internet service,Month-to-month,Yes,Credit card,27.62,1295.31,No
C03197,Female,58.0,0,Yes,Yes,27,Yes,No,DSL,Yes,No,No,No,No,Yes,Month-to-month,Yes,Electronic check,56.91,1511.31,No
C05006,Male,53.0,0,Yes,Yes,39,Yes,No,DSL,No,Yes,No,Yes,Yes,Yes,Month-to-month,Yes,Credit card,71.67,3151.96,No
C02650,Female,54.0,0,Yes,Yes,5,Yes,Yes,Fiber optic,No,No,Yes,Yes,Yes,Yes,Month-to-month,No,Electronic check,77.26,474.7,Yes
C02282,Male,41.0,0,No,No,9,Yes,No,No,No internet service,No internet service,No internet service,No internet service,No internet service,No internet service,Month-to-month,Yes,Electronic check,20.07,356.84,No
C03931,Female,51.0,0,Yes,No,31,Yes,No,Fiber optic,No,No,No,No,Yes,No,Month-to-month,No,Electronic check,58.54,1911.72,Yes
C00399,Male,50.0,0,Yes,No,21,Yes,No,Fiber optic,No,Yes,Yes,Yes,No,No,Month-to-month,No,Electronic check,72.9,1665.51,No
C07006,Male,33.0,0,Yes,Yes,22,Yes,Yes,No,No internet service,No internet service,No internet service,No internet service,No internet service,No internet service,One year,Yes,Mailed check,40.47,1149.19,No
C06383,Female,59.0,0,Yes,No,2,Yes,No,Fiber optic,No,Yes,No,Yes,No,No,Month-to-month,Yes,Electronic check,69.61,219.55,No
C01653,Male,31.0,0,No,No,65,No,No phone service,DSL,Yes,No,Yes,No,No,Yes,One year,Yes,Bank transfer,59.91,3896.78,No
C05635,Male,63.0,0,No,No,21,Yes,Yes,DSL,Yes,Yes,No,Yes,Yes,Yes,Month-to-month,No,Bank transfer,80.84,2085.28,Yes
C02345,Male,58.0,0,No,No,18,Yes,No,DSL,No,Yes,No,No,Yes,No,One year,Yes,Mailed check,39.96,839.13,Yes
C03029,Male,58.0,0,No,Yes,30,Yes,No,Fiber optic,No,No,No,No,No,Yes,Month-to-month,Yes,Electronic check,62.7,2042.13,Yes
C03736,Male,45.0,0,No,No,43,Yes,No,Fiber optic,No,No,Yes,No,No,Yes,Two year,Yes,Mailed check,74.62,3653.28,No
C07075,Female,27.0,0,Yes,No,0,Yes,Yes,Fiber optic,Yes,No,No,No,No,No,Month-to-month,No,Electronic check,64.31,146.05,No
C00120,Female,46.0,0,Yes,No,40,Yes,No,No,No internet service,No internet service,No internet service,No internet service,No internet service,No internet service,Two year,Yes,Electronic check,25.82,1049.94,No
C06158,Male,31.0,0,No,No,36,Yes,No,Fiber optic,Yes,Yes,No,Yes,Yes,No,One year,Yes,Credit card,83.41,3117.03,No
C04780,Male,53.0,0,Yes,No,61,Yes,Yes,DSL,No,Yes,No,No,Yes,Yes,One year,No,Mailed check,59.61,3847.49,No
C06963,Male,71.0,1,Yes,No,48,Yes,Yes,Fiber optic,No,No,Yes,No,No,No,One year,Yes,Mailed check,68.52,3413.03,No
C00777,Male,41.0,0,No,Yes,43,Yes,Yes,Fiber optic,No,Yes,Yes,No,Yes,No,Month-to-month,Yes,Credit card,76.31,3129.9,No
C00949,Male,46.0,0,No,No,8,Yes,No,No,No internet service,No internet service,No internet service,No internet service,No internet service,No internet service,Two year,No,Electronic check,22.71,340.42,No
C06690,Female,21.0,0,No,Yes,6,Yes,No,DSL,Yes,No,No,Yes,No,No,Month-to-month,Yes,Bank transfer,48.82,337.36,No
C00664,Female,49.0,0,Yes,No,14,Yes,No,DSL,No,Yes,Yes,No,No,No,Month-to-month,No,Credit card,39.07,591.75,No
C02441,Female,56.0,0,Yes,No,40,Yes,Yes,Fiber optic,No,Yes,Yes,No,Yes,No,Two year,Yes,Credit card,72.52,3088.1,No
C06002,Male,33.0,0,No,No,0,Yes,No,Fiber optic,Yes,Yes,No,No,Yes,No,Month-to-month,Yes,Electronic check,72.38,61.53,No
C00104,Male,45.0,0,Yes,No,39,Yes,No,Fiber optic,Yes,No,No,No,Yes,Yes,Two year,Yes,Credit card,73.19,3152.77,Yes
C00752,Male,28.0,0,Yes,No,44,Yes,No,DSL,No,No,No,No,No,Yes,One year,No,Bank transfer,48.06,1906.49,No
C07219,Female,33.0,0,No,No,48,Yes,No,DSL,No,No,No,Yes,Yes,Yes,One year,Yes,Credit card,68.23,3339.8,No
C05471,Female,45.0,0,No,No,0,Yes,No,DSL,Yes,No,No,Yes,Yes,No,Month-to-month,No,Credit card,59.37,4.49,No
C05905,Male,42.0,0,No,No,43,Yes,No,Fiber optic,No,Yes,Yes,No,Yes,No,Two year,No,Credit card,69.99,3158.44,No
C04829,Female,59.0,0,Yes,No,26,Yes,Yes,No,No internet service,No internet service,No internet service,No internet service,No internet service,No internet service,Two year,No,Electronic check,28.09,772.33,Yes
C02766,Female,30.0,0,No,No,13,Yes,No,Fiber optic,No,Yes,No,No,No,No,Month-to-month,No,Electronic check,45.04,618.09,Yes
C02177,Female,52.0,0,Yes,No,49,Yes,No,No,No internet service,No internet service,No internet service,No internet service,No internet service,No internet service,One year,No,Mailed check,27.66,1313.99,No
C03844,Female,18.0,0,No,No,49,Yes,Yes,Fiber optic,No,No,No,No,Yes,Yes,One year,Yes,Credit card,59.52,3307.46,No
C00729,Female,48.0,0,No,No,0,Yes,No,Fiber optic,No,No,No,Yes,Yes,Yes,Month-to-month,Yes,Bank transfer,69.32499999999999,23.83,Yes
C03375,Male,37.0,0,No,Yes,22,Yes,No,Fiber optic,No,No,No,No,Yes,No,Month-to-month,Yes,Electronic check,55.6,1455.83,Yes
C03357,Female,69.0,1,Yes,Yes,39,Yes,Yes,Fiber optic,Yes,No,Yes,No,No,Yes,Month-to-month,No,Bank transfer,85.56,3660.71,No
C06330,Male,27.0,0,No,No,8,Yes,Yes,Fiber optic,Yes,No,No,No,Yes,No,Month-to-month,Yes,Credit card,76.55,565.78,Yes
C02901,Male,32.0,0,Yes,No,34,Yes,Yes,Fiber optic,No,No,No,No,Yes,Yes,One year,No,Electronic check,74.47,2785.48,Yes
C01249,Female,60.0,0,No,No,45,Yes,No,Fiber optic,No,Yes,Yes,Yes,No,No,Two year,No,Mailed check,70.27,3406.66,No
C04557,Female,34.0,0,No,No,0,Yes,Yes,DSL,Yes,Yes,Yes,Yes,No,No,Month-to-month,Yes,Electronic check,67.47,5.26,No
C04112,Female,33.0,0,No,No,34,Yes,No,No,No internet service,No internet service,No internet service,No internet service,No internet service,No internet service,Month-to-month,Yes,Credit card,20.07,768.48,No
C05922,Male,42.0,0,Yes,No,15,No,No phone service,DSL,No,Yes,Yes,No,Yes,No,Month-to-month,Yes,Electronic check,51.18,593.96,Yes
C04117,Male,48.0,0,No,No,10,Yes,No,DSL,Yes,No,Yes,No,No,No,Month-to-month,Yes,Electronic check,59.67,790.77,No
C02722,Male,35.0,0,Yes,No,54,Yes,No,Fiber optic,Yes,No,No,No,No,Yes,Month-to-month,Yes,Mailed check,63.59,3236.1,No
C05724,Female,36.0,0,Yes,No,0,Yes,No,Fiber optic,Yes,Yes,No,Yes,No,No,Month-to-month,Yes,Bank transfer,69.63,154.18,Yes
C02153,Female,30.0,0,Yes,No,28,Yes,No,Fiber optic,No,Yes,No,No,No,No,Month-to-month,No,Credit card,66.54,2152.7,Yes
C04880,Female,25.0,0,No,No,58,Yes,Yes,No,No internet service,No internet service,No internet service,No internet service,No internet service,No internet service,Month-to-month,No,Electronic check,19.09,1162.17,No
C01247,Male,58.0,0,Yes,No,16,No,No phone service,Fiber optic,Yes,No,No,No,No,Yes,Two year,No,Credit card,65.95,1143.14,No
C06824,Male,28.0,0,Yes,No,72,Yes,No,No,No internet service,No internet service,No internet service,No internet service,No internet service,No internet service,Two year,Yes,Mailed check,28.76,2348.24,No
C04493,Male,31.0,0,Yes,No,1,No,No phone service,DSL,Yes,No,Yes,No,No,No,Month-to-month,No,Bank transfer,45.18,85.64,No
C04376,Male,28.0,0,No,Yes,54,Yes,Yes,Fiber optic,Yes,Yes,Yes,No,Yes,No,One year,Yes,Electronic check,86.86,4677.69,No
C00842,Male,47.0,0,Yes,No,12,Yes,Yes,Fiber optic,No,No,No,Yes,Yes,No,Month-to-month,No,Bank transfer,62.89,874.54,No
C01485,Female,69.0,1,Yes,Yes,26,Yes,Yes,DSL,Yes,No,Yes,Yes,Yes,Yes,One year,No,Electronic check,78.83,2423.13,No
C06255,Male,59.0,0,Yes,Yes,3,Yes,Yes,Fiber optic,No,No,No,No,No,No,Month-to-month,Yes,Bank transfer,56.53,229.84,No
C03070,Female,42.0,0,Yes,Yes,47,Yes,Yes,No,No internet service,No internet service,No internet service,No internet service,No internet service,No internet service,One year,Yes,Electronic check,32.29,1643.78,No
C06280,Male,54.0,0,Yes,Yes,0,Yes,Yes,DSL,No,Yes,No,Yes,No,Yes,Two year,No,Credit card,69.79,110.64,No
C02318,Male,48.0,0,No,Yes,39,Yes,Yes,No,No internet service,No internet service,No internet service,No internet service,No internet service,No internet service,Month-to-month,Yes,Credit card,36.09,1641.28,No
C03663,Male,39.0,0,Yes,Yes,52,Yes,No,No,No internet service,No internet service,No internet service,No internet service,No internet service,No internet service,Two year,No,Bank transfer,22.17,1150.66,No
C05446,Female,32.0,0,Yes,Yes,51,Yes,Yes,Fiber optic,No,Yes,No,No,No,Yes,Two year,No,Credit card,68.06,3777.52,No
C03823,Female,50.0,0,No,No,0,Yes,No,Fiber optic,Yes,Yes,Yes,No,No,No,Month-to-month,Yes,Mailed check,66.65,148.59,Yes
C03054,Female,80.0,1,Yes,No,58,Yes,No,Fiber optic,No,Yes,No,Yes,No,Yes,Two year,Yes,Mailed check,82.27,4758.34,No
C05113,Female,47.0,0,Yes,Yes,15,Yes,No,Fiber optic,No,Yes,Yes,Yes,Yes,No,Month-to-month,Yes,Electronic check,77.86,1231.16,Yes
C00674,Female,38.0,0,Yes,No,67,Yes,Yes,DSL,Yes,No,Yes,No,No,No,One year,No,Bank transfer,58.7,3937.36,No
C05199,Female,26.0,0,Yes,No,33,Yes,No,No,No internet service,No internet service,No internet service,No internet service,No internet service,No internet service,Month-to-month,Yes,Bank transfer,33.32,1193.96,No
C00779,Male,60.0,0,Yes,Yes,13,Yes,Yes,Fiber optic,No,No,Yes,No,Yes,Yes,Month-to-month,Yes,Electronic check,78.78,1167.78,Yes
C00957,Female,59.0,0,Yes,Yes,34,Yes,Yes,No,No internet service,No internet service,No internet service,No internet service,No internet service,No internet service,Month-to-month,Yes,Bank transfer,33.2,1161.63,No
C03333,Female,49.0,0,Yes,No,19,No,No phone service,No,No internet service,No internet service,No internet service,No internet service,No internet service,No internet service,Month-to-month,Yes,Credit card,18.0,309.75,No
C05778,Male,46.0,0,No,No,62,Yes,Yes,No,No internet service,No internet service,No internet service,No internet service,No internet service,No internet service,One year,No,Electronic check,18.0,1279.18,No
C01003,Male,21.0,0,No,No,34,Yes,Yes,Fiber optic,Yes,No,Yes,Yes,No,No,Two year,Yes,Mailed check,78.97,3060.96,No
C06858,Female,46.0,0,No,No,15,Yes,Yes,Fiber optic,No,No,No,Yes,Yes,Yes,Two year,Yes,Credit card,81.72,1206.16,No
C00710,Male,48.0,0,No,No,19,Yes,Yes,No,No internet service,No internet service,No internet service,No internet service,No internet service,No internet service,Month-to-month,No,Electronic check,23.58,482.7,Yes
C01625,Female,65.0,0,No,No,14,Yes,Yes,Fiber optic,No,Yes,No,Yes,Yes,No,Month-to-month,No,Mailed check,72.3,1159.45,Yes
C01837,Female,55.0,0,Yes,Yes,17,Yes,Yes,Fiber optic,Yes,Yes,No,Yes,Yes,No,One year,No,Electronic check,78.06,1329.72,No
C03701,Male,44.0,0,No,Yes,42,Yes,No,No,No internet service,No internet service,No internet service,No internet service,No internet service,No internet service,One year,Yes,Credit card,30.78,1414.92,No
C00388,Male,52.0,0,Yes,No,72,Yes,No,Fiber optic,No,No,Yes,No,Yes,No,One year,Yes,Electronic check,77.96,5311.23,No
C06137,Female,49.0,0,Yes,No,44,Yes,No,No,No internet service,No internet service,No internet service,No internet service,No internet service,No internet service,One year,Yes,Bank transfer,26.57,1386.42,No
C02176,Male,49.0,0,No,Yes,20,Yes,No,Fiber optic,No,Yes,Yes,No,Yes,No,Month-to-month,Yes,Mailed check,76.47,1563.18,Yes
C04107,Female,42.0,0,Yes,No,38,Yes,No,Fiber optic,Yes,Yes,Yes,No,No,No,One year,Yes,Bank transfer,70.68,2907.96,No
C03482,Female,38.0,0,No,No,51,Yes,Yes,DSL,No,No,No,No,Yes,Yes,Two year,Yes,Electronic check,61.25,3387.79,No
C06538,Male,54.0,0,No,No,65,Yes,Yes,Fiber optic,Yes,No,No,No,No,Yes,Month-to-month,Yes,Electronic check,66.54,4209.04,Yes
C02763,Male,65.0,0,Yes,Yes,52,Yes,No,DSL,Yes,Yes,No,No,No,Yes,Month-to-month,Yes,Bank transfer,51.74,3028.53,No
C02965,Female,42.0,0,Yes,No,0,Yes,No,Fiber optic,Yes,No,No,Yes,Yes,No,Month-to-month,Yes,Bank transfer,82.36,56.31,Yes
C05257,Female,66.0,1,Yes,No,15,No,No phone service,DSL,No,No,No,No,No,No,Month-to-month,Yes,Bank transfer,23.96,402.51,No
C02373,Male,63.0,0,Yes,No,10,No,No phone service,No,No internet service,No internet service,No internet service,No internet service,No internet service,No internet service,Month-to-month,Yes,Electronic check,18.0,303.14,No
C00370,Male,64.0,0,No,Yes,27,Yes,No,DSL,Yes,No,No,Yes,Yes,No,Month-to-month,Yes,Mailed check,58.0,1800.02,No
C01209,Male,23.0,0,No,No,47,No,No phone service,Fiber optic,No,Yes,Yes,No,No,Yes,One year,Yes,Credit card,75.24,3763.27,No
C04379,Female,42.0,0,Yes,Yes,34,Yes,Yes,DSL,No,Yes,No,No,Yes,Yes,One year,Yes,Credit card,59.2,2169.72,Yes
C05383,Female,49.0,0,Yes,No,19,No,No phone service,Fiber optic,No,No,Yes,No,Yes,Yes,Month-to-month,No,Electronic check,68.73,1296.47,No
C05228,Female,36.0,0,Yes,Yes,26,No,No phone service,DSL,No,No,Yes,No,No,No,Month-to-month,Yes,Electronic check,32.34,834.6,Yes
C05267,Male,39.0,0,No,No,28,Yes,Yes,No,No internet service,No internet service,No internet service,No internet service,No internet service,No internet service,Month-to-month,Yes,Bank transfer,39.69,1189.74,No
C03305,Female,44.0,0,Yes,No,6,Yes,No,Fiber optic,Yes,No,No,No,No,No,Month-to-month,Yes,Mailed check,67.05,387.01,No
C03720,Male,36.0,0,No,Yes,37,Yes,Yes,Fiber optic,No,No,Yes,No,No,No,One year,No,Credit card,68.67,2724.13,No
C03066,Female,56.0,0,No,Yes,1,Yes,No,No,No internet service,No internet service,No internet service,No internet service,No internet service,No internet service,Month-to-month,Yes,Credit card,18.0,131.28,No
C02757,Male,45.0,0,Yes,No,9,Yes,No,Fiber optic,No,Yes,No,No,No,No,Month-to-month,No,Mailed check,53.34,544.39,No
C05173,Male,38.0,0,Yes,No,23,Yes,Yes,Fiber optic,No,Yes,No,No,Yes,No,Month-to-month,No,Electronic check,61.11,1549.89,Yes
C03583,Male,41.0,0,No,No,43,Yes,No,Fiber optic,Yes,Yes,No,Yes,No,No,Two year,Yes,Bank transfer,63.16,2833.65,No
C01472,Female,33.0,0,No,No,19,Yes,Yes,Fiber optic,No,No,Yes,Yes,Yes,No,Month-to-month,No,Bank transfer,79.62,1762.4,Yes
C06141,Male,37.0,0,No,No,41,Yes,No,No,No internet service,No internet service,No internet service,No internet service,No internet service,No internet service,One year,No,Electronic check,25.28,1219.01,No
C05114,Female,60.0,0,Yes,No,0,Yes,Yes,Fiber optic,Yes,No,No,No,No,No,Month-to-month,No,Mailed check,70.65,89.24,Yes
C00389,Female,40.0,0,No,No,30,Yes,No,Fiber optic,Yes,Yes,Yes,Yes,No,Yes,Month-to-month,Yes,Credit card,84.14,2878.16,No
C06414,Male,24.0,0,No,No,36,Yes,No,Fiber optic,No,Yes,Yes,Yes,No,Yes,Two year,No,Mailed check,79.27,3145.43,Yes
C02417,Female,40.0,0,Yes,No,47,Yes,No,Fiber optic,No,No,No,No,No,Yes,Two year,Yes,Mailed check,57.33,3044.34,No
C07083,Male,37.0,0,Yes,No,12,Yes,No,Fiber optic,No,Yes,No,No,No,Yes,Month-to-month,No,Electronic check,68.47,826.62,Yes
C01274,Male,68.0,1,Yes,Yes,31,Yes,No,DSL,Yes,Yes,No,Yes,Yes,Yes,One year,Yes,Electronic check,69.71,2241.03,No
C04358,Male,34.0,0,No,No,29,No,No phone service,Fiber optic,No,No,No,Yes,Yes,No,Month-to-month,Yes,Credit card,73.6,2466.84,No
C04613,Male,51.0,0,Yes,No,21,Yes,No,Fiber optic,No,No,Yes,No,Yes,Yes,Month-to-month,Yes,Mailed check,72.46,1707.94,No
C01474,Male,29.0,0,Yes,No,34,Yes,Yes,No,No internet service,No internet service,No internet service,No internet service,No internet service,No internet service,Two year,Yes,Bank transfer,35.31,1134.52,No
C05181,Male,43.0,0,No,No,42,Yes,No,Fiber optic,Yes,No,No,No,No,Yes,Two year,Yes,Bank transfer,62.1,2721.1,No
C04462,Female,52.0,0,Yes,No,33,Yes,Yes,DSL,No,Yes,No,Yes,No,No,Two year,Yes,Credit card,57.14,1859.01,No
C01637,Male,49.0,0,No,No,71,Yes,Yes,DSL,No,No,Yes,No,No,Yes,One year,Yes,Bank transfer,54.7,3701.3,No
C05448,Female,60.0,0,No,No,12,Yes,Yes,No,No internet service,No internet service,No internet service,No internet service,No internet service,No internet service,One year,No,Credit card,32.8,438.28,No
C05105,Male,26.0,0,No,No,39,Yes,Yes,DSL,Yes,No,No,No,No,No,Two year,Yes,Electronic check,46.97,1765.83,No
C04034,Female,52.0,0,Yes,Yes,53,Yes,Yes,DSL,Yes,No,Yes,No,No,No,Two year,No,Electronic check,46.02,2644.06,No
C04645,Male,37.0,0,No,Yes,63,Yes,No,No,No internet service,No internet service,No internet service,No internet service,No internet service,No internet service,Two year,Yes,Electronic check,21.07,1383.14,No
C00743,Female,51.0,0,Yes,No,25,Yes,Yes,DSL,No,Yes,No,No,No,No,Month-to-month,No,Credit card,50.38,1259.1,No
C00355,Male,52.0,0,No,Yes,0,Yes,No,DSL,Yes,No,Yes,No,No,Yes,One year,Yes,Credit card,55.1,160.72,Yes
C05381,Male,49.0,0,Yes,Yes,5,Yes,No,Fiber optic,No,No,No,Yes,Yes,No,Month-to-month,Yes,Mailed check,63.57,440.85,No
C06324,Female,27.0,0,No,No,25,Yes,No,Fiber optic,Yes,No,No,No,No,No,Two year,Yes,Electronic check,57.17,1444.44,No
C02335,Female,74.0,1,Yes,Yes,2,No,No phone service,Fiber optic,Yes,No,Yes,Yes,No,No,Month-to-month,No,Bank transfer,67.39,194.73,Yes
C06373,Male,43.0,0,No,No,35,Yes,No,Fiber optic,No,Yes,No,No,No,No,Month-to-month,Yes,Electronic check,57.14,2030.86,Yes
C01243,Male,58.0,0,Yes,No,40,Yes,No,Fiber optic,Yes,No,No,Yes,Yes,Yes,One year,No,Bank transfer,81.85,3523.14,No
C05136,Female,43.0,0,No,No,52,Yes,No,DSL,No,No,No,Yes,No,Yes,Two year,Yes,Credit card,50.6,2557.91,No
C01139,Female,37.0,0,No,No,29,Yes,No,DSL,No,No,No,No,Yes,No,One year,Yes,Credit card,41.13,1312.88,No
C01356,Male,41.0,0,No,No,47,Yes,No,DSL,No,No,Yes,No,No,No,Two year,Yes,Electronic check,53.12,2317.04,No
C00045,Male,42.0,0,No,No,2,Yes,No,Fiber optic,No,No,No,No,No,No,Month-to-month,Yes,Electronic check,61.23,240.37,Yes
C04028,Male,20.0,0,No,No,31,Yes,No,Fiber optic,No,No,Yes,Yes,Yes,Yes,Two year,Yes,Electronic check,83.69,2721.58,No
C05060,Male,42.0,0,No,No,32,Yes,Yes,DSL,Yes,Yes,No,Yes,Yes,No,Month-to-month,Yes,Bank transfer,76.64,2639.78,Yes
C03447,Male,51.0,0,Yes,No,37,Yes,Yes,Fiber optic,No,No,No,No,Yes,No,One year,No,Mailed check,63.32,2581.62,Yes
C04086,Male,47.0,0,No,No,2,Yes,No,DSL,No,No,Yes,No,No,Yes,Month-to-month,Yes,Mailed check,62.22,247.4,Yes
C00160,Female,36.0,0,No,No,2,Yes,No,No,No internet service,No internet service,No internet service,No internet service,No internet service,No internet service,Month-to-month,Yes,Bank transfer,26.36,68.37,No
C04855,Male,45.0,0,Yes,No,12,Yes,Yes,DSL,No,No,No,No,Yes,Yes,Month-to-month,Yes,Electronic check,60.51,927.38,No
C04822,Male,70.0,1,No,No,40,Yes,No,No,No internet service,No internet service,No internet service,No internet service,No internet service,No internet service,Two year,Yes,Bank transfer,22.79,1115.18,No
C01206,Female,70.0,1,Yes,No,39,Yes,No,DSL,Yes,No,Yes,No,Yes,No,Month-to-month,Yes,Mailed check,61.6,2450.37,No
C03668,Female,61.0,0,Yes,No,48,No,No phone service,Fiber optic,No,No,No,No,No,No,Two year,Yes,Electronic check,46.76,2084.15,No
C01850,Female,35.0,0,Yes,No,34,Yes,No,Fiber optic,Yes,No,Yes,Yes,No,No,One year,No,Bank transfer,72.64,2286.33,No
C02641,Female,51.0,0,Yes,No,37,Yes,Yes,Fiber optic,No,Yes,Yes,No,No,No,Month-to-month,Yes,Electronic check,75.15,2414.08,Yes
C03930,Male,30.0,0,Yes,No,48,Yes,Yes,No,No internet service,No internet service,No internet service,No internet service,No internet service,No internet service,Two year,Yes,Credit card,29.79,1497.2,No
C00484,Male,39.0,0,No,Yes,59,Yes,Yes,No,No internet service,No internet service,No internet service,No internet service,No internet service,No internet service,Two year,Yes,Electronic check,34.73,1919.56,No
C06060,Female,39.0,0,No,No,17,Yes,No,No,No internet service,No internet service,No internet service,No internet service,No internet service,No internet service,Two year,No,Electronic check,26.59,492.23,No
C03193,Female,42.0,0,No,No,40,No,No phone service,No,No internet service,No internet service,No internet service,No internet service,No internet service,No internet service,One year,Yes,Credit card,20.16,1005.85,No
C03760,Female,64.0,0,Yes,Yes,26,Yes,No,Fiber optic,No,No,No,Yes,No,Yes,One year,Yes,Mailed check,74.94,1931.34,No
C05914,Female,44.0,0,No,No,39,Yes,Yes,No,No internet service,No internet service,No internet service,No internet service,No internet service,No internet service,Two year,Yes,Credit card,35.85,1475.32,No
C05932,Female,32.0,0,Yes,No,68,Yes,Yes,DSL,Yes,Yes,No,No,No,No,One year,Yes,Electronic check,61.68,4116.46,No
C06621,Male,47.0,0,No,No,50,Yes,No,DSL,No,No,No,No,Yes,No,Month-to-month,Yes,Mailed check,49.19,2267.02,No
C02732,Male,64.0,0,Yes,No,6,Yes,Yes,DSL,Yes,Yes,No,No,No,Yes,One year,Yes,Bank transfer,53.01,444.87,No
C00414,Female,40.0,0,No,No,9,Yes,Yes,Fiber optic,Yes,No,No,No,No,Yes,Month-to-month,Yes,Electronic check,67.15,726.99,No
C00344,Female,35.0,0,No,No,26,Yes,Yes,Fiber optic,No,No,Yes,No,No,Yes,One year,No,Electronic check,72.01,1911.7,Yes
C01168,Male,22.0,0,No,No,72,Yes,Yes,Fiber optic,No,Yes,No,No,No,No,Two year,No,Electronic check,67.61,4920.7,No
C01077,Female,48.0,0,Yes,No,13,Yes,No,DSL,No,No,No,No,No,Yes,Month-to-month,Yes,Electronic check,44.43,578.31,No
C01319,Male,41.0,0,Yes,No,56,Yes,No,DSL,No,No,Yes,No,Yes,Yes,One year,No,Mailed check,48.49,2661.89,No
C05053,Male,28.0,0,No,No,35,Yes,Yes,DSL,No,Yes,No,No,Yes,No,One year,Yes,Mailed check,54.665,1852.77,No
C02422,Female,43.0,0,Yes,No,23,Yes,Yes,Fiber optic,No,Yes,Yes,Yes,Yes,Yes,Month-to-month,Yes,Electronic check,88.87,2496.0,Yes
C01125,Male,35.0,0,No,No,31,Yes,No,No,No internet service,No internet service,No internet service,No internet service,No internet service,No internet service,Two year,Yes,Electronic check,23.1,754.28,No
C05118,Female,41.0,0,No,No,39,Yes,Yes,No,No internet service,No internet service,No internet service,No internet service,No internet service,No internet service,Month-to-month,Yes,Bank transfer,31.37,1199.45,No
C06145,Female,56.0,0,Yes,No,45,Yes,Yes,Fiber optic,Yes,Yes,Yes,No,Yes,Yes,Month-to-month,Yes,Electronic check,85.71,3781.98,No
C01136,Female,40.0,0,Yes,Yes,20,Yes,Yes,No,No internet service,No internet service,No internet service,No internet service,No internet service,No internet service,Month-to-month,Yes,Electronic check,36.25,638.6,No
C06440,Male,74.0,1,No,No,17,Yes,No,Fiber optic,No,Yes,Yes,No,No,No,Two year,No,Credit card,64.94,1058.92,No
C03544,Female,18.0,0,No,No,4,Yes,Yes,Fiber optic,No,No,No,No,No,No,Month-to-month,Yes,Mailed check,53.08,301.78,No
C02448,Female,30.0,0,No,No,59,Yes,Yes,Fiber optic,No,No,Yes,No,No,Yes,One year,Yes,Electronic check,78.84,4590.62,No
C02386,Male,55.0,0,Yes,No,0,Yes,Yes,DSL,No,No,No,No,Yes,No,Month-to-month,Yes,Credit card,56.8,49.69,No
C06296,Male,54.0,0,No,Yes,7,Yes,Yes,No,No internet service,No internet service,No internet service,No internet service,No internet service,No internet service,Month-to-month,Yes,Electronic check,22.86,218.38,No
C06983,Male,44.0,0,No,No,38,Yes,No,Fiber optic,No,No,Yes,No,No,No,One year,No,Credit card,60.42,2518.21,No
C03440,Female,44.0,0,Yes,No,35,Yes,No,DSL,Yes,Yes,Yes,No,Yes,No,One year,No,Credit card,68.37,2033.18,No
C06497,Male,36.0,0,No,Yes,0,Yes,No,Fiber optic,No,Yes,No,No,No,No,Two year,Yes,Bank transfer,62.02,88.7,No
C00467,Male,58.0,0,No,No,59,Yes,No,DSL,No,No,Yes,Yes,No,No,Two year,No,Credit card,49.48,3071.63,No
C02983,Male,43.0,0,Yes,No,36,Yes,Yes,No,No internet service,No internet service,No internet service,No internet service,No internet service,No internet service,One year,Yes,Credit card,41.73,1532.27,No
C02945,Male,45.0,0,No,No,30,Yes,Yes,Fiber optic,No,No,Yes,No,No,No,Month-to-month,No,Bank transfer,55.74,1871.67,Yes
C02640,Female,49.0,0,Yes,No,60,Yes,No,Fiber optic,No,Yes,No,No,No,No,Two year,Yes,Bank transfer,60.38,3513.22,No
C04789,Male,65.0,0,Yes,Yes,11,Yes,No,DSL,No,No,No,No,Yes,No,Month-to-month,No,Electronic check,40.3,563.06,No
C04233,Male,58.0,0,No,No,24,Yes,Yes,Fiber optic,No,No,Yes,No,Yes,Yes,One year,Yes,Electronic check,79.34,1942.52,No
C06202,Male,22.0,0,No,Yes,24,Yes,No,Fiber optic,No,Yes,No,No,Yes,Yes,Month-to-month,Yes,Mailed check,65.63,1751.01,No
C04102,Female,34.0,0,No,No,25,Yes,Yes,Fiber optic,Yes,No,No,No,Yes,No,Month-to-month,No,Mailed check,70.9,1793.4,No
C07228,Female,34.0,0,No,No,26,Yes,No,DSL,Yes,Yes,Yes,No,Yes,Yes,One year,Yes,Mailed check,70.57,1536.26,No
C01520,Male,72.0,1,Yes,No,18,No,No phone service,DSL,No,No,Yes,No,No,Yes,Month-to-month,Yes,Electronic check,56.25,1057.06,Yes
C04672,Male,46.0,0,No,No,23,Yes,No,Fiber optic,No,Yes,Yes,No,Yes,No,Month-to-month,Yes,Electronic check,72.58,1935.95,Yes
C04918,Female,30.0,0,No,No,67,Yes,No,No,No internet service,No internet service,No internet service,No internet service,No internet service,No internet service,One year,Yes,Electronic check,19.49,1364.24,Yes
C01791,Female,51.0,0,No,No,33,No,No phone service,DSL,No,No,No,Yes,Yes,No,One year,Yes,Credit card,60.51,2058.94,No
C04971,Female,38.0,0,No,No,18,Yes,No,Fiber optic,No,Yes,Yes,No,No,No,Month-to-month,No,Mailed check,59.28,1209.58,Yes
C00948,Female,54.0,0,Yes,No,22,Yes,Yes,No,No internet service,No internet service,No internet service,No internet service,No internet service,No internet service,Month-to-month,Yes,Credit card,40.53,1021.71,No
C00864,Female,41.0,0,No,No,42,Yes,No,DSL,No,Yes,No,No,Yes,Yes,Two year,Yes,Electronic check,64.75,2813.49,Yes
C05298,Female,42.0,0,No,No,34,Yes,Yes,No,No internet service,No internet service,No internet service,No internet service,No internet service,No internet service,Month-to-month,Yes,Credit card,30.66,1087.26,No
C04222,Female,31.0,0,No,No,29,No,No phone service,Fiber optic,No,Yes,No,No,Yes,Yes,One year,Yes,Electronic check,68.29,2027.07,Yes
C02916,Female,48.0,0,No,No,41,Yes,No,Fiber optic,No,Yes,Yes,Yes,Yes,Yes,Month-to-month,Yes,Electronic check,90.9,4032.8,No
C01792,Female,61.0,0,No,No,27,Yes,No,No,No internet service,No internet service,No internet service,No internet service,No internet service,No internet service,Month-to-month,No,Mailed check,21.26,677.66,No
C04019,Male,67.0,1,Yes,No,23,Yes,Yes,DSL,No,Yes,No,Yes,No,Yes,Two year,No,Credit card,58.14,1356.3,No
C03404,Female,62.0,0,Yes,Yes,37,Yes,No,No,No internet service,No internet service,No internet service,No internet service,No internet service,No internet service,One year,No,Electronic check,18.0,904.32,No
C03648,Male,65.0,0,Yes,No,50,Yes,Yes,DSL,Yes,No,Yes,No,Yes,Yes,Two year,No,Mailed check,67.87,3491.76,No
C06846,Male,18.0,0,Yes,No,32,Yes,Yes,Fiber optic,Yes,Yes,Yes,No,Yes,No,Two year,No,Electronic check,80.8,2181.03,No
C01634,Female,30.0,0,No,No,68,Yes,Yes,DSL,No,No,No,Yes,No,No,One year,Yes,Credit card,53.29,3597.56,No
C01959,Female,53.0,0,No,No,48,Yes,Yes,Fiber optic,No,No,No,No,No,Yes,Two year,Yes,Bank transfer,68.82,3783.69,No
C00773,Male,80.0,1,Yes,No,27,Yes,No,DSL,Yes,Yes,Yes,No,No,Yes,One year,Yes,Electronic check,59.05,1548.08,No
C04181,Female,45.0,0,Yes,Yes,31,Yes,No,DSL,No,No,No,No,No,Yes,One year,Yes,Mailed check,47.82,1646.78,No
C01276,Female,60.0,0,No,No,46,Yes,No,Fiber optic,Yes,No,No,No,No,No,One year,Yes,Mailed check,54.58,2742.33,No
C02438,Male,48.0,0,No,No,43,No,No phone service,No,No internet service,No internet service,No internet service,No internet service,No internet service,No internet service,Month-to-month,Yes,Electronic check,19.13,912.54,No
C00532,Female,57.0,0,No,No,20,Yes,Yes,DSL,Yes,No,Yes,No,No,Yes,Month-to-month,Yes,Mailed check,61.46,1467.63,No
C02873,Male,30.0,0,No,No,30,Yes,No,DSL,No,No,No,No,Yes,Yes,Two year,No,Credit card,53.08,1580.56,No
C06563,Female,69.0,1,No,No,36,No,No phone service,Fiber optic,Yes,No,Yes,Yes,No,No,One year,No,Bank transfer,71.76,2456.88,No
C03462,Male,34.0,0,Yes,No,23,Yes,No,DSL,Yes,Yes,Yes,No,No,Yes,One year,No,Electronic check,48.11,1342.94,No
C03065,Male,45.0,0,No,No,0,Yes,Yes,DSL,Yes,No,No,No,No,Yes,Month-to-month,Yes,Electronic check,60.01,45.6,No
C04315,Male,80.0,1,Yes,No,15,Yes,Yes,Fiber optic,No,Yes,Yes,Yes,No,No,One year,Yes,Bank transfer,85.58,1276.17,No
C02506,Female,62.0,0,Yes,Yes,36,Yes,No,No,No internet service,No internet service,No internet service,No internet service,No internet service,No internet service,Two year,No,Mailed check,18.77,762.81,No
C05260,Female,59.0,0,Yes,No,22,Yes,Yes,No,No internet service,No internet service,No internet service,No internet service,No internet service,No internet service,Month-to-month,Yes,Mailed check,35.31,714.02,No
C06133,Female,29.0,0,Yes,No,34,Yes,No,DSL,Yes,Yes,Yes,Yes,No,No,One year,Yes,Electronic check,61.73,2164.48,Yes
C06371,Female,73.0,1,Yes,No,47,Yes,Yes,Fiber optic,No,No,Yes,No,No,No,One year,Yes,Mailed check,59.79,3062.96,No
C06079,Female,60.0,0,Yes,No,42,No,No phone service,No,No internet service,No internet service,No internet service,No internet service,No internet service,No internet service,Month-to-month,No,Credit card,24.12,823.82,No
C01884,Male,34.0,0,Yes,No,52,Yes,Yes,Fiber optic,No,Yes,Yes,No,Yes,Yes,One year,Yes,Credit card,90.25,4797.88,Yes
C05872,Male,68.0,1,Yes,No,46,Yes,Yes,DSL,Yes,No,Yes,No,Yes,Yes,One year,Yes,Mailed check,63.18,2995.61,No
C05736,Female,50.0,0,Yes,No,25,Yes,Yes,Fiber optic,Yes,No,Yes,No,Yes,Yes,Month-to-month,No,Bank transfer,80.78,2290.48,Yes
C05226,Male,27.0,0,Yes,No,47,Yes,Yes,Fiber optic,No,Yes,No,No,Yes,Yes,Month-to-month,No,Electronic check,89.64,4062.52,Yes
C04202,Male,19.0,0,Yes,No,40,Yes,Yes,DSL,No,No,Yes,No,No,No,Two year,Yes,Electronic check,42.41,1824.02,No
C06301,Female,54.0,0,Yes,No,44,Yes,Yes,Fiber optic,No,No,No,No,No,No,Month-to-month,No,Bank transfer,51.54,2463.26,No
C03599,Female,23.0,0,No,No,26,Yes,No,DSL,Yes,Yes,Yes,No,Yes,No,Month-to-month,No,Electronic check,62.28,1706.65,No
C03163,Female,49.0,0,Yes,Yes,23,Yes,Yes,No,No internet service,No internet service,No internet service,No internet service,No internet service,No internet service,Month-to-month,No,Bank transfer,21.58,547.44,No
C02719,Male,68.0,1,Yes,No,15,No,No phone service,DSL,Yes,No,No,No,No,No,One year,No,Credit card,33.59,539.18,No
C07107,Male,30.0,0,No,No,49,Yes,No,No,No internet service,No internet service,No internet service,No internet service,No internet service,No internet service,One year,Yes,Bank transfer,22.95,1198.19,No
C00187,Male,39.0,0,No,No,59,Yes,No,Fiber optic,No,Yes,Yes,Yes,Yes,No,Two year,No,Credit card,79.31,4809.42,No
C02148,Male,35.0,0,No,No,31,Yes,Yes,Fiber optic,No,No,No,No,Yes,No,One year,Yes,Credit card,67.53,2451.45,Yes
C03547,Male,57.0,0,No,No,27,Yes,Yes,Fiber optic,No,No,No,No,Yes,No,Month-to-month,No,Bank transfer,63.82,1805.0,No
C00142,Male,40.0,0,No,No,0,Yes,Yes,DSL,No,No,Yes,No,No,No,Month-to-month,No,Electronic check,51.43,76.84,Yes
C05139,Male,37.0,0,Yes,No,28,Yes,Yes,DSL,No,No,No,No,No,Yes,Month-to-month,Yes,Credit card,54.11,1327.77,No
C04054,Male,36.0,0,Yes,No,0,Yes,Yes,No,No internet service,No internet service,No internet service,No internet service,No internet service,No internet service,Month-to-month,No,Bank transfer,31.31,114.4,No
C05670,Female,43.0,0,No,No,44,Yes,No,Fiber optic,No,Yes,Yes,No,Yes,No,Month-to-month,Yes,Electronic check,75.79,4192.86,No
C06336,Male,39.0,0,No,No,32,Yes,Yes,Fiber optic,No,No,No,No,No,No,Two year,Yes,Mailed check,70.08,2023.92,No
C00716,Female,32.0,0,Yes,Yes,45,Yes,No,DSL,No,No,No,Yes,Yes,No,Two year,Yes,Credit card,60.03,2518.68,No
C05496,Male,18.0,0,No,No,72,Yes,No,DSL,Yes,Yes,No,No,Yes,Yes,Two year,No,Credit card,58.16,4408.87,No
C01913,Female,49.0,0,Yes,No,45,No,No phone service,Fiber optic,No,Yes,Yes,No,Yes,Yes,One year,No,Credit card,74.14,3731.54,No
C05428,Male,27.0,0,No,No,30,Yes,Yes,DSL,No,No,Yes,Yes,No,No,Month-to-month,Yes,Mailed check,56.39,1782.75,No
C04954,Female,41.0,0,Yes,No,0,Yes,Yes,Fiber optic,Yes,No,No,No,Yes,Yes,One year,Yes,Bank transfer,90.61,100.26,Yes
C06556,Male,20.0,0,Yes,No,0,Yes,No,DSL,No,No,No,No,Yes,Yes,Month-to-month,Yes,Electronic check,56.56,14.79,No
C07188,Male,29.0,0,Yes,No,72,Yes,No,Fiber optic,No,Yes,No,Yes,No,No,Two year,Yes,Credit card,71.28,5651.55,No
C04568,Female,21.0,0,No,No,42,Yes,No,DSL,Yes,Yes,Yes,No,No,No,Month-to-month,Yes,Credit card,57.32,2501.8,Yes
C02510,Male,30.0,0,Yes,No,34,Yes,No,DSL,Yes,No,No,No,Yes,No,Month-to-month,Yes,Electronic check,60.97,2129.9,No
C00339,Female,32.0,0,No,No,10,Yes,Yes,DSL,No,No,No,No,No,No,Month-to-month,No,Electronic check,38.84,482.7,No
C06195,Male,38.0,0,No,No,24,Yes,Yes,DSL,No,No,No,Yes,Yes,No,Month-to-month,No,Credit card,54.86,1212.73,No
C01932,Female,36.0,0,No,No,66,Yes,No,Fiber optic,No,Yes,No,Yes,No,No,Two year,No,Electronic check,60.83,3983.39,No
C06918,Female,80.0,1,No,No,17,Yes,No,DSL,Yes,Yes,No,No,Yes,No,Month-to-month,Yes,Mailed check,54.83,729.05,No
C03337,Male,41.0,0,No,Yes,0,No,No phone service,DSL,Yes,No,Yes,Yes,No,No,Month-to-month,Yes,Electronic check,56.58,145.97,No
C02710,Male,45.0,0,No,No,17,Yes,No,DSL,No,No,Yes,Yes,Yes,No,One year,No,Mailed check,43.99,799.1,No
C00760,Male,67.0,1,Yes,No,0,No,No phone service,DSL,Yes,Yes,Yes,No,Yes,No,Month-to-month,Yes,Credit card,52.88,139.82,No
C06877,Male,37.0,0,No,No,5,Yes,Yes,DSL,No,No,No,Yes,No,No,One year,Yes,Electronic check,56.79,353.65,No
C02527,Female,64.0,0,Yes,Yes,5,Yes,No,Fiber optic,Yes,No,No,No,No,Yes,Month-to-month,No,Mailed check,65.32,434.05,Yes
C06719,Female,24.0,0,No,No,8,Yes,Yes,DSL,No,No,No,Yes,Yes,Yes,Month-to-month,Yes,Electronic check,66.87,568.34,Yes
C00714,Female,64.0,0,No,No,26,Yes,Yes,Fiber optic,Yes,Yes,No,No,No,Yes,Two year,Yes,Electronic check,79.53,2010.95,No
C02095,Female,46.0,0,No,Yes,13,Yes,No,DSL,No,No,Yes,No,Yes,No,Month-to-month,Yes,Electronic check,41.98,660.2,No
C02199,Female,73.0,1,No,Yes,38,Yes,Yes,Fiber optic,Yes,No,No,No,Yes,No,Two year,Yes,Mailed check,77.15,3297.28,Yes
C02883,Male,43.0,0,No,No,42,Yes,Yes,Fiber optic,No,No,No,No,No,No,One year,Yes,Electronic check,54.62,2567.21,No
C02896,Female,46.0,0,Yes,Yes,44,Yes,Yes,No,No internet service,No internet service,No internet service,No internet service,No internet service,No internet service,Two year,Yes,Bank transfer,36.5,1869.68,No
C03533,Female,41.0,0,No,No,24,Yes,No,Fiber optic,Yes,Yes,No,Yes,No,Yes,Month-to-month,Yes,Bank transfer,75.86,1957.41,Yes
C05489,Female,18.0,0,No,No,8,Yes,Yes,No,No internet service,No internet service,No internet service,No internet service,No internet service,No internet service,Month-to-month,No,Electronic check,32.29,430.32,No
C02844,Female,44.0,0,No,No,6,Yes,Yes,Fiber optic,Yes,No,No,No,No,No,Month-to-month,No,Credit card,61.69,434.34,Yes
C02737,Male,43.0,0,Yes,Yes,0,Yes,Yes,Fiber optic,No,No,No,Yes,Yes,No,Month-to-month,Yes,Bank transfer,68.48,18.7,Yes
C03006,Male,36.0,0,No,No,26,Yes,Yes,Fiber optic,Yes,No,No,Yes,No,Yes,Month-to-month,No,Electronic check,78.62,2079.63,No
C04758,Male,40.0,0,No,No,50,Yes,No,Fiber optic,No,Yes,Yes,No,No,No,Two year,No,Electronic check,66.1,3599.35,No
C04506,Male,38.0,0,No,No,18,Yes,Yes,Fiber optic,No,No,No,No,Yes,No,Month-to-month,No,Electronic check,63.37,1291.09,Yes
C03634,Male,58.0,0,No,No,51,Yes,Yes,No,No internet service,No internet service,No internet service,No internet service,No internet service,No internet service,Two year,No,Electronic check,31.01,1536.2,No
C07214,Female,56.0,0,Yes,Yes,41,Yes,No,DSL,No,Yes,Yes,Yes,No,Yes,One year,No,Credit card,53.14,2284.43,No
C05594,Female,51.0,0,Yes,Yes,12,Yes,Yes,Fiber optic,No,Yes,No,No,No,No,Two year,Yes,Electronic check,67.41,849.11,No
C00408,Male,53.0,0,Yes,No,23,Yes,Yes,No,No internet service,No internet service,No internet service,No internet service,No internet service,No internet service,Month-to-month,No,Electronic check,36.66,903.81,No
C03148,Female,18.0,0,No,No,41,Yes,No,Fiber optic,Yes,Yes,No,No,No,Yes,Month-to-month,Yes,Credit card,78.35,3387.3,No
C05931,Male,31.0,0,No,No,24,No,No phone service,No,No internet service,No internet service,No internet service,No internet service,No internet service,No internet service,Month-to-month,No,Credit card,20.23,565.03,No
C00846,Male,55.0,0,Yes,No,0,Yes,No,DSL,No,No,No,Yes,No,Yes,Month-to-month,Yes,Bank transfer,50.36,112.49,Yes
C05979,Male,31.0,0,Yes,No,47,Yes,Yes,No,No internet service,No internet service,No internet service,No internet service,No internet service,No internet service,Two year,No,Credit card,26.17,1247.6,No
C05516,Male,60.0,0,No,Yes,30,Yes,No,DSL,Yes,Yes,Yes,No,No,Yes,Month-to-month,No,Electronic check,56.96,1787.35,No
C04665,Female,55.0,0,Yes,No,19,Yes,No,DSL,Yes,Yes,Yes,No,Yes,No,Two year,No,Electronic check,65.3,1182.51,Yes
C04577,Male,18.0,0,No,No,31,Yes,No,Fiber optic,Yes,No,No,Yes,No,No,Month-to-month,Yes,Mailed check,61.38,2136.07,No
C05890,Male,51.0,0,No,Yes,23,Yes,Yes,DSL,No,No,Yes,Yes,No,Yes,Month-to-month,No,Electronic check,60.28,1580.9,Yes
C01202,Female,26.0,0,No,No,0,Yes,No,Fiber optic,Yes,No,Yes,No,No,No,Month-to-month,No,Electronic check,54.65,74.54,Yes
C00542,Male,56.0,0,No,No,44,Yes,No,DSL,Yes,No,Yes,No,No,Yes,Two year,Yes,Electronic check,50.63,2422.25,No
C01484,Male,40.0,0,Yes,No,50,Yes,No,No,No internet service,No internet service,No internet service,No internet service,No internet service,No internet service,Two year,Yes,Electronic check,23.86,1171.71,No
C06663,Female,52.0,0,Yes,No,71,Yes,No,Fiber optic,No,Yes,No,No,Yes,No,Two year,Yes,Credit card,70.96,4607.45,No
C07198,Female,56.0,0,Yes,Yes,16,Yes,Yes,Fiber optic,Yes,Yes,No,Yes,No,No,Month-to-month,No,Electronic check,69.32499999999999,1517.29,No
C01386,Female,39.0,0,No,No,22,No,No phone service,Fiber optic,Yes,Yes,No,No,No,Yes,Month-to-month,Yes,Credit card,68.25,1654.07,No
C01788,Female,54.0,0,Yes,No,0,Yes,Yes,Fiber optic,No,No,No,Yes,Yes,No,Month-to-month,Yes,Electronic check,81.94,131.61,Yes
C03869,Female,47.0,0,Yes,No,62,Yes,Yes,No,No internet service,No internet service,No internet service,No internet service,No internet service,No internet service,Two year,Yes,Credit card,31.6,1801.03,No
C01902,Male,70.0,1,Yes,No,30,No,No phone service,Fiber optic,No,Yes,No,Yes,No,No,Month-to-month,No,Credit card,57.37,1973.81,No
C03645,Female,27.0,0,No,No,17,Yes,Yes,Fiber optic,No,No,Yes,Yes,No,No,Month-to-month,Yes,Bank transfer,70.53,1213.79,Yes
C04468,Female,27.0,0,No,No,4,Yes,Yes,Fiber optic,No,No,Yes,No,Yes,No,Month-to-month,Yes,Bank transfer,75.4,330.48,Yes
C06993,Male,67.0,1,No,No,37,Yes,No,No,No internet service,No internet service,No internet service,No internet service,No internet service,No internet service,One year,Yes,Bank transfer,28.73,1108.21,No
C03315,Male,34.0,0,No,No,40,Yes,Yes,DSL,Yes,Yes,No,Yes,No,No,Two year,Yes,Electronic check,56.88,2286.81,No
C05246,Male,56.0,0,Yes,No,13,No,No phone service,Fiber optic,Yes,Yes,No,No,Yes,No,Month-to-month,No,Electronic check,67.0,992.05,Yes
C01346,Female,69.0,1,Yes,No,14,Yes,No,No,No internet service,No internet service,No internet service,No internet service,No internet service,No internet service,Month-to-month,Yes,Electronic check,26.3,423.26,No
C04807,Female,31.0,0,Yes,Yes,0,Yes,No,Fiber optic,Yes,No,No,No,No,Yes,Month-to-month,Yes,Credit card,67.45,21.12,No
C03435,Male,28.0,0,Yes,No,58,No,No phone service,No,No internet service,No internet service,No internet service,No internet service,No internet service,No internet service,Two year,Yes,Bank transfer,18.0,1339.74,No
C05196,Male,30.0,0,No,No,16,No,No phone service,DSL,No,No,Yes,Yes,Yes,Yes,Month-to-month,No,Mailed check,53.6,1028.35,Yes
C03155,Female,31.0,0,Yes,No,1,Yes,Yes,Fiber optic,No,No,Yes,Yes,No,No,Month-to-month,No,Electronic check,70.46,202.65,Yes
C00739,Male,18.0,0,No,Yes,21,Yes,No,Fiber optic,No,Yes,No,No,No,Yes,Month-to-month,Yes,Credit card,58.5,1096.43,Yes
C03664,Female,35.0,0,No,No,31,Yes,No,Fiber optic,Yes,Yes,Yes,Yes,No,No,Month-to-month,No,Credit card,70.18,2569.6,Yes
C01127,Male,44.0,0,No,No,38,Yes,Yes,No,No internet service,No internet service,No internet service,No internet service,No internet service,No internet service,One year,Yes,Bank transfer,38.54,2435.67,No
C01157,Male,22.0,0,No,No,72,No,No phone service,DSL,Yes,Yes,No,No,Yes,No,Two year,No,Electronic check,54.48,3730.17,No
C03248,Female,53.0,0,Yes,No,23,Yes,No,DSL,No,Yes,No,Yes,No,Yes,Month-to-month,Yes,Bank transfer,54.24,1389.58,No
C04775,Female,47.0,0,No,No,52,No,No phone service,Fiber optic,Yes,No,Yes,Yes,Yes,Yes,Two year,Yes,Electronic check,80.63,3472.58,No
C06267,Female,62.0,0,Yes,No,17,Yes,No,DSL,Yes,No,No,No,Yes,No,Month-to-month,Yes,Electronic check,60.67,1037.88,No
C01953,Female,59.0,0,No,No,15,No,No phone service,No,No internet service,No internet service,No internet service,No internet service,No internet service,No internet service,Month-to-month,No,Bank transfer,18.0,304.35,No
C03276,Female,27.0,0,No,No,26,Yes,Yes,DSL,Yes,Yes,No,No,No,Yes,Two year,Yes,Mailed check,69.95,1924.83,No
C07200,Male,31.0,0,No,No,53,Yes,No,DSL,Yes,Yes,Yes,Yes,Yes,Yes,Two year,Yes,Bank transfer,72.4,4103.41,No
C02509,Female,35.0,0,No,No,12,Yes,No,DSL,No,Yes,Yes,No,No,Yes,Month-to-month,Yes,Credit card,66.72,860.73,No
C00106,Female,52.0,0,No,No,2,No,No phone service,Fiber optic,No,No,No,No,No,Yes,Month-to-month,No,Bank transfer,55.16,207.21,Yes
C06285,Male,20.0,0,Yes,No,38,Yes,No,DSL,No,Yes,No,No,Yes,Yes,One year,No,Mailed check,50.66,2435.67,No
C01005,Male,52.0,0,No,No,52,Yes,Yes,No,No internet service,No internet service,No internet service,No internet service,No internet service,No internet service,Two year,Yes,Mailed check,42.71,2802.4,No
C03671,Male,45.0,0,Yes,No,46,Yes,No,Fiber optic,No,No,No,Yes,Yes,No,Month-to-month,Yes,Electronic check,68.12,3185.49,Yes
C04121,Male,18.0,0,No,No,14,Yes,No,DSL,No,Yes,No,No,Yes,Yes,One year,No,Bank transfer,50.02,683.98,No
C00438,Male,64.0,0,No,No,14,Yes,No,DSL,No,No,No,Yes,No,Yes,One year,Yes,Mailed check,47.59,774.46,No
C03164,Male,53.0,0,Yes,No,48,No,No phone service,DSL,No,Yes,Yes,Yes,Yes,No,Two year,Yes,Electronic check,64.55,3142.21,No
C04896,Male,44.0,0,No,Yes,67,Yes,No,DSL,No,No,Yes,Yes,No,Yes,Two year,No,Electronic check,62.28,4403.41,No
C02279,Female,18.0,0,No,No,13,Yes,No,Fiber optic,No,No,No,No,No,No,Month-to-month,No,Bank transfer,50.31,811.57,Yes
C01244,Female,48.0,0,Yes,No,31,Yes,No,Fiber optic,No,No,Yes,No,No,No,Month-to-month,Yes,Electronic check,50.12,1603.1,No
C04616,Male,33.0,0,Yes,No,0,Yes,No,DSL,Yes,No,No,No,No,No,Month-to-month,Yes,Bank transfer,39.64,171.89,No
C06305,Female,54.0,0,Yes,Yes,10,Yes,Yes,No,No internet service,No internet service,No internet service,No internet service,No internet service,No internet service,Month-to-month,No,Mailed check,26.22,301.8,No
C02886,Female,26.0,0,No,Yes,64,Yes,Yes,DSL,No,No,No,Yes,Yes,Yes,Month-to-month,Yes,Bank transfer,77.33,4407.79,No
C04884,Male,37.0,0,No,No,35,Yes,Yes,Fiber optic,Yes,No,Yes,No,Yes,No,One year,Yes,Electronic check,77.35,2771.59,No
C06184,Male,42.0,0,No,Yes,15,Yes,Yes,Fiber optic,No,No,Yes,Yes,No,Yes,Month-to-month,Yes,Credit card,82.98,1066.04,No
C02815,Female,21.0,0,Yes,Yes,0,Yes,Yes,Fiber optic,Yes,No,Yes,Yes,Yes,Yes,Month-to-month,No,Bank transfer,89.81,38.84,Yes
C05668,Male,22.0,0,No,No,22,Yes,Yes,DSL,No,Yes,No,Yes,Yes,No,Month-to-month,No,Electronic check,55.21,1348.76,Yes
C04826,Male,78.0,1,Yes,No,0,Yes,No,Fiber optic,No,No,No,Yes,Yes,Yes,One year,Yes,Mailed check,76.68,145.8,No
C03565,Female,34.0,0,No,No,33,Yes,Yes,DSL,No,No,No,No,No,No,Month-to-month,Yes,Electronic check,39.34,1264.38,Yes
C01870,Male,52.0,0,No,No,44,Yes,No,Fiber optic,Yes,No,No,No,Yes,No,One year,No,Credit card,57.54,2580.84,No
C00155,Female,71.0,1,No,No,43,Yes,Yes,No,No internet service,No internet service,No internet service,No internet service,No internet service,No internet service,One year,Yes,Electronic check,47.01,2652.72,No
C03430,Male,66.0,1,No,No,23,Yes,No,DSL,Yes,No,Yes,Yes,No,No,Month-to-month,Yes,Credit card,56.46,1640.18,No
C00167,Male,76.0,1,Yes,No,45,Yes,No,Fiber optic,Yes,No,No,Yes,Yes,Yes,Two year,No,Mailed check,73.72,3004.26,No
C01152,Female,57.0,0,Yes,No,44,Yes,No,Fiber optic,Yes,No,No,No,No,No,Two year,No,Electronic check,58.36,2614.15,No
C07223,Male,68.0,1,Yes,Yes,23,Yes,No,Fiber optic,No,No,Yes,No,No,No,One year,No,Electronic check,58.39,1374.32,No
C03157,Female,33.0,0,Yes,No,55,Yes,Yes,DSL,No,No,No,Yes,No,No,Two year,Yes,Electronic check,47.86,2601.92,No
C04810,Female,31.0,0,No,No,18,No,No phone service,Fiber optic,No,Yes,No,No,No,Yes,Month-to-month,No,Bank transfer,74.12,1355.08,Yes
C01445,Female,25.0,0,No,No,58,Yes,Yes,DSL,No,Yes,No,Yes,Yes,Yes,One year,Yes,Mailed check,75.82,4545.44,No
C03802,Female,63.0,0,No,Yes,0,Yes,Yes,DSL,Yes,Yes,No,No,No,No,One year,No,Bank transfer,54.98,25.76,No
C02946,Male,44.0,0,Yes,No,52,Yes,Yes,Fiber optic,No,Yes,No,Yes,No,Yes,Month-to-month,No,Electronic check,79.11,4291.27,Yes
C03461,Male,18.0,0,No,No,26,Yes,No,No,No internet service,No internet service,No internet service,No internet service,No internet service,No internet service,Month-to-month,Yes,Credit card,25.17,794.13,Yes
C06419,Male,42.0,0,Yes,Yes,28,Yes,No,No,No internet service,No internet service,No internet service,No internet service,No internet service,No internet service,Month-to-month,Yes,Electronic check,19.01,673.69,No
C02508,Male,26.0,0,No,No,0,Yes,No,Fiber optic,Yes,No,No,No,Yes,No,Month-to-month,No,Electronic check,70.44,93.64,Yes
C07166,Male,45.0,0,No,No,55,Yes,No,Fiber optic,No,Yes,Yes,No,Yes,No,One year,Yes,Electronic check,69.69,3557.0,No
C06544,Female,37.0,0,Yes,No,4,Yes,Yes,Fiber optic,Yes,Yes,Yes,No,No,No,Month-to-month,Yes,Bank transfer,65.92,293.84,Yes
C03744,Male,40.0,0,No,No,49,Yes,No,DSL,Yes,No,No,No,No,No,One year,Yes,Credit card,54.665,1944.83,No
C01593,Female,26.0,0,No,No,39,Yes,Yes,Fiber optic,Yes,Yes,Yes,No,Yes,No,One year,No,Credit card,77.51,3096.21,No
C02453,Female,63.0,0,Yes,No,40,Yes,Yes,Fiber optic,Yes,No,Yes,No,No,Yes,One year,Yes,Electronic check,74.83,2900.35,No
C02110,Male,44.0,0,No,No,37,Yes,No,Fiber optic,No,No,Yes,Yes,No,Yes,Two year,Yes,Credit card,68.47,2543.26,No
C04062,Female,66.0,1,Yes,No,63,Yes,Yes,Fiber optic,Yes,No,No,No,No,Yes,Two year,No,Credit card,69.66,3999.2,No
C07207,Male,34.0,0,No,Yes,43,Yes,Yes,Fiber optic,No,No,No,Yes,No,No,Two year,Yes,Bank transfer,67.83,2902.88,No
C05415,Male,59.0,0,Yes,Yes,13,Yes,Yes,Fiber optic,No,Yes,No,No,Yes,Yes,Month-to-month,No,Electronic check,84.72,1188.88,Yes
C02558,Female,18.0,0,Yes,No,0,Yes,No,Fiber optic,No,Yes,No,No,No,No,Month-to-month,Yes,Electronic check,58.65,109.88,No
C01624,Male,46.0,0,No,No,33,Yes,No,DSL,No,No,No,No,No,No,Month-to-month,No,Bank transfer,36.09,1288.54,No
C06535,Male,27.0,0,No,No,6,Yes,Yes,DSL,No,No,No,Yes,Yes,No,Month-to-month,No,Mailed check,60.12,492.24,No
C04459,Male,43.0,0,Yes,Yes,30,Yes,No,DSL,No,No,No,Yes,No,Yes,One year,Yes,Bank transfer,56.09,1757.92,No
C00691,Male,45.0,0,No,Yes,12,Yes,No,Fiber optic,Yes,Yes,No,No,No,No,Two year,Yes,Electronic check,73.27,977.86,No
C01912,Male,46.0,0,No,Yes,32,Yes,No,No,No internet service,No internet service,No internet service,No internet service,No internet service,No internet service,One year,Yes,Mailed check,22.95,867.79,No
C05187,Male,33.0,0,Yes,No,40,Yes,No,Fiber optic,Yes,Yes,No,No,Yes,No,One year,No,Credit card,71.21,2773.14,No
C01378,Female,67.0,1,Yes,No,48,Yes,No,Fiber optic,No,No,Yes,No,No,Yes,Month-to-month,Yes,Bank transfer,67.23,2925.9,No
C00823,Female,21.0,0,No,No,41,Yes,Yes,Fiber optic,No,Yes,No,No,No,Yes,One year,Yes,Electronic check,81.05,3601.94,No
C00829,Female,56.0,0,No,No,65,Yes,No,DSL,No,Yes,No,Yes,Yes,Yes,Two year,No,Electronic check,59.5,4484.49,No
C03471,Female,41.0,0,No,No,18,Yes,Yes,Fiber optic,No,Yes,Yes,No,No,No,Month-to-month,No,Bank transfer,64.65,1292.31,No
C06758,Male,31.0,0,No,No,25,Yes,No,DSL,No,Yes,No,No,No,Yes,One year,Yes,Bank transfer,47.06,1308.87,No
C06300,Female,40.0,0,No,No,57,Yes,Yes,Fiber optic,No,Yes,No,No,No,No,Two year,No,Mailed check,67.53,4195.5,No
C02255,Male,37.0,0,No,No,19,Yes,No,No,No internet service,No internet service,No internet service,No internet service,No internet service,No internet service,Two year,No,Electronic check,24.9,546.77,No
C03901,Male,47.0,0,Yes,No,22,Yes,No,Fiber optic,No,No,Yes,No,No,Yes,One year,No,Bank transfer,64.16,1405.53,No
C02795,Female,41.0,0,No,No,17,No,No phone service,Fiber optic,Yes,No,No,No,No,No,Two year,Yes,Bank transfer,56.28,923.35,No
C04935,Male,48.0,0,Yes,Yes,56,Yes,Yes,DSL,No,No,No,No,Yes,No,Two year,Yes,Bank transfer,62.2,3861.05,No
C05385,Female,75.0,1,Yes,Yes,35,Yes,Yes,DSL,No,Yes,No,No,No,No,Two year,Yes,Electronic check,52.86,1754.64,No
C04128,Female,48.0,0,Yes,Yes,20,Yes,No,DSL,No,Yes,No,No,No,No,Month-to-month,No,Mailed check,45.19,923.0,No
C02984,Male,25.0,0,No,No,46,Yes,No,DSL,Yes,No,No,No,No,Yes,Month-to-month,No,Electronic check,48.55,2343.71,No
C04419,Male,44.0,0,Yes,No,62,Yes,No,No,No internet service,No internet service,No internet service,No internet service,No internet service,No internet service,Two year,No,Electronic check,26.38,1785.9,No
C01547,Female,42.0,0,Yes,No,4,Yes,No,Fiber optic,Yes,No,Yes,No,No,Yes,Month-to-month,Yes,Credit card,78.54,424.1,Yes
C02877,Male,26.0,0,No,No,53,Yes,No,Fiber optic,No,Yes,Yes,No,No,Yes,Month-to-month,Yes,Electronic check,70.92,3780.81,No
C01535,Female,46.0,0,No,No,12,No,No phone service,No,No internet service,No internet service,No internet service,No internet service,No internet service,No internet service,One year,Yes,Mailed check,32.88,394.9,No
C04620,Female,25.0,0,No,No,48,Yes,No,DSL,Yes,No,No,No,No,Yes,Month-to-month,Yes,Credit card,50.39,2637.09,No
C02011,Female,20.0,0,Yes,No,29,Yes,Yes,DSL,No,No,Yes,No,No,No,Month-to-month,Yes,Bank transfer,52.44,1537.51,No
C00627,Male,44.0,0,Yes,No,12,Yes,No,DSL,No,No,No,Yes,No,Yes,One year,Yes,Credit card,50.02,601.93,Yes
C06482,Male,71.0,1,No,Yes,32,Yes,Yes,Fiber optic,Yes,No,Yes,No,No,Yes,Month-to-month,No,Bank transfer,64.14,2197.62,No
C04548,Male,40.0,0,Yes,No,21,Yes,Yes,DSL,No,No,No,No,No,Yes,Month-to-month,Yes,Credit card,49.82,1327.88,No
C00423,Male,71.0,1,Yes,No,30,Yes,Yes,Fiber optic,No,No,Yes,No,No,Yes,Two year,Yes,Bank transfer,83.15,2605.8,No
C02836,Female,23.0,0,No,No,7,Yes,No,Fiber optic,Yes,No,No,Yes,No,No,Month-to-month,Yes,Bank transfer,64.17,645.81,No
C04285,Male,44.0,0,Yes,No,0,Yes,No,Fiber optic,No,No,No,No,No,No,Month-to-month,Yes,Electronic check,54.35,178.29,Yes
C04983,Male,37.0,0,No,No,12,Yes,Yes,Fiber optic,No,No,Yes,No,No,No,Two year,No,Credit card,54.87,836.04,No
C01486,Female,50.0,0,Yes,No,27,Yes,No,DSL,No,No,No,No,No,No,Month-to-month,Yes,Bank transfer,44.72,1206.65,No
C01603,Male,70.0,1,Yes,Yes,43,Yes,Yes,Fiber optic,No,Yes,Yes,No,Yes,Yes,Two year,Yes,Bank transfer,69.32499999999999,4671.58,Yes
C00708,Female,33.0,0,Yes,No,12,Yes,Yes,DSL,No,Yes,Yes,No,No,No,Month-to-month,Yes,Bank transfer,51.2,572.46,Yes
C06639,Male,47.0,0,No,No,28,Yes,No,No,No internet service,No internet service,No internet service,No internet service,No internet service,No internet service,One year,No,Credit card,21.19,726.47,No
C03949,Female,61.0,0,Yes,No,34,Yes,Yes,DSL,No,Yes,No,No,Yes,Yes,Month-to-month,Yes,Electronic check,65.67,2309.72,No
C06542,Male,45.0,0,No,No,0,No,No phone service,Fiber optic,No,No,No,No,No,No,Month-to-month,No,Credit card,38.42,68.89,No
C06850,Female,32.0,0,Yes,Yes,1,Yes,No,Fiber optic,Yes,No,No,No,Yes,No,Month-to-month,No,Electronic check,69.82,88.73,Yes
C02884,Female,50.0,0,Yes,No,16,Yes,Yes,No,No internet service,No internet service,No internet service,No internet service,No internet service,No internet service,Month-to-month,Yes,Electronic check,26.39,407.15,No
C02517,Female,26.0,0,Yes,No,56,Yes,Yes,DSL,No,Yes,No,No,Yes,Yes,Two year,Yes,Bank transfer,61.86,3626.76,No
C04976,Female,59.0,0,Yes,Yes,50,No,No phone service,Fiber optic,Yes,No,No,No,No,No,Two year,No,Electronic check,50.57,2464.86,No
C01197,Male,18.0,0,No,No,5,Yes,No,DSL,No,No,No,Yes,No,No,Month-to-month,Yes,Mailed check,46.91,226.21,Yes
C04661,Male,41.0,0,No,No,43,Yes,No,Fiber optic,Yes,Yes,Yes,No,No,Yes,Month-to-month,No,Credit card,75.67,3213.39,Yes
C01508,Male,31.0,0,No,No,61,Yes,Yes,Fiber optic,No,Yes,Yes,No,No,Yes,Two year,Yes,Electronic check,75.03,4856.85,Yes
C04089,Female,36.0,0,Yes,No,0,Yes,No,DSL,No,No,No,Yes,No,No,Month-to-month,No,Electronic check,41.6,143.85,Yes
C00364,Male,29.0,0,Yes,No,42,No,No phone service,No,No internet service,No internet service,No internet service,No internet service,No internet service,No internet service,Two year,No,Electronic check,18.0,803.86,No
C00701,Female,34.0,0,No,No,31,No,No phone service,Fiber optic,No,No,Yes,No,No,No,Month-to-month,Yes,Electronic check,56.11,1857.44,No
C03116,Male,34.0,0,No,Yes,25,Yes,No,DSL,No,Yes,Yes,Yes,Yes,Yes,Month-to-month,Yes,Electronic check,65.77,1696.87,Yes
C01252,Male,46.0,0,No,No,32,Yes,No,Fiber optic,No,No,Yes,No,No,No,Month-to-month,Yes,Electronic check,54.18,1818.31,No
C03568,Female,30.0,0,No,No,44,Yes,No,No,No internet service,No internet service,No internet service,No internet service,No internet service,No internet service,One year,No,Electronic check,32.51,1526.48,No
C03673,Male,40.0,0,No,No,2,Yes,No,Fiber optic,No,No,Yes,Yes,No,Yes,Two year,Yes,Credit card,78.83,334.34,Yes
C06734,Male,44.0,0,Yes,No,5,No,No phone service,DSL,Yes,Yes,No,No,No,No,Month-to-month,Yes,Credit card,48.38,343.07,No
C07240,Female,36.0,0,No,No,53,Yes,No,Fiber optic,No,Yes,No,No,Yes,No,Two year,Yes,Bank transfer,63.98,3914.69,No
C05948,Female,54.0,0,No,Yes,0,Yes,Yes,DSL,Yes,Yes,Yes,Yes,Yes,Yes,Month-to-month,No,Electronic check,78.31,105.8,No
C05216,Male,37.0,0,Yes,No,64,Yes,Yes,DSL,No,No,Yes,Yes,No,No,Two year,Yes,Electronic check,47.65,3726.05,No
C03522,Male,18.0,0,No,No,9,Yes,No,DSL,No,Yes,Yes,Yes,Yes,Yes,Month-to-month,Yes,Bank transfer,65.08,701.55,No
C06715,Female,26.0,0,No,No,30,Yes,No,DSL,No,Yes,No,No,No,No,Month-to-month,No,Bank transfer,48.61,1477.05,No
C02445,Male,38.0,0,Yes,No,13,Yes,Yes,No,No internet service,No internet service,No internet service,No internet service,No internet service,No internet service,One year,Yes,Bank transfer,43.0,584.55,No
C04888,Male,26.0,0,No,No,34,Yes,Yes,No,No internet service,No internet service,No internet service,No internet service,No internet service,No internet service,Month-to-month,Yes,Credit card,25.76,886.04,No
C03297,Female,52.0,0,No,No,0,Yes,Yes,No,No internet service,No internet service,No internet service,No internet service,No internet service,No internet service,Month-to-month,Yes,Mailed check,31.04,18.32,Yes
C00459,Male,57.0,0,No,No,27,Yes,No,DSL,No,Yes,No,No,No,No,One year,Yes,Credit card,42.68,1324.62,No
C03876,Female,60.0,0,Yes,Yes,8,Yes,Yes,Fiber optic,Yes,No,No,Yes,No,No,One year,Yes,Bank transfer,77.17,812.09,No
C06947,Female,40.0,0,Yes,No,45,Yes,No,No,No internet service,No internet service,No internet service,No internet service,No internet service,No internet service,Two year,Yes,Bank transfer,36.47,1658.85,No
C00618,Male,35.0,0,No,No,14,Yes,No,Fiber optic,Yes,No,No,No,Yes,No,Month-to-month,Yes,Electronic check,60.71,965.71,Yes
C00582,Male,29.0,0,Yes,Yes,1,Yes,Yes,DSL,No,No,No,No,No,Yes,Month-to-month,Yes,Mailed check,64.41,115.91,No
C06413,Male,60.0,0,Yes,No,32,Yes,No,DSL,Yes,No,No,Yes,No,No,One year,Yes,Mailed check,68.51,2291.5,No
C04292,Male,18.0,0,No,No,57,Yes,No,DSL,No,Yes,No,Yes,No,No,Two year,Yes,Mailed check,46.76,2882.5,No
C07235,Male,35.0,0,No,No,61,Yes,No,DSL,No,No,No,Yes,No,No,Two year,Yes,Electronic check,35.76,2057.2,No
C00931,Female,48.0,0,Yes,Yes,25,Yes,No,DSL,Yes,No,Yes,No,No,No,Month-to-month,No,Bank transfer,41.0,1113.75,No
C02823,Male,26.0,0,Yes,No,17,Yes,No,Fiber optic,No,No,No,No,Yes,Yes,Month-to-month,No,Mailed check,69.33,1217.49,No
C05738,Female,37.0,0,No,No,0,Yes,No,No,No internet service,No internet service,No internet service,No internet service,No internet service,No internet service,Month-to-month,Yes,Electronic check,23.75,92.22,No
C07226,Female,46.0,0,Yes,No,12,Yes,Yes,Fiber optic,No,Yes,No,No,Yes,No,Month-to-month,Yes,Electronic check,73.69,956.82,Yes
C06972,Female,40.0,0,No,No,0,Yes,No,DSL,Yes,Yes,No,No,Yes,No,Month-to-month,No,Electronic check,45.69,82.81,No
C03939,Male,46.0,0,Yes,Yes,21,Yes,No,Fiber optic,No,Yes,Yes,No,Yes,Yes,Month-to-month,Yes,Credit card,88.69,1842.46,Yes
C00001,Female,60.0,0,Yes,Yes,57,Yes,Yes,No,No internet service,No internet service,No internet service,No internet service,No internet service,No internet service,Month-to-month,No,Electronic check,29.69,1683.87,No
C00196,Male,33.0,0,No,No,50,Yes,Yes,No,No internet service,No internet service,No internet service,No internet service,No internet service,No internet service,One year,No,Electronic check,33.76,1686.85,No
C02005,Male,45.0,0,Yes,No,22,Yes,No,Fiber optic,Yes,Yes,No,No,No,No,Month-to-month,Yes,Electronic check,64.21,1586.81,No
C07192,Female,73.0,1,Yes,No,34,No,No phone service,Fiber optic,No,No,No,Yes,No,No,One year,Yes,Credit card,57.82,2059.1,No
C01942,Female,26.0,0,No,No,41,Yes,Yes,Fiber optic,No,No,No,No,No,No,Month-to-month,Yes,Bank transfer,65.08,2375.86,Yes
C03210,Male,28.0,0,Yes,Yes,72,Yes,No,DSL,No,No,No,Yes,No,No,One year,No,Electronic check,35.48,2728.04,No
C05623,Male,26.0,0,No,No,72,Yes,No,No,No internet service,No internet service,No internet service,No internet service,No internet service,No internet service,Two year,No,Credit card,18.0,1234.61,No
C00796,Female,50.0,0,Yes,No,33,Yes,Yes,DSL,No,No,Yes,Yes,No,Yes,Month-to-month,No,Credit card,68.15,1879.69,No
C01864,Female,31.0,0,No,No,15,Yes,Yes,Fiber optic,Yes,Yes,No,No,Yes,Yes,Month-to-month,Yes,Electronic check,84.55,1263.34,Yes
C04934,Female,29.0,0,No,No,21,Yes,Yes,Fiber optic,No,No,No,No,No,Yes,One year,No,Credit card,71.54,1409.03,No
C05095,Female,21.0,0,Yes,No,0,Yes,Yes,Fiber optic,Yes,Yes,No,No,Yes,No,Month-to-month,Yes,Credit card,69.8,51.26,No
C01681,Male,30.0,0,No,No,10,Yes,Yes,DSL,No,Yes,No,No,Yes,Yes,Month-to-month,No,Bank transfer,58.58,697.5,No
C02141,Male,36.0,0,No,No,1,Yes,No,Fiber optic,Yes,Yes,Yes,No,No,No,Month-to-month,Yes,Credit card,68.19,150.59,Yes
C03272,Female,36.0,0,Yes,No,51,Yes,Yes,DSL,No,No,Yes,No,No,No,One year,No,Credit card,45.16,2104.5,No
C05081,Male,37.0,0,No,No,31,Yes,Yes,DSL,No,Yes,No,No,Yes,No,Month-to-month,No,Electronic check,46.75,1492.92,Yes
C06869,Male,37.0,0,No,No,43,Yes,Yes,Fiber optic,Yes,Yes,No,No,No,No,Two year,Yes,Bank transfer,66.41,2816.58,No
C05072,Male,47.0,0,No,Yes,24,Yes,Yes,Fiber optic,No,No,No,Yes,No,No,Two year,Yes,Credit card,67.75,1858.51,No
C03581,Male,73.0,1,Yes,No,36,Yes,No,No,No internet service,No internet service,No internet service,No internet service,No internet service,No internet service,Month-to-month,No,Electronic check,23.01,959.61,No
C04007,Female,73.0,1,Yes,No,33,Yes,No,No,No internet service,No internet service,No internet service,No internet service,No internet service,No internet service,Month-to-month,Yes,Mailed check,29.26,986.83,No
C03213,Female,49.0,0,No,No,59,Yes,No,DSL,Yes,Yes,No,No,No,Yes,Two year,No,Credit card,52.35,2684.84,No
C03868,Female,27.0,0,No,No,48,Yes,Yes,DSL,No,No,Yes,No,Yes,No,One year,Yes,Credit card,53.51,2922.72,No
C01419,Male,43.0,0,No,No,70,Yes,No,DSL,No,No,Yes,No,Yes,No,Two year,No,Credit card,47.47,3535.74,No
C01655,Female,55.0,0,Yes,Yes,0,Yes,Yes,Fiber optic,Yes,Yes,No,Yes,Yes,Yes,Month-to-month,No,Credit card,89.09,14.12,No
C04040,Male,51.0,0,Yes,No,14,Yes,Yes,Fiber optic,No,No,No,No,No,Yes,One year,Yes,Electronic check,70.01,1108.41,No
C01926,Female,18.0,0,No,No,27,No,No phone service,No,No internet service,No internet service,No internet service,No internet service,No internet service,No internet service,Two year,No,Electronic check,21.71,560.31,No
C06656,Female,30.0,0,No,No,45,Yes,Yes,Fiber optic,Yes,Yes,No,No,Yes,Yes,Month-to-month,Yes,Mailed check,78.7,3761.18,No
C04341,Female,43.0,0,No,No,22,Yes,Yes,No,No internet service,No internet service,No internet service,No internet service,No internet service,No internet service,One year,Yes,Mailed check,42.41,879.49,No
C07047,Male,62.0,0,Yes,Yes,54,Yes,No,Fiber optic,No,No,No,No,No,Yes,Two year,No,Credit card,65.09,3673.84,No
C00526,Male,44.0,0,Yes,No,36,No,No phone service,No,No internet service,No internet service,No internet service,No internet service,No internet service,No internet service,Two year,Yes,Bank transfer,20.38,820.45,No
C02132,Male,44.0,0,No,Yes,62,Yes,No,DSL,Yes,Yes,No,No,No,No,One year,Yes,Credit card,56.63,3737.79,No
C02277,Male,28.0,0,No,No,5,Yes,No,DSL,No,No,No,No,Yes,Yes,Month-to-month,No,Electronic check,49.93,373.25,Yes
C06344,Female,49.0,0,No,No,48,Yes,No,No,No internet service,No internet service,No internet service,No internet service,No internet service,No internet service,One year,Yes,Electronic check,29.73,1714.36,No
C02908,Female,46.0,0,No,Yes,39,Yes,No,Fiber optic,Yes,No,No,Yes,Yes,Yes,Month-to-month,No,Mailed check,78.45,3383.38,Yes
C00900,Female,44.0,0,Yes,Yes,44,Yes,No,DSL,No,Yes,No,Yes,No,Yes,Two year,Yes,Bank transfer,62.42,2490.46,Yes
C03144,Female,49.0,0,No,No,36,Yes,No,Fiber optic,Yes,No,Yes,No,No,Yes,Month-to-month,Yes,Mailed check,71.13,2798.26,Yes
C01635,Male,37.0,0,No,No,17,Yes,Yes,No,No internet service,No internet service,No internet service,No internet service,No internet service,No internet service,One year,No,Electronic check,27.28,568.66,No
C05809,Male,30.0,0,No,No,47,Yes,No,Fiber optic,No,No,Yes,No,Yes,No,One year,Yes,Credit card,71.35,3405.92,No
C00088,Male,24.0,0,Yes,Yes,6,Yes,No,DSL,No,Yes,No,No,No,Yes,Month-to-month,Yes,Bank transfer,60.13,391.26,Yes
C03575,Female,64.0,0,Yes,Yes,39,Yes,Yes,Fiber optic,Yes,No,Yes,No,No,Yes,One year,Yes,Electronic check,79.45,3491.74,No
C02751,Male,18.0,0,No,No,17,Yes,No,DSL,No,No,No,No,Yes,No,Month-to-month,Yes,Credit card,52.11,1051.525,No
C00850,Female,48.0,0,No,No,55,Yes,No,Fiber optic,No,Yes,Yes,Yes,No,Yes,Two year,Yes,Electronic check,79.08,4524.48,No
C01972,Female,38.0,0,No,No,50,Yes,Yes,No,No internet service,No internet service,No internet service,No internet service,No internet service,No internet service,One year,Yes,Credit card,33.1,1811.49,No
C03454,Male,39.0,0,No,No,8,No,No phone service,DSL,No,Yes,No,No,Yes,Yes,Month-to-month,No,Electronic check,57.56,531.51,No
C00620,Male,58.0,0,Yes,Yes,46,Yes,Yes,DSL,No,No,No,No,Yes,No,Two year,Yes,Credit card,54.33,2660.69,No
C06197,Male,36.0,0,No,No,24,Yes,No,No,No internet service,No internet service,No internet service,No internet service,No internet service,No internet service,Month-to-month,Yes,Electronic check,25.46,748.48,No
C00894,Male,34.0,0,Yes,Yes,25,Yes,No,Fiber optic,Yes,No,Yes,No,Yes,No,Month-to-month,Yes,Mailed check,68.84,1593.72,Yes
C02365,Male,50.0,0,Yes,No,44,Yes,Yes,Fiber optic,No,No,No,No,No,No,Month-to-month,No,Mailed check,52.45,2794.37,No
C07206,Female,28.0,0,No,No,22,No,No phone service,DSL,Yes,No,Yes,No,Yes,No,Month-to-month,No,Mailed check,60.71,1381.32,No
C04995,Female,55.0,0,Yes,Yes,39,Yes,No,Fiber optic,No,Yes,Yes,Yes,Yes,Yes,Month-to-month,Yes,Bank transfer,80.15,3623.48,Yes
C06586,Male,21.0,0,Yes,No,11,Yes,No,Fiber optic,Yes,Yes,No,Yes,No,Yes,Month-to-month,No,Credit card,64.92,836.71,No
C06955,Female,57.0,0,Yes,No,39,Yes,No,Fiber optic,No,Yes,No,Yes,No,Yes,Month-to-month,Yes,Electronic check,69.57,3134.48,No
C04723,Male,43.0,0,Yes,No,36,Yes,No,Fiber optic,Yes,Yes,No,No,Yes,Yes,Month-to-month,Yes,Electronic check,85.13,2605.64,No
C05924,Female,60.0,0,No,No,25,Yes,Yes,Fiber optic,Yes,No,No,No,Yes,Yes,Two year,Yes,Credit card,84.45,1768.19,No
C02707,Female,38.0,0,No,No,22,Yes,No,Fiber optic,No,No,No,No,Yes,Yes,Month-to-month,Yes,Credit card,75.17,1933.93,Yes
C03019,Female,22.0,0,No,No,23,Yes,No,DSL,No,Yes,Yes,No,Yes,No,Month-to-month,No,Electronic check,53.0,1372.81,No
C04472,Female,42.0,0,No,No,22,Yes,No,DSL,Yes,No,No,Yes,No,No,One year,Yes,Credit card,63.0,1542.9,Yes
C02248,Female,42.0,0,Yes,Yes,31,Yes,No,DSL,Yes,Yes,Yes,No,Yes,Yes,Month-to-month,Yes,Bank transfer,66.72,2170.16,No
C05005,Male,41.0,0,No,No,48,Yes,No,No,No internet service,No internet service,No internet service,No internet service,No internet service,No internet service,Month-to-month,Yes,Electronic check,32.24,1261.55,No
C01211,Male,29.0,0,Yes,No,22,Yes,No,No,No internet service,No internet service,No internet service,No internet service,No internet service,No internet service,Month-to-month,Yes,Bank transfer,25.54,587.32,No
C00574,Male,72.0,1,Yes,No,17,Yes,No,DSL,Yes,Yes,Yes,No,No,Yes,Month-to-month,No,Electronic check,69.36,1272.22,Yes
C00130,Male,36.0,0,Yes,No,45,Yes,Yes,Fiber optic,Yes,No,No,No,Yes,Yes,Two year,No,Credit card,84.0,3473.42,No
C03532,Male,36.0,0,No,No,64,Yes,Yes,Fiber optic,No,No,No,Yes,Yes,Yes,Two year,Yes,Mailed check,81.1,5032.88,No
C06172,Male,18.0,0,No,No,38,No,No phone service,Fiber optic,No,Yes,No,No,No,No,One year,Yes,Electronic check,54.61,1942.61,No
C04147,Female,27.0,0,No,No,0,Yes,No,No,No internet service,No internet service,No internet service,No internet service,No internet service,No internet service,Month-to-month,No,Credit card,18.95,40.26,No
C05476,Female,53.0,0,No,Yes,0,Yes,Yes,No,No internet service,No internet service,No internet service,No internet service,No internet service,No internet service,Month-to-month,Yes,Credit card,35.37,78.03,Yes
C01817,Male,24.0,0,No,No,20,No,No phone service,DSL,No,No,No,Yes,No,Yes,One year,Yes,Electronic check,57.03,1185.35,No
C01663,Male,45.0,0,Yes,No,36,Yes,Yes,DSL,No,Yes,No,No,No,No,One year,No,Credit card,49.47,1886.87,No
C06131,Male,38.0,0,Yes,Yes,70,Yes,No,No,No internet service,No internet service,No internet service,No internet service,No internet service,No internet service,Two year,Yes,Electronic check,26.95,2056.06,No
C05942,Male,38.0,0,No,No,19,Yes,Yes,Fiber optic,Yes,Yes,Yes,Yes,Yes,No,Month-to-month,Yes,Electronic check,87.08,1546.7,Yes
C06081,Male,68.0,1,No,No,31,No,No phone service,Fiber optic,No,Yes,Yes,No,Yes,No,Two year,Yes,Credit card,65.23,2329.63,No
C06935,Female,56.0,0,Yes,Yes,70,Yes,Yes,Fiber optic,No,No,Yes,No,No,Yes,One year,No,Electronic check,68.29,4507.18,No
C06789,Male,46.0,0,No,Yes,43,Yes,Yes,DSL,Yes,No,No,No,Yes,No,Month-to-month,Yes,Bank transfer,55.15,2652.72,No
C01762,Male,47.0,0,Yes,Yes,26,Yes,No,Fiber optic,Yes,Yes,No,Yes,Yes,Yes,Month-to-month,Yes,Credit card,95.77,2791.67,No
C00744,Female,43.0,0,No,No,6,Yes,No,No,No internet service,No internet service,No internet service,No internet service,No internet service,No internet service,Month-to-month,No,Mailed check,19.28,181.43,No
C04344,Female,68.0,1,No,Yes,26,Yes,No,Fiber optic,No,No,No,Yes,No,Yes,One year,No,Mailed check,66.53,1909.41,No
C04485,Male,49.0,0,Yes,Yes,12,Yes,Yes,Fiber optic,No,Yes,No,Yes,No,No,Month-to-month,Yes,Mailed check,72.76,909.93,Yes
C07142,Male,36.0,0,Yes,Yes,19,Yes,No,Fiber optic,No,Yes,No,No,No,No,Month-to-month,Yes,Electronic check,62.24,1336.17,Yes
C02995,Female,55.0,0,No,No,52,Yes,Yes,DSL,Yes,Yes,No,No,No,No,Two year,No,Electronic check,42.33,2402.77,No
C03854,Male,30.0,0,No,No,20,Yes,No,Fiber optic,No,Yes,No,No,Yes,No,Month-to-month,Yes,Credit card,60.83,1210.51,Yes
C04239,Female,47.0,0,No,No,1,Yes,Yes,Fiber optic,No,No,Yes,Yes,No,Yes,Month-to-month,Yes,Bank transfer,87.73,146.61,Yes
C06739,Male,18.0,0,Yes,No,42,Yes,No,DSL,No,Yes,Yes,No,Yes,No,One year,Yes,Electronic check,55.72,2603.74,No
C06502,Male,50.0,0,No,No,27,Yes,Yes,DSL,No,No,Yes,Yes,No,No,Month-to-month,Yes,Electronic check,61.53,1700.47,Yes
C03585,Female,23.0,0,Yes,No,31,Yes,No,Fiber optic,No,Yes,No,No,No,Yes,Month-to-month,Yes,Bank transfer,60.89,1898.55,No
C07170,Male,58.0,0,No,Yes,24,Yes,No,DSL,No,Yes,No,No,No,No,One year,No,Electronic check,45.23,1193.12,Yes
C05970,Male,46.0,0,Yes,No,61,Yes,No,No,No internet service,No internet service,No internet service,No internet service,No internet service,No internet service,Two year,No,Bank transfer,30.85,1509.85,No
C02869,Male,18.0,0,Yes,No,32,Yes,No,Fiber optic,Yes,No,No,No,No,Yes,Month-to-month,Yes,Electronic check,72.61,2240.05,No
C01373,Female,50.0,0,No,No,58,Yes,Yes,Fiber optic,No,No,Yes,No,No,No,One year,Yes,Bank transfer,68.17,4262.14,Yes
C05494,Male,45.0,0,Yes,Yes,16,Yes,No,Fiber optic,No,No,Yes,No,Yes,No,Month-to-month,Yes,Electronic check,66.36,1013.48,Yes
C04583,Male,39.0,0,Yes,No,16,Yes,Yes,Fiber optic,No,Yes,Yes,No,Yes,No,Month-to-month,Yes,Credit card,68.97,1414.25,No
C07124,Female,30.0,0,No,No,6,Yes,Yes,Fiber optic,No,Yes,No,No,No,No,Month-to-month,Yes,Credit card,68.53,479.9,Yes
C00698,Female,45.0,0,Yes,Yes,58,Yes,No,No,No internet service,No internet service,No internet service,No internet service,No internet service,No internet service,Two year,Yes,Mailed check,25.19,1643.52,No
C02100,Male,18.0,0,No,No,9,Yes,Yes,Fiber optic,No,No,No,No,No,Yes,Month-to-month,Yes,Bank transfer,68.55,812.67,No
C05344,Male,53.0,0,Yes,No,33,No,No phone service,Fiber optic,No,No,Yes,Yes,No,No,One year,Yes,Credit card,62.81,2201.14,No
C00905,Female,64.0,0,Yes,No,25,Yes,Yes,DSL,No,No,Yes,Yes,Yes,No,Month-to-month,Yes,Bank transfer,54.665,1737.99,No
C05875,Female,60.0,0,No,No,16,Yes,No,DSL,No,No,No,Yes,No,No,Month-to-month,Yes,Electronic check,56.1,931.49,Yes
C04893,Male,41.0,0,No,No,39,Yes,Yes,Fiber optic,No,No,Yes,No,Yes,Yes,Month-to-month,Yes,Electronic check,72.7,3005.47,Yes
C02102,Male,30.0,0,No,No,54,Yes,No,Fiber optic,No,No,Yes,No,No,No,One year,Yes,Credit card,55.38,3107.26,Yes
C05205,Male,24.0,0,No,No,16,Yes,Yes,Fiber optic,Yes,Yes,Yes,Yes,Yes,No,Month-to-month,Yes,Bank transfer,89.34,1384.57,No
C04903,Female,47.0,0,Yes,No,47,Yes,Yes,No,No internet service,No internet service,No internet service,No internet service,No internet service,No internet service,Month-to-month,Yes,Bank transfer,30.16,1633.12,No
C06577,Female,18.0,0,Yes,Yes,15,Yes,No,Fiber optic,No,Yes,No,Yes,No,Yes,Month-to-month,Yes,Electronic check,76.78,1257.2,Yes
C05055,Male,40.0,0,No,Yes,44,Yes,Yes,Fiber optic,No,No,No,No,No,Yes,Month-to-month,Yes,Credit card,68.41,2588.82,No
C04900,Female,57.0,0,No,No,43,Yes,Yes,Fiber optic,No,No,No,Yes,Yes,No,Month-to-month,No,Credit card,77.22,3275.4,No
C03830,Female,38.0,0,Yes,Yes,24,Yes,Yes,DSL,No,No,No,No,No,Yes,One year,No,Mailed check,54.665,1436.41,No
C07135,Female,49.0,0,Yes,No,35,Yes,Yes,No,No internet service,No internet service,No internet service,No internet service,No internet service,No internet service,Month-to-month,No,Credit card,27.08,1173.05,No
C03409,Male,18.0,0,Yes,No,14,Yes,No,DSL,No,Yes,No,No,Yes,Yes,Month-to-month,Yes,Electronic check,61.53,899.49,No
C01314,Female,19.0,0,No,No,44,Yes,Yes,Fiber optic,No,No,No,Yes,Yes,Yes,Month-to-month,No,Bank transfer,77.0,3394.12,Yes
C02740,Female,45.0,0,No,Yes,14,Yes,Yes,No,No internet service,No internet service,No internet service,No internet service,No internet service,No internet service,One year,Yes,Bank transfer,32.79,484.15,No
C05606,Female,23.0,0,No,No,6,Yes,Yes,DSL,No,No,No,No,Yes,No,Month-to-month,No,Electronic check,44.01,363.39,Yes
C01183,Female,43.0,0,No,No,5,Yes,Yes,Fiber optic,No,No,No,No,No,No,Month-to-month,No,Electronic check,53.92,430.37,Yes
C05806,Male,64.0,0,No,Yes,47,No,No phone service,No,No internet service,No internet service,No internet service,No internet service,No internet service,No internet service,Two year,Yes,Mailed check,20.75,1116.65,No
C03511,Male,23.0,0,No,No,16,Yes,No,DSL,No,No,No,Yes,No,Yes,Month-to-month,No,Bank transfer,41.13,791.59,Yes
C03018,Male,39.0,0,Yes,No,25,Yes,Yes,DSL,No,No,Yes,No,No,Yes,Month-to-month,Yes,Electronic check,58.92,1391.63,No
C05461,Female,44.0,0,No,No,38,Yes,Yes,Fiber optic,Yes,No,No,No,No,Yes,Month-to-month,No,Electronic check,77.18,2751.76,Yes
C06092,Female,18.0,0,No,No,22,Yes,No,Fiber optic,Yes,Yes,No,No,No,Yes,Two year,No,Bank transfer,65.05,1392.57,No
C03972,Female,23.0,0,No,No,1,Yes,Yes,Fiber optic,Yes,No,Yes,Yes,No,Yes,One year,Yes,Credit card,85.13,118.63,No
C03726,Male,27.0,0,No,No,9,Yes,No,Fiber optic,No,No,Yes,No,No,Yes,Month-to-month,Yes,Electronic check,68.26,627.56,Yes
C06094,Male,71.0,1,No,Yes,12,No,No phone service,Fiber optic,Yes,Yes,No,No,No,Yes,Month-to-month,No,Credit card,67.19,810.71,Yes
C00315,Male,58.0,0,Yes,Yes,56,Yes,No,DSL,No,No,No,No,Yes,No,One year,Yes,Electronic check,49.88,2643.34,No
C02198,Male,28.0,0,No,No,30,Yes,No,Fiber optic,No,No,Yes,No,No,No,One year,Yes,Mailed check,69.32499999999999,2192.48,Yes
C04001,Male,62.0,0,Yes,No,23,Yes,No,Fiber optic,No,Yes,No,No,Yes,No,Month-to-month,Yes,Mailed check,66.81,1858.7,Yes
C04275,Female,43.0,0,No,No,72,Yes,No,Fiber optic,Yes,No,Yes,No,No,No,One year,No,Electronic check,72.02,5366.55,No
C02623,Male,54.0,0,No,Yes,0,Yes,No,DSL,Yes,No,Yes,Yes,Yes,Yes,Month-to-month,Yes,Electronic check,74.41,58.04,No
C04446,Male,48.0,0,No,No,31,Yes,Yes,Fiber optic,Yes,No,No,No,No,No,One year,Yes,Electronic check,66.21,2341.08,No
C02289,Female,36.0,0,Yes,No,41,Yes,Yes,DSL,No,Yes,Yes,Yes,Yes,No,One year,Yes,Mailed check,75.83,3378.29,No
C01883,Male,52.0,0,Yes,Yes,18,Yes,Yes,DSL,Yes,Yes,No,No,Yes,No,Month-to-month,No,Bank transfer,65.64,1190.58,No
C06237,Male,18.0,0,No,No,48,Yes,Yes,Fiber optic,Yes,Yes,No,Yes,Yes,No,Two year,No,Bank transfer,87.11,4638.65,No
C07024,Male,32.0,0,No,No,47,Yes,Yes,Fiber optic,No,No,No,No,Yes,No,Two year,No,Bank transfer,70.7,2980.92,No
C03626,Female,43.0,0,No,No,29,Yes,No,DSL,No,No,Yes,No,No,Yes,One year,No,Electronic check,46.92,1288.19,No
C03192,Male,33.0,0,No,No,5,Yes,Yes,Fiber optic,No,No,No,Yes,Yes,No,Month-to-month,No,Bank transfer,66.87,461.35,No
C04806,Male,35.0,0,Yes,No,16,Yes,Yes,No,No internet service,No internet service,No internet service,No internet service,No internet service,No internet service,Month-to-month,Yes,Credit card,46.49,803.57,No
C06822,Female,34.0,0,Yes,No,21,No,No phone service,Fiber optic,No,No,No,Yes,No,Yes,Month-to-month,Yes,Bank transfer,61.06,1267.03,No
C04865,Female,42.0,0,Yes,No,21,Yes,No,DSL,Yes,No,No,No,Yes,Yes,Month-to-month,No,Credit card,50.12,1128.29,No
C04877,Male,41.0,0,No,No,6,Yes,No,DSL,Yes,No,No,No,No,Yes,Month-to-month,Yes,Mailed check,50.92,384.28,No
C03135,Male,18.0,0,No,No,17,Yes,No,DSL,Yes,Yes,Yes,Yes,No,No,Month-to-month,Yes,Electronic check,65.31,1175.83,Yes
C04208,Male,31.0,0,No,No,17,Yes,No,DSL,Yes,No,No,Yes,No,No,One year,Yes,Electronic check,45.16,936.23,No
C03789,Male,32.0,0,No,No,56,Yes,Yes,Fiber optic,Yes,No,No,No,No,Yes,Month-to-month,Yes,Bank transfer,77.92,4594.7,No
C04217,Male,41.0,0,Yes,No,32,Yes,No,Fiber optic,No,No,No,No,No,Yes,Two year,Yes,Electronic check,73.53,2579.83,No
C03282,Female,28.0,0,No,No,22,Yes,No,Fiber optic,Yes,Yes,No,No,No,No,Two year,No,Credit card,55.11,1278.7,No
C00685,Female,49.0,0,Yes,Yes,0,Yes,Yes,DSL,No,No,Yes,No,No,No,Month-to-month,Yes,Mailed check,53.73,59.8,No
C00217,Male,20.0,0,No,No,1,Yes,No,DSL,No,No,Yes,No,No,Yes,Month-to-month,Yes,Mailed check,54.665,158.45,No
C04203,Male,40.0,0,No,No,30,Yes,No,No,No internet service,No internet service,No internet service,No internet service,No internet service,No internet service,One year,Yes,Credit card,23.68,789.58,No
C04522,Male,55.0,0,Yes,No,23,Yes,Yes,DSL,No,No,Yes,No,Yes,No,Two year,No,Electronic check,59.1,1388.9,Yes
C03692,Male,69.0,1,Yes,No,22,No,No phone service,DSL,No,Yes,Yes,No,No,Yes,Month-to-month,Yes,Mailed check,52.81,1270.99,No
C00781,Female,31.0,0,Yes,No,33,Yes,Yes,Fiber optic,No,Yes,No,No,No,No,Month-to-month,Yes,Credit card,75.83,2678.14,No
C03059,Male,40.0,0,Yes,No,54,Yes,No,DSL,No,Yes,Yes,No,No,Yes,One year,Yes,Mailed check,57.06,3119.03,No
C04930,Male,34.0,0,No,Yes,25,Yes,No,No,No internet service,No internet service,No internet service,No internet service,No internet service,No internet service,One year,No,Mailed check,18.0,462.49,No
C03437,Male,61.0,0,Yes,No,58,Yes,No,Fiber optic,Yes,Yes,No,Yes,Yes,No,One year,Yes,Mailed check,71.88,3994.94,Yes
C05871,Female,41.0,0,Yes,No,34,Yes,Yes,Fiber optic,Yes,Yes,Yes,Yes,No,Yes,One year,Yes,Electronic check,89.32,3042.9,No
C06241,Female,51.0,0,No,No,0,Yes,No,No,No internet service,No internet service,No internet service,No internet service,No internet service,No internet service,Month-to-month,Yes,Credit card,30.95,140.69,No
C01380,Female,70.0,1,Yes,No,51,Yes,Yes,Fiber optic,Yes,No,Yes,No,Yes,No,One year,Yes,Credit card,74.63,4396.58,No
C07176,Male,46.0,0,No,No,40,Yes,No,DSL,No,No,No,No,No,No,Two year,No,Credit card,39.57,1513.06,No
C06067,Female,18.0,0,Yes,No,4,Yes,No,DSL,Yes,No,No,No,No,Yes,Month-to-month,Yes,Electronic check,48.52,331.54,Yes
C07193,Male,26.0,0,Yes,No,57,Yes,Yes,DSL,No,Yes,No,Yes,No,No,Two year,Yes,Electronic check,55.07,3394.55,No
C00518,Female,73.0,1,No,Yes,53,Yes,Yes,DSL,No,No,No,No,No,No,Two year,Yes,Electronic check,32.56,1718.09,No
C06026,Male,69.0,1,Yes,No,39,Yes,No,Fiber optic,No,No,No,No,No,No,Two year,Yes,Mailed check,55.01,2336.63,Yes
C00272,Male,18.0,0,No,No,28,No,No phone service,Fiber optic,Yes,Yes,Yes,No,No,Yes,Month-to-month,No,Bank transfer,66.08,1748.64,Yes
C04590,Male,61.0,0,Yes,Yes,18,Yes,No,DSL,No,Yes,Yes,No,No,No,Month-to-month,Yes,Credit card,47.97,1054.87,No
C03494,Male,41.0,0,No,No,32,Yes,No,No,No internet service,No internet service,No internet service,No internet service,No internet service,No internet service,Month-to-month,No,Bank transfer,32.61,1072.75,No
C02734,Female,51.0,0,No,Yes,33,Yes,No,Fiber optic,No,No,No,Yes,No,No,Two year,Yes,Credit card,66.22,2232.52,No
C06862,Male,60.0,0,Yes,No,45,Yes,No,Fiber optic,No,No,No,No,No,No,Month-to-month,No,Bank transfer,60.07,2778.62,Yes
C01304,Female,32.0,0,Yes,No,30,Yes,No,Fiber optic,No,No,Yes,No,Yes,Yes,Two year,No,Bank transfer,75.47,2471.36,No
C01364,Female,62.0,0,Yes,No,33,Yes,Yes,DSL,No,Yes,Yes,Yes,No,No,Two year,No,Electronic check,63.03,2121.05,No
C05486,Male,40.0,0,No,No,0,Yes,No,Fiber optic,No,No,No,Yes,No,Yes,Month-to-month,Yes,Credit card,65.38,131.33,Yes
C01311,Female,18.0,0,No,No,62,Yes,Yes,Fiber optic,Yes,Yes,No,No,No,No,Month-to-month,Yes,Electronic check,74.68,4569.06,No
C01033,Male,54.0,0,No,Yes,19,Yes,Yes,DSL,Yes,No,No,Yes,No,Yes,One year,No,Electronic check,61.92,1260.27,No
C05934,Male,45.0,0,Yes,No,26,Yes,No,DSL,No,No,No,Yes,No,No,Month-to-month,Yes,Electronic check,45.41,1263.11,No
C04031,Male,70.0,1,No,No,21,Yes,No,Fiber optic,No,No,Yes,Yes,No,No,Month-to-month,Yes,Credit card,65.58,1364.66,Yes
C05422,Female,35.0,0,No,No,45,Yes,Yes,DSL,No,No,No,Yes,No,No,One year,Yes,Electronic check,55.62,2788.91,No
C01746,Male,24.0,0,Yes,No,8,Yes,Yes,Fiber optic,Yes,No,No,Yes,Yes,No,Month-to-month,No,Credit card,79.9,757.53,No
C03365,Male,41.0,0,Yes,Yes,72,Yes,Yes,Fiber optic,No,Yes,No,Yes,Yes,No,Two year,Yes,Electronic check,79.5,6182.47,No
C05728,Male,31.0,0,No,Yes,28,Yes,No,Fiber optic,Yes,No,Yes,Yes,No,Yes,Month-to-month,Yes,Electronic check,77.58,2277.06,Yes
C01442,Male,42.0,0,No,No,46,Yes,No,DSL,Yes,No,Yes,No,No,Yes,One year,Yes,Mailed check,59.48,2567.04,No
C02699,Male,22.0,0,No,No,50,Yes,Yes,No,No internet service,No internet service,No internet service,No internet service,No internet service,No internet service,One year,Yes,Electronic check,25.62,1475.1,No
C02505,Female,24.0,0,No,No,63,Yes,No,DSL,No,Yes,Yes,No,No,Yes,Month-to-month,Yes,Electronic check,48.09,2931.29,No
C03100,Male,48.0,0,No,No,41,Yes,No,DSL,Yes,No,Yes,No,Yes,Yes,Two year,Yes,Electronic check,65.19,2876.85,No
C03266,Male,43.0,0,No,No,56,Yes,No,Fiber optic,Yes,No,No,No,No,No,One year,Yes,Credit card,70.45,3980.84,No
C00643,Male,18.0,0,No,Yes,39,No,No phone service,Fiber optic,No,Yes,No,No,No,No,Month-to-month,Yes,Credit card,59.44,2429.45,Yes
C02530,Male,52.0,0,No,Yes,69,Yes,Yes,Fiber optic,Yes,No,No,No,Yes,Yes,Month-to-month,Yes,Bank transfer,79.84,5342.76,No
C02599,Male,28.0,0,No,No,36,Yes,No,No,No internet service,No internet service,No internet service,No internet service,No internet service,No internet service,One year,No,Electronic check,19.13,782.54,No
C06609,Male,18.0,0,No,No,0,Yes,No,No,No internet service,No internet service,No internet service,No internet service,No internet service,No internet service,Month-to-month,Yes,Credit card,25.62,103.71,Yes
C04186,Female,32.0,0,Yes,No,13,Yes,No,Fiber optic,Yes,No,Yes,Yes,Yes,No,Month-to-month,Yes,Bank transfer,77.5,1057.17,No
C04924,Female,42.0,0,No,No,23,Yes,Yes,No,No internet service,No internet service,No internet service,No internet service,No internet service,No internet service,Month-to-month,No,Electronic check,28.0,636.12,No
C07224,Female,31.0,0,No,Yes,19,Yes,No,Fiber optic,Yes,Yes,No,Yes,No,No,Two year,No,Bank transfer,64.95,1250.54,No
C01738,Male,32.0,0,No,No,41,Yes,No,Fiber optic,Yes,No,No,Yes,Yes,Yes,Two year,Yes,Bank transfer,78.01,3612.94,No
C04798,Female,46.0,0,Yes,No,0,Yes,Yes,Fiber optic,No,No,Yes,No,Yes,No,Month-to-month,No,Mailed check,67.35,15.11,Yes
C00689,Female,35.0,0,No,No,54,Yes,No,Fiber optic,No,No,No,No,No,No,One year,No,Bank transfer,43.86,2380.96,No
C00644,Male,65.0,0,Yes,Yes,28,Yes,No,Fiber optic,No,No,Yes,Yes,Yes,Yes,One year,No,Credit card,86.21,1751.09,No
C02528,Male,69.0,1,Yes,Yes,58,Yes,No,No,No internet service,No internet service,No internet service,No internet service,No internet service,No internet service,Month-to-month,No,Mailed check,21.94,1255.11,No
C01019,Female,37.0,0,No,No,14,Yes,No,DSL,No,Yes,No,Yes,No,Yes,One year,Yes,Bank transfer,58.25,864.12,Yes
C04022,Female,47.0,0,No,No,45,Yes,Yes,Fiber optic,No,No,No,No,No,Yes,Two year,No,Credit card,65.18,2735.5,No
C01874,Female,26.0,0,No,No,39,Yes,Yes,No,No internet service,No internet service,No internet service,No internet service,No internet service,No internet service,One year,Yes,Electronic check,26.91,1238.95,No
C01292,Male,37.0,0,Yes,Yes,55,Yes,No,Fiber optic,No,No,Yes,No,No,Yes,Two year,Yes,Bank transfer,79.85,4200.94,No
C07182,Female,54.0,0,No,No,34,Yes,Yes,Fiber optic,Yes,No,No,No,Yes,No,One year,Yes,Bank transfer,77.58,2360.09,No
C01503,Male,18.0,0,No,No,72,Yes,No,Fiber optic,No,No,Yes,No,Yes,Yes,Month-to-month,Yes,Electronic check,68.81,4449.11,No
C02940,Female,56.0,0,Yes,No,5,Yes,No,Fiber optic,No,Yes,Yes,No,No,No,Month-to-month,Yes,Bank transfer,56.82,317.2,No
C04140,Female,38.0,0,No,No,42,Yes,Yes,No,No internet service,No internet service,No internet service,No internet service,No internet service,No internet service,One year,Yes,Mailed check,33.04,1408.12,No
C06887,Female,52.0,0,No,No,31,Yes,No,DSL,Yes,No,No,No,Yes,No,Two year,Yes,Bank transfer,42.97,1395.76,No
C03508,Male,55.0,0,Yes,No,25,Yes,Yes,No,No internet service,No internet service,No internet service,No internet service,No internet service,No internet service,Month-to-month,No,Electronic check,18.0,604.06,No
C02275,Male,67.0,1,No,No,0,Yes,Yes,Fiber optic,No,No,Yes,No,No,Yes,Month-to-month,No,Electronic check,71.33,119.9,Yes
C06817,Male,47.0,0,No,Yes,0,Yes,Yes,No,No internet service,No internet service,No internet service,No internet service,No internet service,No internet service,Month-to-month,Yes,Credit card,31.22,137.3,No
C05704,Male,31.0,0,No,No,24,Yes,Yes,DSL,Yes,No,No,Yes,Yes,Yes,Month-to-month,No,Electronic check,68.62,1635.49,Yes
C04633,Female,71.0,1,No,Yes,0,Yes,Yes,Fiber optic,Yes,Yes,Yes,No,No,Yes,Month-to-month,Yes,Electronic check,78.55,1.31,Yes
C05784,Male,59.0,0,Yes,No,72,Yes,No,DSL,No,Yes,No,No,No,No,Two year,Yes,Bank transfer,42.05,3333.59,No
C03328,Male,70.0,1,Yes,No,30,Yes,No,DSL,No,Yes,Yes,Yes,No,Yes,Month-to-month,No,Electronic check,56.25,1767.22,No
C01457,Female,47.0,0,Yes,Yes,58,Yes,No,Fiber optic,Yes,No,Yes,Yes,No,No,Two year,No,Bank transfer,72.01,4663.0,No
C07023,Male,37.0,0,No,No,46,Yes,Yes,DSL,No,No,No,Yes,No,No,One year,No,Mailed check,63.23,3272.9,No
C05374,Male,51.0,0,Yes,No,23,Yes,Yes,Fiber optic,No,Yes,Yes,No,No,No,Month-to-month,Yes,Electronic check,79.98,1871.12,Yes
C03188,Male,28.0,0,No,No,53,Yes,Yes,Fiber optic,No,No,No,Yes,No,No,Two year,No,Electronic check,69.1,4269.92,No
C07046,Female,42.0,0,Yes,No,25,Yes,Yes,Fiber optic,No,Yes,Yes,No,Yes,No,Two year,Yes,Credit card,78.31,2176.57,No
C06727,Female,54.0,0,Yes,No,12,Yes,Yes,Fiber optic,No,No,No,Yes,Yes,No,Month-to-month,Yes,Bank transfer,84.79,1113.05,Yes
C00978,Female,36.0,0,Yes,No,46,Yes,No,DSL,Yes,No,No,No,No,No,Two year,No,Electronic check,44.26,2137.58,No
C04649,Female,64.0,0,Yes,No,41,Yes,No,No,No internet service,No internet service,No internet service,No internet service,No internet service,No internet service,One year,No,Credit card,20.98,1013.83,No
C05526,Male,18.0,0,Yes,No,3,Yes,No,DSL,No,Yes,No,No,Yes,No,Month-to-month,No,Electronic check,47.15,322.37,No
C01235,Female,43.0,0,No,No,24,No,No phone service,DSL,Yes,Yes,Yes,No,Yes,No,Month-to-month,No,Bank transfer,57.96,1541.79,No
C01618,Male,24.0,0,No,No,33,No,No phone service,Fiber optic,Yes,Yes,Yes,No,Yes,Yes,Two year,Yes,Bank transfer,72.47,2567.59,Yes
C01224,Female,72.0,1,No,No,17,Yes,No,DSL,No,No,Yes,Yes,Yes,No,Month-to-month,Yes,Mailed check,51.71,973.12,No
C02010,Female,51.0,0,No,No,23,Yes,Yes,Fiber optic,No,Yes,No,Yes,Yes,No,Month-to-month,No,Bank transfer,82.68,1930.61,Yes
C02709,Male,51.0,0,No,No,10,Yes,Yes,DSL,No,No,No,No,No,Yes,Month-to-month,Yes,Electronic check,52.9,678.64,Yes
C01645,Female,50.0,0,No,No,0,Yes,Yes,DSL,No,Yes,Yes,Yes,No,Yes,Month-to-month,Yes,Bank transfer,75.14,89.175,No
C02442,Male,20.0,0,No,No,42,Yes,No,No,No internet service,No internet service,No internet service,No internet service,No internet service,No internet service,Two year,Yes,Credit card,39.7,1758.79,No
C00870,Female,39.0,0,No,No,35,Yes,Yes,Fiber optic,No,No,Yes,No,No,No,Month-to-month,No,Bank transfer,59.84,2044.75,No
C02579,Female,54.0,0,No,Yes,0,No,No phone service,No,No internet service,No internet service,No internet service,No internet service,No internet service,No internet service,Month-to-month,Yes,Electronic check,27.79,147.25,No
C04068,Male,45.0,0,Yes,No,26,No,No phone service,Fiber optic,No,No,Yes,No,No,Yes,Two year,No,Credit card,63.25,1433.36,No
C04398,Male,42.0,0,No,Yes,35,Yes,No,Fiber optic,No,No,No,No,Yes,No,One year,No,Electronic check,52.8,2051.64,No
C05439,Male,63.0,0,No,No,32,Yes,Yes,No,No internet service,No internet service,No internet service,No internet service,No internet service,No internet service,Month-to-month,Yes,Electronic check,30.07,991.89,No
C04792,Female,65.0,0,Yes,Yes,57,Yes,Yes,No,No internet service,No internet service,No internet service,No internet service,No internet service,No internet service,Two year,No,Electronic check,32.68,1820.04,No
C01682,Female,55.0,0,Yes,No,32,Yes,Yes,DSL,No,No,Yes,No,Yes,Yes,One year,No,Electronic check,68.53,2285.04,No
C05079,Female,39.0,0,No,No,51,Yes,No,DSL,Yes,No,No,Yes,No,No,Month-to-month,Yes,Electronic check,55.78,3204.75,No
C02000,Female,24.0,0,Yes,No,14,Yes,Yes,DSL,Yes,Yes,Yes,No,No,No,Month-to-month,Yes,Credit card,58.78,864.12,No
C03390,Male,35.0,0,Yes,No,0,Yes,No,DSL,Yes,No,No,No,No,No,Month-to-month,Yes,Electronic check,34.13,165.21,No
C00903,Male,54.0,0,No,Yes,5,Yes,Yes,DSL,No,Yes,No,Yes,Yes,No,Month-to-month,Yes,Credit card,67.55,492.51,No
C06167,Female,46.0,0,Yes,No,13,Yes,No,Fiber optic,Yes,Yes,No,No,No,Yes,Month-to-month,Yes,Mailed check,61.14,878.0,Yes
C01298,Female,48.0,0,No,Yes,34,Yes,Yes,DSL,No,Yes,Yes,No,No,Yes,Month-to-month,Yes,Electronic check,65.05,2241.74,Yes
C03301,Female,65.0,0,No,No,51,Yes,Yes,No,No internet service,No internet service,No internet service,No internet service,No internet service,No internet service,One year,No,Bank transfer,27.46,1492.7,No
C07249,Male,55.0,0,Yes,Yes,15,Yes,Yes,DSL,No,Yes,No,No,No,Yes,Month-to-month,No,Electronic check,49.17,750.91,No
C04521,Male,51.0,0,Yes,No,38,Yes,Yes,Fiber optic,Yes,No,No,No,Yes,No,Month-to-month,Yes,Bank transfer,77.66,2806.1,No
C04318,Male,53.0,0,Yes,No,21,Yes,No,No,No internet service,No internet service,No internet service,No internet service,No internet service,No internet service,Month-to-month,No,Credit card,31.67,705.49,No
C03727,Male,25.0,0,No,No,20,Yes,No,Fiber optic,No,No,No,Yes,Yes,Yes,One year,Yes,Mailed check,76.01,1471.75,No
C01359,Male,56.0,0,No,No,19,Yes,No,Fiber optic,Yes,No,Yes,Yes,No,No,Month-to-month,Yes,Bank transfer,68.34,1253.99,No
C05416,Male,54.0,0,No,Yes,42,Yes,No,Fiber optic,No,No,No,No,No,No,One year,Yes,Credit card,53.0,2419.73,Yes
C01118,Male,51.0,0,No,No,28,Yes,Yes,No,No internet service,No internet service,No internet service,No internet service,No internet service,No internet service,One year,Yes,Bank transfer,27.74,926.25,No
C06048,Female,39.0,0,Yes,No,9,Yes,Yes,DSL,Yes,Yes,No,Yes,Yes,No,Month-to-month,No,Electronic check,64.81,735.64,No
C04020,Female,42.0,0,Yes,Yes,0,Yes,Yes,Fiber optic,No,Yes,No,No,No,Yes,Month-to-month,Yes,Mailed check,77.97,104.5,Yes
C06345,Male,53.0,0,Yes,Yes,14,Yes,No,No,No internet service,No internet service,No internet service,No internet service,No internet service,No internet service,Month-to-month,Yes,Bank transfer,28.63,419.33,No
C03858,Male,53.0,0,Yes,No,37,Yes,Yes,No,No internet service,No internet service,No internet service,No internet service,No internet service,No internet service,One year,No,Credit card,38.55,1518.64,No
C04912,Male,25.0,0,No,No,21,No,No phone service,DSL,No,No,No,No,Yes,No,One year,No,Electronic check,36.66,812.77,Yes
C05321,Female,19.0,0,No,No,56,Yes,Yes,No,No internet service,No internet service,No internet service,No internet service,No internet service,No internet service,One year,No,Mailed check,33.05,1733.72,No
C06801,Female,18.0,0,No,No,25,Yes,Yes,DSL,No,No,No,Yes,No,No,One year,Yes,Credit card,56.7,1453.92,No
C05631,Female,46.0,0,Yes,No,6,Yes,No,DSL,Yes,Yes,Yes,No,Yes,Yes,Month-to-month,Yes,Electronic check,69.64,516.41,Yes
C06381,Female,32.0,0,No,Yes,6,Yes,No,No,No internet service,No internet service,No internet service,No internet service,No internet service,No internet service,Month-to-month,Yes,Mailed check,21.03,190.19,No
C06065,Female,30.0,0,No,No,50,Yes,No,No,No internet service,No internet service,No internet service,No internet service,No internet service,No internet service,Month-to-month,No,Mailed check,18.57,1031.57,No
C05627,Male,46.0,0,No,No,43,No,No phone service,Fiber optic,No,No,Yes,No,Yes,Yes,One year,No,Electronic check,76.71,3282.42,No
C06561,Male,54.0,0,No,Yes,31,Yes,No,No,No internet service,No internet service,No internet service,No internet service,No internet service,No internet service,Month-to-month,Yes,Credit card,28.88,1898.55,No
C01407,Male,44.0,0,Yes,No,16,Yes,No,DSL,Yes,Yes,No,Yes,No,Yes,Month-to-month,Yes,Electronic check,56.34,988.12,No
C00680,Male,34.0,0,No,No,36,Yes,No,No,No internet service,No internet service,No internet service,No internet service,No internet service,No internet service,Month-to-month,No,Electronic check,31.27,1210.76,No
C03694,Female,40.0,0,No,No,45,Yes,No,No,No internet service,No internet service,No internet service,No internet service,No internet service,No internet service,Month-to-month,Yes,Electronic check,30.11,1324.77,Yes
C01836,Female,46.0,0,Yes,No,0,No,No phone service,Fiber optic,Yes,Yes,No,No,No,No,Month-to-month,Yes,Electronic check,60.86,51.06,Yes
C04400,Male,64.0,0,Yes,Yes,25,Yes,Yes,No,No internet service,No internet service,No internet service,No internet service,No internet service,No internet service,Month-to-month,No,Electronic check,25.87,801.7,No
C01929,Male,39.0,0,Yes,No,67,No,No phone service,Fiber optic,Yes,No,Yes,Yes,No,Yes,Two year,Yes,Electronic check,81.78,5636.81,No
C06926,Male,29.0,0,No,No,52,No,No phone service,Fiber optic,Yes,No,No,No,No,Yes,Two year,No,Electronic check,63.9,4222.06,Yes
C04097,Female,50.0,0,No,Yes,48,Yes,Yes,Fiber optic,No,No,No,Yes,No,Yes,Month-to-month,Yes,Credit card,90.78,4401.45,No
C00682,Female,33.0,0,No,No,25,Yes,Yes,Fiber optic,No,No,No,Yes,Yes,Yes,One year,Yes,Credit card,73.4,1960.97,No
C05498,Male,52.0,0,Yes,No,55,Yes,No,Fiber optic,Yes,Yes,No,Yes,No,No,Month-to-month,Yes,Bank transfer,79.51,4627.19,No
C01761,Female,65.0,0,No,No,72,Yes,No,DSL,No,No,Yes,No,No,Yes,Two year,No,Mailed check,53.26,4390.75,No
C06578,Female,18.0,0,No,No,62,Yes,No,Fiber optic,No,No,No,No,Yes,No,Two year,No,Electronic check,61.61,4244.57,No
C00316,Female,50.0,0,Yes,Yes,24,Yes,No,DSL,No,No,No,Yes,No,No,One year,Yes,Credit card,45.61,1183.81,No
C01916,Male,18.0,0,No,No,1,Yes,No,Fiber optic,No,No,Yes,Yes,No,No,Month-to-month,No,Electronic check,67.71,102.58,No
C00003,Male,58.0,0,Yes,No,0,Yes,No,Fiber optic,No,No,No,No,No,Yes,Month-to-month,Yes,Mailed check,61.22,15.04,Yes
C03804,Male,48.0,0,Yes,No,16,Yes,No,Fiber optic,No,Yes,Yes,No,No,No,One year,Yes,Electronic check,69.89,1308.45,No
C02776,Male,21.0,0,No,No,0,Yes,Yes,Fiber optic,No,No,Yes,No,Yes,No,Month-to-month,No,Bank transfer,74.57,12.12,Yes
C07241,Female,58.0,0,Yes,No,0,Yes,No,Fiber optic,No,No,No,No,No,No,Month-to-month,No,Credit card,50.67,63.46,No
C00235,Female,61.0,0,Yes,No,20,Yes,Yes,Fiber optic,Yes,No,Yes,No,No,Yes,One year,Yes,Electronic check,74.88,1483.87,No
C03938,Male,23.0,0,No,No,33,Yes,No,Fiber optic,No,No,No,No,No,No,Month-to-month,Yes,Electronic check,43.93,1585.88,No
C04405,Male,33.0,0,Yes,No,37,Yes,No,Fiber optic,No,Yes,No,No,No,Yes,One year,No,Bank transfer,61.26,2233.02,No
C02806,Female,18.0,0,No,No,19,Yes,Yes,No,No internet service,No internet service,No internet service,No internet service,No internet service,No internet service,Month-to-month,No,Electronic check,26.07,505.45,Yes
C00133,Female,46.0,0,No,No,15,No,No phone service,No,No internet service,No internet service,No internet service,No internet service,No internet service,No internet service,Month-to-month,Yes,Bank transfer,25.26,506.6,No
C02342,Female,80.0,1,Yes,No,0,Yes,No,No,No internet service,No internet service,No internet service,No internet service,No internet service,No internet service,Month-to-month,No,Mailed check,18.32,77.41,No
C01227,Male,28.0,0,Yes,No,12,Yes,No,DSL,No,No,No,Yes,Yes,Yes,Month-to-month,No,Mailed check,48.5,664.08,No
C06439,Male,44.0,0,No,No,35,Yes,Yes,DSL,No,Yes,No,Yes,Yes,No,Month-to-month,Yes,Bank transfer,58.59,2327.62,No
C04714,Male,44.0,0,No,No,15,No,No phone service,Fiber optic,Yes,No,No,No,No,No,Month-to-month,Yes,Electronic check,62.44,1086.45,No
C00476,Male,45.0,0,Yes,No,0,Yes,No,No,No internet service,No internet service,No internet service,No internet service,No internet service,No internet service,Month-to-month,Yes,Credit card,18.0,26.33,No
C01928,Female,25.0,0,No,No,59,Yes,No,No,No internet service,No internet service,No internet service,No internet service,No internet service,No internet service,One year,Yes,Credit card,27.19,1699.62,No
C03944,Female,47.0,0,Yes,No,32,Yes,Yes,DSL,No,No,Yes,Yes,Yes,No,Month-to-month,No,Credit card,60.9,1967.6,No
C02112,Male,43.0,0,Yes,No,55,Yes,Yes,Fiber optic,No,Yes,No,No,Yes,No,Month-to-month,Yes,Bank transfer,76.95,4487.85,No
C03819,Female,43.0,0,No,No,47,Yes,No,Fiber optic,Yes,No,Yes,Yes,Yes,Yes,Two year,No,Electronic check,91.38,5029.67,No
C00024,Female,24.0,0,No,No,65,Yes,No,DSL,Yes,No,No,No,No,No,Two year,No,Electronic check,34.23,1923.32,No
C05621,Male,29.0,0,No,No,61,Yes,No,Fiber optic,No,Yes,Yes,No,No,No,Month-to-month,No,Credit card,66.05,4421.53,No
C07119,Female,54.0,0,Yes,Yes,20,Yes,No,No,No internet service,No internet service,No internet service,No internet service,No internet service,No internet service,Month-to-month,No,Credit card,20.18,1283.4850000000001,No
C02794,Female,44.0,0,Yes,No,1,Yes,No,No,No internet service,No internet service,No internet service,No internet service,No internet service,No internet service,Month-to-month,No,Electronic check,27.09,158.54,No
C07042,Female,48.0,0,Yes,Yes,34,Yes,Yes,Fiber optic,No,Yes,No,No,No,No,Two year,Yes,Credit card,66.65,2467.48,No
C04916,Male,55.0,0,Yes,Yes,48,Yes,No,No,No internet service,No internet service,No internet service,No internet service,No internet service,No internet service,One year,No,Bank transfer,23.74,1210.72,No
C02899,Male,42.0,0,No,No,10,Yes,No,No,No internet service,No internet service,No internet service,No internet service,No internet service,No internet service,Month-to-month,Yes,Mailed check,28.89,439.33,No
C06169,Female,42.0,0,Yes,No,43,Yes,No,No,No internet service,No internet service,No internet service,No internet service,No internet service,No internet service,Month-to-month,Yes,Electronic check,23.78,1215.83,Yes
C06786,Female,32.0,0,No,No,45,Yes,No,No,No internet service,No internet service,No internet service,No internet service,No internet service,No internet service,One year,Yes,Credit card,31.03,1512.16,No
C06415,Male,46.0,0,No,No,53,Yes,No,Fiber optic,Yes,No,No,No,No,Yes,One year,Yes,Credit card,63.5,3349.66,No
C01950,Female,34.0,0,No,No,32,Yes,No,DSL,Yes,No,No,No,Yes,Yes,Two year,Yes,Electronic check,59.57,1957.18,No
C04227,Female,55.0,0,Yes,Yes,21,Yes,Yes,DSL,No,Yes,Yes,No,No,Yes,Month-to-month,Yes,Electronic check,59.18,1343.9,No
C01609,Male,43.0,0,Yes,Yes,46,Yes,No,DSL,Yes,No,No,Yes,No,No,One year,No,Electronic check,50.46,2384.51,No
C03255,Female,43.0,0,No,Yes,60,Yes,No,DSL,Yes,No,No,No,No,No,One year,No,Bank transfer,41.2,2914.95,No
C06233,Female,25.0,0,No,Yes,44,Yes,No,No,No internet service,No internet service,No internet service,No internet service,No internet service,No internet service,One year,No,Credit card,26.44,1424.18,No
C05519,Male,57.0,0,Yes,Yes,9,Yes,No,Fiber optic,No,No,Yes,Yes,No,Yes,One year,Yes,Bank transfer,75.03,827.14,No
C03800,Male,61.0,0,Yes,No,30,Yes,No,DSL,Yes,No,No,No,Yes,No,One year,No,Electronic check,62.07,1963.61,No
C04241,Female,37.0,0,No,No,37,Yes,No,Fiber optic,Yes,No,No,No,No,No,One year,Yes,Bank transfer,51.93,1804.47,No
C06892,Female,24.0,0,Yes,No,3,Yes,No,DSL,Yes,No,No,Yes,Yes,Yes,Month-to-month,Yes,Electronic check,58.38,238.45,Yes
C05898,Male,44.0,0,Yes,No,6,Yes,No,No,No internet service,No internet service,No internet service,No internet service,No internet service,No internet service,Month-to-month,No,Electronic check,22.51,161.48,No
C04491,Female,43.0,0,Yes,No,55,Yes,No,Fiber optic,No,No,Yes,No,No,No,One year,Yes,Mailed check,63.47,4304.52,No
C06731,Male,39.0,0,Yes,Yes,61,Yes,Yes,No,No internet service,No internet service,No internet service,No internet service,No internet service,No internet service,Two year,No,Mailed check,29.68,1922.03,No
C00179,Female,32.0,0,Yes,No,72,Yes,No,DSL,Yes,Yes,No,No,No,No,Two year,Yes,Mailed check,51.42,3914.65,No
C04041,Male,37.0,0,No,No,20,Yes,Yes,Fiber optic,No,Yes,No,Yes,No,Yes,Month-to-month,No,Electronic check,76.3,1611.07,Yes
C02107,Male,42.0,0,Yes,No,42,Yes,Yes,Fiber optic,No,No,Yes,Yes,No,Yes,One year,Yes,Electronic check,85.91,3746.93,No
C01989,Female,49.0,0,Yes,No,16,Yes,Yes,DSL,No,No,Yes,No,No,No,Month-to-month,Yes,Bank transfer,54.81,1054.62,Yes
C01847,Male,51.0,0,No,No,20,Yes,No,DSL,No,Yes,No,Yes,No,No,One year,Yes,Bank transfer,56.47,1204.98,No
C02747,Male,20.0,0,No,No,5,Yes,No,No,No internet service,No internet service,No internet service,No internet service,No internet service,No internet service,Month-to-month,No,Bank transfer,27.94,206.22,No
C04578,Male,59.0,0,Yes,No,37,Yes,No,Fiber optic,Yes,Yes,No,No,No,No,One year,Yes,Mailed check,59.69,2016.59,No
C05478,Female,68.0,1,Yes,No,12,Yes,Yes,No,No internet service,No internet service,No internet service,No internet service,No internet service,No internet service,Month-to-month,Yes,Mailed check,24.91,366.03,No
C00625,Female,34.0,0,No,No,52,Yes,Yes,Fiber optic,No,Yes,Yes,Yes,Yes,No,Two year,No,Electronic check,79.75,3831.74,No
C06384,Female,52.0,0,No,No,0,Yes,Yes,DSL,No,No,Yes,No,No,No,Month-to-month,Yes,Credit card,40.26,152.0,No
C06097,Male,47.0,0,No,No,21,Yes,No,DSL,No,Yes,No,Yes,No,Yes,Month-to-month,Yes,Electronic check,57.6,1580.85,Yes
C06810,Female,45.0,0,No,Yes,59,Yes,Yes,Fiber optic,No,No,No,No,Yes,No,Two year,Yes,Bank transfer,72.39,3892.16,No
C05178,Male,28.0,0,No,No,27,Yes,Yes,Fiber optic,No,Yes,No,No,Yes,No,Month-to-month,No,Bank transfer,70.27,2043.84,No
C05981,Female,51.0,0,Yes,Yes,16,Yes,No,No,No internet service,No internet service,No internet service,No internet service,No internet service,No internet service,Month-to-month,Yes,Bank transfer,23.81,424.05,No
C02146,Male,30.0,0,No,No,22,Yes,Yes,Fiber optic,No,Yes,No,Yes,No,Yes,Month-to-month,Yes,Bank transfer,79.02,1807.88,Yes
C03075,Male,56.0,0,Yes,No,72,Yes,Yes,No,No internet service,No internet service,No internet service,No internet service,No internet service,No internet service,Two year,Yes,Electronic check,24.09,1953.12,No
C03994,Male,25.0,0,Yes,No,52,No,No phone service,Fiber optic,Yes,No,Yes,No,No,No,Month-to-month,Yes,Bank transfer,60.78,3178.57,No
C07015,Female,42.0,0,No,Yes,0,No,No phone service,Fiber optic,Yes,No,No,Yes,Yes,No,Month-to-month,No,Electronic check,66.14,123.54,No
C02905,Male,37.0,0,No,Yes,22,Yes,No,Fiber optic,Yes,No,No,No,No,No,One year,Yes,Electronic check,62.28,1162.71,No
C01165,Female,41.0,0,Yes,No,7,Yes,Yes,Fiber optic,Yes,No,Yes,Yes,Yes,Yes,Month-to-month,Yes,Electronic check,90.37,699.85,Yes
C06625,Male,52.0,0,No,Yes,48,Yes,No,Fiber optic,No,No,No,Yes,No,Yes,Month-to-month,No,Bank transfer,61.95,2825.09,Yes
C06115,Female,46.0,0,Yes,Yes,17,Yes,No,DSL,Yes,Yes,No,No,Yes,Yes,Month-to-month,No,Credit card,59.95,1284.82,No
C02978,Male,39.0,0,No,No,12,Yes,No,Fiber optic,Yes,No,No,No,Yes,Yes,Month-to-month,Yes,Electronic check,74.58,764.02,Yes
C03167,Female,18.0,0,No,No,49,Yes,No,No,No internet service,No internet service,No internet service,No internet service,No internet service,No internet service,One year,Yes,Electronic check,20.17,1222.24,No
C00871,Female,55.0,0,No,Yes,67,Yes,Yes,DSL,No,Yes,Yes,No,Yes,No,One year,Yes,Electronic check,58.98,3392.91,No
C01290,Male,54.0,0,No,No,10,Yes,No,No,No internet service,No internet service,No internet service,No internet service,No internet service,No internet service,Month-to-month,Yes,Electronic check,30.96,419.62,No
C02685,Male,38.0,0,No,No,0,Yes,Yes,Fiber optic,No,No,No,No,No,No,Month-to-month,Yes,Credit card,65.06,111.04,Yes
C05474,Female,44.0,0,Yes,No,19,Yes,No,Fiber optic,No,Yes,No,Yes,No,No,Month-to-month,Yes,Credit card,71.59,1395.27,Yes
C03166,Female,57.0,0,No,No,38,Yes,No,Fiber optic,No,No,Yes,No,No,No,Month-to-month,No,Electronic check,59.72,2166.32,No
C03379,Male,40.0,0,No,No,26,Yes,No,Fiber optic,Yes,No,Yes,No,No,No,Two year,No,Bank transfer,63.34,1845.68,No
C00390,Male,29.0,0,No,No,42,Yes,Yes,Fiber optic,Yes,No,No,Yes,Yes,Yes,Two year,Yes,Electronic check,98.08,4759.2,No
C04741,Male,20.0,0,No,No,29,Yes,Yes,DSL,No,No,No,No,No,No,One year,No,Mailed check,43.88,1477.65,No
C00939,Male,50.0,0,No,No,0,Yes,No,DSL,No,No,No,No,Yes,Yes,Month-to-month,Yes,Electronic check,59.02,112.97,Yes
C04295,Female,50.0,0,No,No,33,Yes,No,No,No internet service,No internet service,No internet service,No internet service,No internet service,No internet service,Month-to-month,Yes,Electronic check,22.06,850.98,No
C02077,Female,59.0,0,No,Yes,40,Yes,Yes,Fiber optic,No,Yes,No,No,No,No,One year,No,Electronic check,74.92,2671.55,No
C02746,Male,36.0,0,Yes,No,53,Yes,No,DSL,Yes,No,Yes,Yes,Yes,Yes,Two year,No,Bank transfer,62.82,3679.73,No
C06969,Male,48.0,0,No,Yes,16,No,No phone service,DSL,No,No,Yes,No,Yes,Yes,Month-to-month,Yes,Credit card,60.0,1062.35,No
C06212,Male,51.0,0,No,No,29,Yes,No,Fiber optic,Yes,No,Yes,No,No,No,One year,Yes,Credit card,57.65,1633.88,No
C01678,Male,32.0,0,No,No,15,Yes,Yes,DSL,No,No,No,No,Yes,No,Month-to-month,No,Bank transfer,57.81,982.99,No
C02429,Male,41.0,0,Yes,No,8,Yes,No,DSL,No,No,Yes,Yes,Yes,Yes,Month-to-month,Yes,Credit card,67.31,676.75,No
C00893,Female,18.0,0,Yes,No,0,No,No phone service,DSL,Yes,Yes,No,No,No,Yes,Month-to-month,Yes,Electronic check,50.45,0.35,Yes
C06105,Female,52.0,0,No,Yes,27,Yes,No,DSL,No,Yes,No,Yes,No,Yes,Month-to-month,No,Electronic check,60.21,1491.6,No
C03622,Female,38.0,0,Yes,No,9,Yes,No,Fiber optic,Yes,Yes,Yes,No,Yes,Yes,Month-to-month,Yes,Credit card,77.58,684.25,No
C00769,Female,39.0,0,No,No,0,Yes,Yes,Fiber optic,No,Yes,Yes,No,Yes,No,Month-to-month,No,Credit card,86.93,141.69,Yes
C02265,Female,20.0,0,No,No,40,Yes,Yes,Fiber optic,Yes,No,Yes,No,No,Yes,One year,Yes,Electronic check,71.36,2887.59,No
C02779,Female,51.0,0,No,No,5,Yes,Yes,No,No internet service,No internet service,No internet service,No internet service,No internet service,No internet service,Month-to-month,Yes,Electronic check,34.86,154.61,No
C01370,Female,42.0,0,Yes,No,28,Yes,No,DSL,Yes,No,No,No,No,No,Month-to-month,Yes,Credit card,53.18,1596.32,No
C06746,Male,58.0,0,No,No,6,Yes,Yes,No,No internet service,No internet service,No internet service,No internet service,No internet service,No internet service,Month-to-month,Yes,Bank transfer,38.76,301.2,No
C03742,Female,49.0,0,Yes,No,7,Yes,Yes,DSL,No,No,Yes,Yes,Yes,No,Month-to-month,No,Electronic check,58.48,466.365,Yes
C05361,Female,60.0,0,No,No,0,Yes,No,DSL,Yes,No,No,No,No,Yes,Month-to-month,Yes,Electronic check,52.51,67.59,No
C01111,Male,69.0,1,Yes,No,1,Yes,No,DSL,No,Yes,Yes,Yes,Yes,No,Month-to-month,No,Electronic check,71.35,216.28,Yes
C02375,Male,37.0,0,No,Yes,45,Yes,Yes,DSL,Yes,Yes,No,No,No,Yes,One year,No,Bank transfer,71.7,3665.88,No
C03349,Male,66.0,1,Yes,Yes,7,Yes,Yes,DSL,Yes,Yes,No,No,No,Yes,Month-to-month,No,Electronic check,61.64,441.83,Yes
C02478,Female,48.0,0,Yes,No,38,Yes,No,Fiber optic,No,Yes,No,No,No,No,One year,Yes,Bank transfer,67.87,3089.54,No
C05463,Male,31.0,0,Yes,Yes,19,Yes,Yes,No,No internet service,No internet service,No internet service,No internet service,No internet service,No internet service,Month-to-month,No,Electronic check,27.09,612.82,No
C05443,Female,53.0,0,Yes,Yes,59,Yes,Yes,DSL,No,Yes,Yes,Yes,No,No,Two year,Yes,Electronic check,55.43,3471.39,No
C00793,Female,18.0,0,Yes,No,59,Yes,No,DSL,No,No,No,No,No,Yes,One year,Yes,Mailed check,42.58,2481.79,No
C03842,Male,47.0,0,No,No,38,Yes,No,No,No internet service,No internet service,No internet service,No internet service,No internet service,No internet service,One year,Yes,Credit card,34.97,1297.33,No
C03492,Female,34.0,0,No,No,23,Yes,No,DSL,Yes,No,No,No,No,No,Month-to-month,No,Bank transfer,40.81,978.8,No
C03644,Female,39.0,0,Yes,Yes,72,Yes,No,Fiber optic,No,Yes,Yes,No,No,No,Month-to-month,Yes,Electronic check,62.45,4058.88,No
C06802,Female,41.0,0,Yes,No,23,Yes,No,DSL,Yes,Yes,Yes,No,No,No,Two year,Yes,Electronic check,55.72,1383.72,No
C04644,Female,57.0,0,Yes,Yes,8,Yes,No,No,No internet service,No internet service,No internet service,No internet service,No internet service,No internet service,Month-to-month,No,Electronic check,22.07,323.24,Yes
C00324,Female,35.0,0,Yes,No,18,Yes,No,Fiber optic,No,No,Yes,No,No,No,One year,No,Electronic check,49.17,984.18,No
C02120,Male,36.0,0,No,No,13,Yes,Yes,Fiber optic,No,No,Yes,No,Yes,Yes,Two year,Yes,Bank transfer,69.36,1045.05,No
C04234,Female,41.0,0,Yes,Yes,38,Yes,Yes,Fiber optic,No,No,No,Yes,No,Yes,One year,No,Credit card,72.28,2955.33,No
C01275,Male,57.0,0,Yes,No,25,No,No phone service,DSL,No,No,No,Yes,No,Yes,One year,Yes,Electronic check,48.84,1036.98,Yes
C00684,Female,36.0,0,No,No,35,Yes,No,DSL,No,No,No,No,No,No,Two year,Yes,Electronic check,39.78,1517.55,No
C02088,Female,30.0,0,No,No,18,Yes,Yes,Fiber optic,No,Yes,No,No,Yes,No,One year,Yes,Credit card,83.02,1777.79,No
C03178,Female,38.0,0,Yes,No,16,Yes,Yes,Fiber optic,Yes,Yes,Yes,No,Yes,Yes,Two year,Yes,Credit card,92.14,1355.57,No
C04974,Female,39.0,0,No,No,25,Yes,No,Fiber optic,Yes,Yes,Yes,No,No,No,Two year,Yes,Electronic check,75.76,1734.03,No
C01752,Male,58.0,0,Yes,No,31,Yes,No,Fiber optic,No,No,No,No,No,Yes,Month-to-month,Yes,Electronic check,69.39,1907.83,Yes
C04386,Male,18.0,0,No,Yes,42,Yes,No,DSL,Yes,No,No,Yes,Yes,No,Month-to-month,Yes,Electronic check,61.27,2871.13,No
C02188,Female,38.0,0,No,No,0,Yes,Yes,DSL,No,No,Yes,No,No,Yes,Month-to-month,No,Mailed check,53.5,139.74,Yes
C01051,Male,27.0,0,Yes,No,36,Yes,Yes,No,No internet service,No internet service,No internet service,No internet service,No internet service,No internet service,Month-to-month,Yes,Electronic check,21.39,793.67,No
C02320,Male,43.0,0,Yes,No,20,Yes,No,Fiber optic,No,No,No,No,Yes,Yes,One year,Yes,Bank transfer,78.29,1476.01,Yes
C05148,Female,37.0,0,No,Yes,30,Yes,Yes,No,No internet service,No internet service,No internet service,No internet service,No internet service,No internet service,One year,Yes,Bank transfer,36.69,1270.91,No
C01564,Female,47.0,0,No,No,43,Yes,No,DSL,No,No,Yes,No,No,No,Two year,Yes,Electronic check,36.36,1727.13,No
C03578,Female,29.0,0,No,No,0,Yes,Yes,No,No internet service,No internet service,No internet service,No internet service,No internet service,No internet service,Month-to-month,Yes,Credit card,37.42,120.55,Yes
C05485,Female,60.0,0,No,No,31,Yes,No,Fiber optic,No,No,No,No,Yes,Yes,One year,Yes,Electronic check,79.75,2430.51,Yes
C04832,Male,28.0,0,Yes,Yes,50,Yes,No,DSL,Yes,Yes,No,No,No,No,Two year,Yes,Electronic check,48.1,2456.72,No
C04945,Male,78.0,1,Yes,No,28,Yes,Yes,No,No internet service,No internet service,No internet service,No internet service,No internet service,No internet service,Two year,Yes,Credit card,42.27,1327.19,No
C07203,Female,38.0,0,Yes,Yes,37,Yes,Yes,Fiber optic,No,No,No,No,No,No,One year,Yes,Mailed check,60.39,2491.05,No
C05085,Female,35.0,0,Yes,Yes,43,Yes,Yes,Fiber optic,Yes,Yes,No,No,Yes,Yes,One year,Yes,Electronic check,75.49,2855.1,No
C00435,Male,67.0,1,No,No,21,Yes,Yes,No,No internet service,No internet service,No internet service,No internet service,No internet service,No internet service,Month-to-month,Yes,Electronic check,38.48,848.86,Yes
C03936,Male,30.0,0,No,No,18,Yes,No,Fiber optic,No,No,No,No,No,Yes,One year,No,Mailed check,67.13,1220.34,No
C04910,Female,64.0,0,Yes,Yes,8,No,No phone service,DSL,Yes,Yes,No,No,No,Yes,Month-to-month,No,Bank transfer,50.84,516.75,No
C02764,Male,37.0,0,Yes,No,14,Yes,Yes,No,No internet service,No internet service,No internet service,No internet service,No internet service,No internet service,Month-to-month,Yes,Electronic check,29.88,494.78,No
C04717,Female,60.0,0,Yes,Yes,28,Yes,No,Fiber optic,No,No,Yes,Yes,No,Yes,Month-to-month,Yes,Electronic check,78.13,2324.53,Yes
C05508,Female,45.0,0,No,Yes,26,Yes,No,DSL,No,No,No,No,No,No,Month-to-month,Yes,Bank transfer,42.15,1193.01,No
C03311,Male,58.0,0,No,No,50,Yes,No,Fiber optic,No,Yes,No,No,No,Yes,Month-to-month,Yes,Credit card,67.42,3626.3,No
C00059,Male,39.0,0,No,No,38,Yes,Yes,Fiber optic,Yes,No,Yes,Yes,No,Yes,Two year,No,Mailed check,92.74,3464.3,No
C04981,Male,40.0,0,No,No,6,Yes,No,DSL,No,Yes,Yes,Yes,No,Yes,Month-to-month,Yes,Mailed check,65.81,425.58,Yes
C04800,Male,21.0,0,Yes,Yes,50,Yes,No,DSL,No,No,No,No,No,Yes,Month-to-month,Yes,Credit card,54.58,2839.84,No
C03015,Male,35.0,0,Yes,No,0,Yes,No,DSL,No,No,Yes,Yes,Yes,Yes,Month-to-month,No,Credit card,62.22,104.08,No
C02963,Male,52.0,0,Yes,Yes,24,Yes,No,Fiber optic,No,Yes,No,No,No,No,Two year,Yes,Electronic check,63.55,1587.75,No
C02165,Female,44.0,0,Yes,Yes,3,Yes,No,No,No internet service,No internet service,No internet service,No internet service,No internet service,No internet service,Month-to-month,No,Mailed check,32.42,229.77,No
C05628,Female,42.0,0,No,No,14,Yes,Yes,Fiber optic,Yes,No,Yes,Yes,Yes,No,Two year,No,Credit card,81.48,1144.03,Yes
C07021,Male,44.0,0,No,Yes,42,Yes,Yes,DSL,No,No,Yes,No,No,Yes,One year,Yes,Mailed check,49.22,2154.18,No
C01717,Male,54.0,0,No,No,13,No,No phone service,Fiber optic,No,No,No,No,Yes,No,One year,No,Electronic check,56.95,810.77,No
C06055,Female,67.0,1,Yes,No,11,Yes,No,Fiber optic,No,Yes,No,No,No,No,Month-to-month,No,Mailed check,55.84,757.33,No
C06931,Female,45.0,0,Yes,Yes,36,Yes,Yes,DSL,No,No,Yes,Yes,Yes,Yes,Two year,Yes,Electronic check,79.58,2834.93,No
C04636,Female,18.0,0,No,No,23,Yes,No,Fiber optic,Yes,No,Yes,Yes,No,No,Month-to-month,Yes,Credit card,76.52,1859.34,No
C01223,Male,58.0,0,Yes,No,72,Yes,Yes,DSL,No,No,No,No,Yes,No,Two year,Yes,Bank transfer,49.29,3642.66,No
C01905,Male,53.0,0,Yes,Yes,14,Yes,Yes,DSL,No,No,No,Yes,No,Yes,Month-to-month,No,Electronic check,63.05,980.16,No
C04434,Male,58.0,0,Yes,Yes,54,Yes,Yes,DSL,No,No,Yes,No,No,Yes,Month-to-month,Yes,Credit card,56.22,2736.5,No
C00368,Female,58.0,0,Yes,No,5,Yes,No,Fiber optic,No,No,No,No,No,No,Month-to-month,No,Mailed check,46.07,307.25,Yes
C05672,Female,36.0,0,No,No,9,Yes,Yes,No,No internet service,No internet service,No internet service,No internet service,No internet service,No internet service,Month-to-month,Yes,Credit card,30.33,323.2,No
C06039,Female,52.0,0,Yes,Yes,18,Yes,No,Fiber optic,No,No,Yes,No,No,Yes,One year,No,Bank transfer,70.17,1413.64,No
C06475,Female,44.0,0,No,No,27,No,No phone service,DSL,Yes,Yes,No,No,No,Yes,One year,Yes,Electronic check,56.05,1721.21,No
C00603,Male,32.0,0,No,No,53,Yes,No,Fiber optic,No,No,Yes,Yes,No,Yes,Month-to-month,Yes,Credit card,84.82,4798.33,No
C03220,Female,32.0,0,No,No,33,Yes,No,DSL,No,No,No,Yes,Yes,No,One year,Yes,Electronic check,43.53,1304.68,No
C06087,Female,38.0,0,No,Yes,47,Yes,No,No,No internet service,No internet service,No internet service,No internet service,No internet service,No internet service,One year,No,Bank transfer,27.94,1465.84,No
C03510,Male,26.0,0,Yes,No,16,Yes,Yes,Fiber optic,No,Yes,Yes,Yes,Yes,Yes,One year,Yes,Bank transfer,86.41,1454.3,No
C05252,Male,44.0,0,No,No,59,Yes,No,DSL,Yes,No,No,No,No,No,One year,Yes,Electronic check,38.97,2320.72,Yes
C02735,Male,41.0,0,No,No,21,Yes,Yes,No,No internet service,No internet service,No internet service,No internet service,No internet service,No internet service,One year,No,Credit card,40.4,827.61,No
C05504,Male,18.0,0,No,No,19,Yes,No,Fiber optic,Yes,Yes,No,No,No,Yes,Month-to-month,Yes,Bank transfer,76.52,1640.07,Yes
C05637,Male,23.0,0,No,No,27,Yes,No,Fiber optic,No,No,No,No,Yes,Yes,One year,No,Bank transfer,63.71,1795.43,No
C02925,Male,39.0,0,No,No,3,Yes,No,DSL,No,Yes,No,No,Yes,No,Two year,Yes,Electronic check,50.49,185.42,No
C02607,Male,28.0,0,Yes,No,0,Yes,Yes,Fiber optic,No,No,No,Yes,Yes,No,Month-to-month,Yes,Electronic check,68.0,32.21,Yes
C00979,Female,42.0,0,No,No,0,Yes,No,DSL,No,Yes,No,No,No,No,Month-to-month,No,Bank transfer,35.31,74.6,Yes
C01349,Female,36.0,0,No,No,9,Yes,Yes,Fiber optic,Yes,No,Yes,Yes,No,Yes,One year,Yes,Electronic check,86.61,1043.01,Yes
C01115,Male,32.0,0,No,No,23,Yes,Yes,DSL,No,Yes,No,No,No,No,One year,No,Electronic check,44.86,1034.25,No
C01813,Female,23.0,0,No,No,0,Yes,No,No,No internet service,No internet service,No internet service,No internet service,No internet service,No internet service,Month-to-month,No,Electronic check,18.0,36.85,No
C00080,Female,18.0,0,No,No,36,No,No phone service,Fiber optic,Yes,Yes,Yes,No,Yes,No,Month-to-month,No,Credit card,61.41,2467.3,No
C04297,Female,41.0,0,Yes,No,21,Yes,Yes,No,No internet service,No internet service,No internet service,No internet service,No internet service,No internet service,One year,Yes,Mailed check,25.77,542.66,No
C02219,Female,74.0,1,Yes,No,31,No,No phone service,DSL,No,Yes,Yes,No,Yes,No,One year,Yes,Electronic check,48.6,1622.63,Yes
C02514,Male,45.0,0,Yes,Yes,37,Yes,No,Fiber optic,Yes,No,No,Yes,No,Yes,Two year,Yes,Credit card,76.8,3144.37,No
C06052,Male,39.0,0,Yes,No,16,Yes,No,DSL,Yes,No,No,Yes,Yes,No,Month-to-month,No,Electronic check,55.05,1057.98,Yes
C06649,Male,34.0,0,No,No,9,Yes,Yes,No,No internet service,No internet service,No internet service,No internet service,No internet service,No internet service,Two year,Yes,Bank transfer,41.1,418.61,No
C04909,Female,47.0,0,No,No,26,No,No phone service,DSL,No,Yes,No,Yes,Yes,No,Month-to-month,Yes,Bank transfer,63.56,1705.91,No
C03383,Female,46.0,0,Yes,No,8,Yes,No,Fiber optic,No,No,No,Yes,Yes,No,Month-to-month,Yes,Electronic check,69.32499999999999,648.64,Yes
C05829,Male,39.0,0,No,No,33,Yes,Yes,Fiber optic,Yes,No,No,No,No,Yes,Month-to-month,Yes,Electronic check,85.31,3048.06,Yes
C06567,Female,19.0,0,Yes,No,53,Yes,Yes,Fiber optic,No,No,No,No,No,No,Two year,Yes,Electronic check,61.53,2918.81,No
C01708,Female,45.0,0,No,Yes,33,Yes,Yes,Fiber optic,Yes,Yes,No,Yes,No,Yes,Month-to-month,Yes,Electronic check,87.57,2708.0,Yes
C03392,Female,53.0,0,Yes,Yes,37,Yes,Yes,Fiber optic,Yes,No,No,No,Yes,No,One year,Yes,Credit card,70.16,2740.75,No
C02990,Male,27.0,0,No,No,5,Yes,Yes,Fiber optic,No,No,Yes,No,No,No,Month-to-month,Yes,Electronic check,63.61,442.85,No
C02711,Female,41.0,0,No,No,11,Yes,Yes,No,No internet service,No internet service,No internet service,No internet service,No internet service,No internet service,Month-to-month,No,Electronic check,27.38,401.35,No
C03968,Female,41.0,0,No,No,41,Yes,Yes,Fiber optic,Yes,Yes,Yes,Yes,Yes,No,Two year,Yes,Mailed check,86.44,3453.76,No
C06015,Male,27.0,0,No,No,19,Yes,Yes,No,No internet service,No internet service,No internet service,No internet service,No internet service,No internet service,One year,No,Mailed check,37.16,846.83,No
C04125,Female,18.0,0,No,No,7,Yes,No,DSL,No,No,No,Yes,No,Yes,Month-to-month,Yes,Credit card,54.48,498.49,No
C00031,Male,40.0,0,No,No,72,Yes,Yes,Fiber optic,No,No,Yes,No,No,No,Two year,Yes,Mailed check,66.98,4692.82,No
C06119,Male,58.0,0,Yes,No,41,Yes,Yes,Fiber optic,No,No,No,Yes,No,No,Two year,No,Electronic check,62.06,2633.76,No
C04059,Female,37.0,0,No,No,30,Yes,No,No,No internet service,No internet service,No internet service,No internet service,No internet service,No internet service,One year,Yes,Mailed check,31.97,1051.33,No
C05044,Male,46.0,0,Yes,Yes,18,Yes,Yes,Fiber optic,Yes,No,Yes,No,No,Yes,Month-to-month,Yes,Electronic check,74.63,1523.07,No
C01511,Male,41.0,0,No,No,1,No,No phone service,DSL,Yes,Yes,No,No,No,No,Month-to-month,No,Bank transfer,42.91,149.48,No
C01081,Male,19.0,0,No,No,22,Yes,No,Fiber optic,No,No,No,No,No,No,Two year,No,Bank transfer,46.15,1165.74,No
C04478,Male,55.0,0,Yes,Yes,34,Yes,No,Fiber optic,Yes,No,No,Yes,No,No,Two year,Yes,Mailed check,53.72,1670.3,Yes
C00446,Male,44.0,0,No,No,53,Yes,No,Fiber optic,No,No,No,Yes,No,Yes,Two year,Yes,Electronic check,61.82,2910.01,No
C02970,Male,54.0,0,No,No,35,No,No phone service,No,No internet service,No internet service,No internet service,No internet service,No internet service,No internet service,Month-to-month,Yes,Mailed check,27.25,1063.5,Yes
C02497,Female,47.0,0,No,No,52,Yes,No,Fiber optic,Yes,No,No,No,Yes,No,One year,Yes,Credit card,60.49,3249.05,No
C05020,Female,56.0,0,Yes,No,0,Yes,Yes,Fiber optic,No,No,No,No,Yes,Yes,Month-to-month,Yes,Credit card,70.42,30.01,Yes
C06658,Female,48.0,0,No,Yes,9,Yes,Yes,DSL,No,Yes,No,Yes,Yes,Yes,Month-to-month,Yes,Electronic check,70.0,717.57,No
C03665,Female,41.0,0,No,No,61,Yes,No,DSL,No,Yes,No,No,No,Yes,Two year,Yes,Electronic check,51.9,3399.99,No
C00095,Male,43.0,0,No,No,37,Yes,Yes,No,No internet service,No internet service,No internet service,No internet service,No internet service,No internet service,Month-to-month,Yes,Bank transfer,44.91,1960.82,No
C03456,Male,49.0,0,Yes,No,41,Yes,Yes,DSL,No,Yes,No,No,Yes,No,One year,Yes,Credit card,54.27,2168.23,No
C06281,Male,40.0,0,Yes,No,5,Yes,No,Fiber optic,No,No,Yes,No,No,No,Month-to-month,Yes,Electronic check,54.79,324.44,Yes
C02491,Female,68.0,1,No,No,0,Yes,No,DSL,No,No,Yes,No,Yes,Yes,Month-to-month,No,Electronic check,60.17,93.78,Yes
C05152,Male,27.0,0,Yes,No,29,Yes,No,No,No internet service,No internet service,No internet service,No internet service,No internet service,No internet service,Two year,No,Bank transfer,23.74,778.83,No
C03759,Male,65.0,0,Yes,No,55,Yes,No,DSL,No,No,Yes,No,Yes,No,Two year,No,Mailed check,49.07,2424.75,No
C04143,Male,47.0,0,No,Yes,52,Yes,No,DSL,No,No,No,No,No,Yes,Two year,No,Bank transfer,36.38,1697.45,No
C04795,Female,49.0,0,No,Yes,32,No,No phone service,Fiber optic,No,Yes,No,No,No,Yes,Month-to-month,Yes,Credit card,61.86,2100.61,Yes
C06164,Female,45.0,0,No,No,45,Yes,Yes,Fiber optic,Yes,Yes,Yes,No,Yes,No,One year,Yes,Credit card,83.31,3970.55,No
C01303,Female,79.0,1,Yes,Yes,16,No,No phone service,DSL,No,Yes,No,No,Yes,Yes,Month-to-month,No,Mailed check,59.03,1053.1,No
C04029,Male,40.0,0,No,No,26,Yes,Yes,Fiber optic,Yes,No,No,No,Yes,No,Month-to-month,Yes,Electronic check,75.48,1808.18,No
C00511,Female,28.0,0,No,No,22,Yes,No,No,No internet service,No internet service,No internet service,No internet service,No internet service,No internet service,Month-to-month,Yes,Electronic check,24.56,509.4,No
C03324,Male,31.0,0,No,No,38,No,No phone service,Fiber optic,No,No,No,No,Yes,Yes,Two year,Yes,Electronic check,63.85,2148.18,No
C03920,Male,47.0,0,Yes,No,25,Yes,Yes,No,No internet service,No internet service,No internet service,No internet service,No internet service,No internet service,One year,Yes,Bank transfer,30.38,824.85,No
C00313,Female,44.0,0,Yes,No,23,Yes,No,No,No internet service,No internet service,No internet service,No internet service,No internet service,No internet service,Month-to-month,No,Credit card,19.35,558.2,No
C04006,Male,57.0,0,Yes,No,44,Yes,Yes,No,No internet service,No internet service,No internet service,No internet service,No internet service,No internet service,Month-to-month,Yes,Bank transfer,32.12,1477.45,No
C01029,Female,40.0,0,No,No,52,Yes,Yes,Fiber optic,No,No,No,Yes,Yes,No,One year,Yes,Mailed check,69.19,4192.51,No
C02048,Female,37.0,0,Yes,No,20,Yes,No,Fiber optic,Yes,No,Yes,No,Yes,Yes,Month-to-month,Yes,Electronic check,65.99,1412.15,Yes
C07157,Male,42.0,0,Yes,No,5,Yes,Yes,No,No internet service,No internet service,No internet service,No internet service,No internet service,No internet service,Month-to-month,Yes,Mailed check,31.83,221.13,Yes
C04056,Male,21.0,0,Yes,Yes,38,Yes,Yes,Fiber optic,No,Yes,No,No,Yes,Yes,One year,No,Credit card,68.72,3161.15,No
C02635,Female,54.0,0,Yes,Yes,5,Yes,No,No,No internet service,No internet service,No internet service,No internet service,No internet service,No internet service,Two year,Yes,Credit card,26.65,150.98,No
C02166,Female,32.0,0,No,No,36,Yes,Yes,No,No internet service,No internet service,No internet service,No internet service,No internet service,No internet service,Two year,No,Electronic check,24.69,942.98,No
C05651,Male,45.0,0,No,No,45,Yes,No,Fiber optic,No,Yes,No,Yes,Yes,No,Month-to-month,No,Credit card,74.55,3297.05,No
C04891,Female,36.0,0,No,No,2,Yes,Yes,DSL,No,No,Yes,No,Yes,No,Month-to-month,Yes,Electronic check,59.5,161.47,No
C00548,Female,59.0,0,Yes,No,14,Yes,No,Fiber optic,No,Yes,Yes,No,Yes,No,Month-to-month,No,Electronic check,77.79,1331.5,No
C03394,Female,50.0,0,Yes,Yes,53,Yes,No,DSL,No,No,No,Yes,No,Yes,One year,Yes,Mailed check,59.04,2895.61,No
C03988,Male,21.0,0,No,No,5,Yes,Yes,Fiber optic,Yes,Yes,No,No,No,No,Month-to-month,No,Electronic check,64.5,377.49,Yes
C01337,Male,25.0,0,No,No,65,Yes,Yes,No,No internet service,No internet service,No internet service,No internet service,No internet service,No internet service,One year,Yes,Electronic check,27.8,1870.1,No
C02495,Female,62.0,0,Yes,Yes,41,Yes,Yes,Fiber optic,No,Yes,No,Yes,Yes,Yes,One year,Yes,Bank transfer,92.3,3696.01,No
C04804,Male,70.0,1,No,No,50,Yes,No,Fiber optic,No,Yes,Yes,Yes,No,Yes,One year,No,Credit card,72.32,3545.5,No
C00131,Female,45.0,0,Yes,No,29,Yes,No,No,No internet service,No internet service,No internet service,No internet service,No internet service,No internet service,Month-to-month,Yes,Electronic check,29.15,902.92,No
C03147,Male,47.0,0,No,No,52,Yes,Yes,No,No internet service,No internet service,No internet service,No internet service,No internet service,No internet service,Two year,No,Bank transfer,31.78,1986.31,No
C02921,Female,44.0,0,Yes,Yes,34,Yes,No,Fiber optic,No,No,Yes,No,No,No,Month-to-month,No,Electronic check,54.99,1632.43,No
C03180,Female,38.0,0,No,Yes,59,Yes,Yes,Fiber optic,Yes,No,Yes,No,No,Yes,Two year,No,Electronic check,74.03,4811.77,No
C06528,Male,36.0,0,No,No,13,Yes,No,DSL,Yes,No,Yes,Yes,Yes,No,Two year,No,Electronic check,58.91,826.01,Yes
C05090,Male,52.0,0,No,Yes,31,Yes,No,Fiber optic,No,Yes,Yes,No,No,No,Two year,No,Electronic check,57.23,2041.95,No
C00646,Male,23.0,0,No,No,13,Yes,No,Fiber optic,Yes,No,No,No,No,No,One year,No,Mailed check,64.7,883.15,Yes
C01996,Male,30.0,0,No,No,33,Yes,Yes,DSL,No,Yes,No,No,No,No,One year,Yes,Bank transfer,53.4,1709.07,No
C03941,Female,34.0,0,Yes,Yes,53,Yes,Yes,Fiber optic,No,No,No,No,No,No,Month-to-month,Yes,Credit card,56.61,2760.98,No
C06937,Male,40.0,0,Yes,No,12,No,No phone service,DSL,Yes,Yes,No,Yes,No,No,Month-to-month,Yes,Electronic check,47.07,810.11,Yes
C03488,Female,18.0,0,No,No,45,No,No phone service,No,No internet service,No internet service,No internet service,No internet service,No internet service,No internet service,One year,Yes,Bank transfer,18.0,1030.33,No
C06379,Female,27.0,0,No,No,7,Yes,No,Fiber optic,No,Yes,No,No,No,No,Month-to-month,Yes,Mailed check,69.36,673.86,No
C01412,Male,33.0,0,No,No,22,Yes,Yes,DSL,No,Yes,Yes,No,No,No,Month-to-month,No,Electronic check,52.33,1274.03,No
C04589,Male,32.0,0,No,No,32,Yes,No,Fiber optic,No,No,No,No,Yes,Yes,One year,No,Electronic check,60.66,2223.25,No
C03702,Male,40.0,0,No,No,33,Yes,Yes,Fiber optic,No,Yes,Yes,No,Yes,No,Month-to-month,Yes,Bank transfer,74.37,2602.42,No
C03891,Female,72.0,1,No,No,38,Yes,Yes,Fiber optic,Yes,No,No,Yes,No,No,Month-to-month,Yes,Electronic check,82.18,3070.16,Yes
C06205,Female,71.0,1,No,Yes,22,Yes,Yes,Fiber optic,Yes,No,Yes,No,No,Yes,Month-to-month,Yes,Electronic check,70.42,1713.62,Yes
C01270,Male,55.0,0,No,No,48,Yes,Yes,Fiber optic,No,No,No,Yes,No,Yes,Month-to-month,Yes,Bank transfer,73.82,3982.54,No
C00263,Female,39.0,0,Yes,No,0,Yes,Yes,No,No internet service,No internet service,No internet service,No internet service,No internet service,No internet service,Month-to-month,No,Electronic check,33.58,172.75,No
C04887,Female,40.0,0,Yes,No,2,Yes,No,No,No internet service,No internet service,No internet service,No internet service,No internet service,No internet service,Month-to-month,No,Electronic check,26.02,52.73,No
C00848,Male,41.0,0,No,No,42,Yes,No,No,No internet service,No internet service,No internet service,No internet service,No internet service,No internet service,Two year,Yes,Electronic check,30.54,1218.15,No
C06124,Female,43.0,0,No,No,50,Yes,No,No,No internet service,No internet service,No internet service,No internet service,No internet service,No internet service,One year,No,Bank transfer,27.73,1668.48,No
C03146,Female,34.0,0,Yes,No,12,Yes,Yes,DSL,No,No,No,No,Yes,No,Month-to-month,Yes,Electronic check,59.75,834.91,No
C02235,Female,72.0,1,Yes,No,28,Yes,No,Fiber optic,Yes,Yes,No,No,Yes,No,Month-to-month,No,Credit card,69.71,1909.6,Yes
C06776,Male,47.0,0,Yes,No,49,Yes,Yes,DSL,No,No,No,No,No,Yes,One year,Yes,Credit card,47.64,2280.69,No
C04528,Female,66.0,1,Yes,No,0,Yes,No,Fiber optic,No,No,No,No,No,Yes,Month-to-month,Yes,Credit card,57.09,16.03,Yes
C05900,Male,68.0,1,Yes,Yes,45,Yes,Yes,Fiber optic,No,Yes,No,Yes,Yes,No,Two year,No,Mailed check,80.83,3564.27,No
C00954,Male,42.0,0,No,No,2,Yes,Yes,Fiber optic,No,No,No,Yes,No,No,Month-to-month,Yes,Credit card,75.04,157.31,No
C01124,Male,38.0,0,No,No,5,Yes,No,DSL,No,No,Yes,No,Yes,Yes,Month-to-month,Yes,Electronic check,66.55,514.63,Yes
C01866,Female,19.0,0,No,No,54,Yes,No,DSL,Yes,No,No,No,Yes,No,Two year,Yes,Mailed check,63.41,3756.04,No
C05996,Male,64.0,0,Yes,Yes,19,Yes,Yes,Fiber optic,No,Yes,No,No,No,No,Month-to-month,Yes,Electronic check,54.06,1200.11,No
C04754,Female,59.0,0,Yes,No,27,Yes,Yes,No,No internet service,No internet service,No internet service,No internet service,No internet service,No internet service,Month-to-month,Yes,Electronic check,39.03,1254.58,No
C06080,Male,59.0,0,Yes,No,8,Yes,No,Fiber optic,No,No,No,Yes,Yes,Yes,Month-to-month,Yes,Bank transfer,84.62,642.01,Yes
C03764,Female,70.0,1,No,Yes,9,Yes,No,No,No internet service,No internet service,No internet service,No internet service,No internet service,No internet service,Month-to-month,No,Mailed check,21.31,192.81,No
C02451,Female,51.0,0,No,Yes,15,Yes,No,Fiber optic,Yes,Yes,No,No,No,No,Month-to-month,Yes,Bank transfer,73.41,1281.09,No
C02789,Female,25.0,0,No,No,30,Yes,No,Fiber optic,No,No,Yes,Yes,No,No,One year,Yes,Bank transfer,70.17,1955.86,No
C06199,Female,21.0,0,No,No,62,Yes,Yes,No,No internet service,No internet service,No internet service,No internet service,No internet service,No internet service,Two year,Yes,Credit card,35.55,2213.28,No
C04882,Male,40.0,0,Yes,Yes,0,Yes,No,DSL,No,No,Yes,No,Yes,Yes,Month-to-month,Yes,Electronic check,60.49,124.62,Yes
C05427,Female,51.0,0,Yes,Yes,29,Yes,No,DSL,Yes,Yes,No,No,No,No,One year,No,Electronic check,55.04,1684.17,No
C06584,Female,72.0,1,Yes,Yes,62,No,No phone service,Fiber optic,No,Yes,Yes,No,No,Yes,Two year,No,Credit card,64.37,3987.42,No
C02679,Female,24.0,0,No,No,17,Yes,Yes,Fiber optic,No,No,Yes,No,Yes,Yes,One year,No,Bank transfer,90.55,1617.43,No
C00405,Male,51.0,0,No,No,57,Yes,No,Fiber optic,Yes,No,No,Yes,No,No,Two year,Yes,Bank transfer,62.13,3608.56,No
C05488,Male,43.0,0,No,No,44,Yes,Yes,No,No internet service,No internet service,No internet service,No internet service,No internet service,No internet service,Month-to-month,Yes,Credit card,33.24,1302.51,No
C02418,Male,42.0,0,No,Yes,18,Yes,No,No,No internet service,No internet service,No internet service,No internet service,No internet service,No internet service,Month-to-month,No,Bank transfer,22.18,490.07,No
C02464,Male,65.0,0,Yes,Yes,16,Yes,Yes,Fiber optic,Yes,Yes,No,Yes,Yes,No,Month-to-month,Yes,Bank transfer,89.63,1498.8,No
C05781,Male,58.0,0,Yes,No,41,Yes,No,No,No internet service,No internet service,No internet service,No internet service,No internet service,No internet service,Month-to-month,Yes,Electronic check,20.24,967.54,No
C04263,Male,23.0,0,No,No,9,Yes,Yes,DSL,No,No,No,No,No,No,Two year,No,Mailed check,37.96,521.76,No
C03603,Male,42.0,0,Yes,No,2,No,No phone service,DSL,Yes,No,No,No,No,No,Month-to-month,No,Electronic check,40.49,144.25,Yes
C04141,Male,49.0,0,No,No,28,Yes,No,Fiber optic,No,Yes,No,No,Yes,Yes,Month-to-month,No,Mailed check,77.48,1751.09,No
C01495,Female,58.0,0,Yes,Yes,10,Yes,Yes,No,No internet service,No internet service,No internet service,No internet service,No internet service,No internet service,Month-to-month,No,Bank transfer,36.5,432.86,No
C04634,Male,51.0,0,Yes,No,41,Yes,No,No,No internet service,No internet service,No internet service,No internet service,No internet service,No internet service,Two year,Yes,Credit card,27.5,1273.52,No
C02840,Female,46.0,0,No,No,0,Yes,No,DSL,Yes,No,No,No,Yes,No,Month-to-month,No,Electronic check,45.91,76.02,Yes
C06111,Male,55.0,0,No,Yes,1,Yes,Yes,DSL,Yes,Yes,No,No,No,Yes,Month-to-month,Yes,Electronic check,64.52,204.15,Yes
C02079,Male,41.0,0,No,No,43,Yes,Yes,DSL,No,No,No,Yes,No,No,Two year,Yes,Electronic check,63.69,3057.09,No
C00419,Male,45.0,0,No,No,22,Yes,No,DSL,No,No,Yes,Yes,No,Yes,Month-to-month,No,Electronic check,60.19,1349.6,Yes
C06723,Male,18.0,0,No,No,2,Yes,Yes,DSL,No,No,No,No,Yes,Yes,Month-to-month,No,Bank transfer,50.05,158.79,No
C02765,Male,39.0,0,No,No,60,Yes,Yes,Fiber optic,Yes,No,No,No,No,Yes,Two year,Yes,Bank transfer,76.96,4372.38,No
C03257,Female,25.0,0,Yes,No,18,Yes,No,DSL,No,Yes,Yes,No,Yes,Yes,One year,No,Mailed check,62.83,1394.16,No
C05720,Female,70.0,1,Yes,No,4,Yes,Yes,DSL,No,No,No,Yes,Yes,No,Month-to-month,No,Bank transfer,64.23,300.44,Yes
C01594,Female,23.0,0,Yes,No,0,No,No phone service,DSL,No,Yes,No,No,No,No,Month-to-month,No,Electronic check,32.9,145.99,No
C06075,Female,46.0,0,No,No,33,Yes,No,Fiber optic,No,No,Yes,No,Yes,No,Two year,Yes,Bank transfer,56.16,1620.15,No
C04173,Male,38.0,0,Yes,No,20,Yes,No,No,No internet service,No internet service,No internet service,No internet service,No internet service,No internet service,Month-to-month,Yes,Electronic check,25.83,687.49,No
C02481,Female,44.0,0,Yes,No,26,Yes,Yes,DSL,No,Yes,Yes,No,Yes,Yes,One year,No,Credit card,75.12,2214.64,No
C05911,Male,50.0,0,No,No,11,Yes,Yes,DSL,No,Yes,No,No,No,Yes,Two year,No,Bank transfer,52.74,776.09,No
C04560,Male,44.0,0,Yes,No,13,Yes,No,DSL,No,No,No,No,Yes,Yes,One year,Yes,Mailed check,51.47,702.87,No
C05813,Female,63.0,0,Yes,No,25,Yes,No,DSL,No,Yes,Yes,Yes,Yes,Yes,Month-to-month,No,Electronic check,79.35,2037.88,Yes
C04878,Female,27.0,0,No,No,43,Yes,Yes,DSL,No,No,No,No,Yes,No,One year,No,Mailed check,50.18,2013.81,No
C00362,Female,55.0,0,No,No,37,Yes,No,Fiber optic,No,No,Yes,Yes,No,Yes,Two year,Yes,Electronic check,68.97,3007.71,No
C03445,Male,46.0,0,Yes,Yes,30,No,No phone service,Fiber optic,No,No,No,No,No,No,One year,Yes,Credit card,54.44,1742.53,No
C03853,Female,24.0,0,No,No,62,Yes,No,No,No internet service,No internet service,No internet service,No internet service,No internet service,No internet service,Two year,No,Credit card,29.93,2041.73,No
C05291,Female,54.0,0,No,No,25,Yes,Yes,Fiber optic,No,No,No,Yes,Yes,Yes,Month-to-month,Yes,Credit card,75.88,2011.14,No
C03240,Female,36.0,0,Yes,No,11,Yes,No,DSL,No,No,No,Yes,No,No,Month-to-month,No,Mailed check,45.55,677.02,Yes
C04757,Female,49.0,0,Yes,Yes,35,Yes,Yes,No,No internet service,No internet service,No internet service,No internet service,No internet service,No internet service,Two year,Yes,Bank transfer,27.06,1075.76,No
C06448,Male,39.0,0,No,Yes,24,Yes,Yes,DSL,No,No,Yes,Yes,Yes,No,Month-to-month,No,Bank transfer,64.14,1490.39,No
C02099,Female,40.0,0,No,No,48,Yes,No,DSL,No,Yes,No,No,Yes,Yes,One year,Yes,Bank transfer,69.0,3312.88,No
C02404,Female,55.0,0,No,No,69,Yes,No,Fiber optic,No,No,Yes,No,No,Yes,One year,No,Mailed check,60.94,4044.19,No
C05444,Female,33.0,0,No,Yes,0,Yes,No,DSL,No,No,No,No,Yes,No,Month-to-month,No,Electronic check,30.7,71.15,No
C00410,Female,63.0,0,No,No,17,Yes,Yes,Fiber optic,No,Yes,Yes,Yes,Yes,No,Two year,Yes,Electronic check,86.37,1645.81,No
C03681,Male,33.0,0,No,No,33,Yes,Yes,Fiber optic,No,Yes,No,No,No,No,Month-to-month,Yes,Electronic check,60.47,2137.59,Yes
C06989,Male,39.0,0,No,Yes,0,Yes,No,Fiber optic,Yes,No,No,No,No,No,Month-to-month,No,Credit card,57.33,50.19,Yes
C00070,Female,29.0,0,Yes,No,11,Yes,No,Fiber optic,Yes,Yes,No,No,Yes,Yes,One year,No,Bank transfer,73.46,938.84,Yes
C06228,Male,33.0,0,No,No,49,Yes,No,No,No internet service,No internet service,No internet service,No internet service,No internet service,No internet service,Two year,Yes,Electronic check,21.3,1064.52,No
C02956,Male,40.0,0,No,No,54,Yes,No,Fiber optic,No,No,No,Yes,No,Yes,Two year,Yes,Mailed check,77.37,3437.83,No
C01983,Female,42.0,0,Yes,Yes,43,Yes,Yes,DSL,No,Yes,Yes,Yes,Yes,No,Two year,No,Credit card,65.41,2821.9,No
C02545,Male,63.0,0,Yes,Yes,0,Yes,Yes,No,No internet service,No internet service,No internet service,No internet service,No internet service,No internet service,Month-to-month,No,Electronic check,29.84,146.85,No
C05548,Female,58.0,0,Yes,Yes,48,Yes,Yes,DSL,No,No,No,No,Yes,No,Month-to-month,Yes,Credit card,54.57,3001.53,No
C06011,Male,55.0,0,Yes,No,21,Yes,No,Fiber optic,Yes,No,No,No,Yes,Yes,One year,Yes,Electronic check,71.45,1594.95,No
C01398,Male,62.0,0,Yes,No,44,Yes,Yes,Fiber optic,No,Yes,No,Yes,No,No,One year,No,Mailed check,68.07,3033.64,No
C00923,Male,44.0,0,No,No,18,Yes,Yes,Fiber optic,No,No,Yes,No,No,No,Month-to-month,Yes,Electronic check,71.9,1427.28,Yes
C07038,Male,22.0,0,Yes,No,41,Yes,Yes,DSL,No,No,No,No,Yes,No,One year,Yes,Bank transfer,54.36,2189.63,No
C02861,Female,57.0,0,No,No,49,Yes,No,No,No internet service,No internet service,No internet service,No internet service,No internet service,No internet service,Two year,Yes,Credit card,23.94,1415.47,No
C05230,Male,33.0,0,No,No,21,No,No phone service,Fiber optic,No,No,No,No,Yes,No,Month-to-month,No,Mailed check,53.46,1153.37,Yes
C00105,Male,18.0,0,No,No,51,Yes,No,No,No internet service,No internet service,No internet service,No internet service,No internet service,No internet service,Month-to-month,Yes,Electronic check,22.67,1231.61,No
C04732,Male,18.0,0,No,No,10,Yes,No,Fiber optic,Yes,No,No,No,No,No,Month-to-month,Yes,Mailed check,58.33,712.3,Yes
C00998,Male,18.0,0,No,No,16,Yes,No,DSL,No,Yes,No,Yes,No,No,Month-to-month,Yes,Electronic check,45.25,824.31,Yes
C00058,Female,80.0,1,Yes,No,23,Yes,Yes,Fiber optic,No,Yes,No,No,No,Yes,Two year,No,Credit card,73.31,1691.61,No
C04791,Female,49.0,0,No,No,21,Yes,Yes,No,No internet service,No internet service,No internet service,No internet service,No internet service,No internet service,One year,No,Mailed check,32.45,676.75,No
C03292,Female,31.0,0,Yes,No,49,No,No phone service,Fiber optic,No,No,No,No,Yes,No,Two year,Yes,Mailed check,52.98,2181.37,No
C02778,Male,47.0,0,Yes,No,16,No,No phone service,Fiber optic,No,No,No,No,Yes,No,One year,Yes,Electronic check,55.9,1168.03,Yes
C02852,Male,26.0,0,No,Yes,21,Yes,No,DSL,No,Yes,No,No,No,No,Month-to-month,Yes,Bank transfer,39.74,903.19,No
C01911,Female,51.0,0,No,No,49,Yes,No,Fiber optic,No,No,No,Yes,Yes,Yes,Month-to-month,Yes,Electronic check,77.53,3499.16,No
C06173,Male,19.0,0,No,No,36,Yes,Yes,DSL,No,No,Yes,Yes,Yes,No,Two year,Yes,Credit card,67.79,2798.36,No
C01999,Male,41.0,0,No,No,26,Yes,Yes,DSL,No,Yes,No,No,No,No,Two year,Yes,Credit card,45.2,1391.68,No
C06046,Male,60.0,0,Yes,No,37,Yes,No,DSL,Yes,Yes,No,No,No,No,Two year,Yes,Credit card,41.26,1429.56,No
C00607,Male,27.0,0,No,No,31,Yes,No,DSL,No,No,Yes,No,No,Yes,Two year,Yes,Credit card,52.23,1694.78,No
C04715,Female,39.0,0,No,No,35,Yes,No,Fiber optic,Yes,Yes,No,Yes,Yes,No,Two year,Yes,Mailed check,83.93,2875.68,No
C05642,Male,45.0,0,Yes,No,23,Yes,Yes,Fiber optic,Yes,No,No,No,No,No,Two year,Yes,Electronic check,66.57,1756.3,Yes
C04317,Male,47.0,0,Yes,Yes,20,Yes,No,DSL,Yes,Yes,No,No,Yes,Yes,Month-to-month,Yes,Mailed check,61.87,1496.45,No
C04355,Female,55.0,0,No,No,69,Yes,No,DSL,No,No,No,No,No,Yes,Two year,No,Credit card,36.47,2407.29,No
C05886,Male,45.0,0,No,No,52,Yes,No,DSL,No,No,No,No,Yes,No,Two year,Yes,Electronic check,39.39,2168.07,Yes
C01505,Female,52.0,0,No,No,28,Yes,Yes,No,No internet service,No internet service,No internet service,No internet service,No internet service,No internet service,One year,Yes,Bank transfer,42.89,1287.91,No
C00833,Female,51.0,0,No,No,2,Yes,Yes,Fiber optic,No,Yes,No,No,No,Yes,Month-to-month,No,Electronic check,77.88,197.31,No
C03984,Female,27.0,0,No,No,11,Yes,No,Fiber optic,Yes,No,No,No,Yes,No,Month-to-month,Yes,Credit card,63.25,839.04,No
C01767,Male,43.0,0,No,No,40,Yes,Yes,Fiber optic,No,Yes,Yes,No,No,No,One year,No,Credit card,69.37,2620.13,No
C04116,Male,18.0,0,No,No,36,Yes,Yes,DSL,No,Yes,No,Yes,Yes,Yes,Month-to-month,No,Electronic check,83.07,3107.62,No
C02205,Male,60.0,0,No,No,40,Yes,Yes,DSL,No,Yes,Yes,No,No,Yes,Two year,Yes,Mailed check,66.29,2931.12,No
C05129,Male,22.0,0,No,No,12,Yes,No,DSL,No,No,No,Yes,Yes,No,Month-to-month,No,Bank transfer,60.15,901.57,No
C04456,Male,41.0,0,No,No,23,Yes,No,Fiber optic,No,No,Yes,Yes,Yes,No,One year,Yes,Electronic check,71.38,1747.96,No
C05214,Male,62.0,0,Yes,Yes,9,Yes,No,Fiber optic,No,Yes,No,Yes,Yes,No,Month-to-month,No,Credit card,71.18,851.38,No
C01293,Female,31.0,0,No,No,8,No,No phone service,Fiber optic,No,No,No,Yes,No,Yes,One year,Yes,Credit card,52.61,462.08,Yes
C05398,Female,47.0,0,Yes,No,72,Yes,No,No,No internet service,No internet service,No internet service,No internet service,No internet service,No internet service,One year,Yes,Electronic check,25.17,2060.74,No
C06201,Male,28.0,0,No,No,17,Yes,Yes,DSL,Yes,Yes,No,No,No,No,One year,No,Bank transfer,56.38,1138.82,No
C03574,Male,50.0,0,No,No,23,Yes,No,Fiber optic,Yes,Yes,No,No,Yes,No,Month-to-month,No,Mailed check,73.76,1814.26,No
C02377,Female,37.0,0,No,No,36,Yes,Yes,Fiber optic,No,Yes,Yes,No,Yes,No,One year,Yes,Mailed check,80.47,2514.42,No
C02910,Male,44.0,0,No,No,7,Yes,No,Fiber optic,No,Yes,No,Yes,Yes,Yes,Month-to-month,No,Electronic check,75.81,634.22,Yes
C06657,Male,69.0,1,Yes,Yes,19,Yes,Yes,Fiber optic,No,Yes,No,No,No,No,One year,No,Mailed check,60.76,1225.52,No
C06764,Female,55.0,0,No,Yes,49,Yes,No,Fiber optic,Yes,No,Yes,No,Yes,Yes,One year,No,Electronic check,77.36,3918.04,No
C00022,Male,61.0,0,Yes,No,54,Yes,No,DSL,No,No,Yes,Yes,No,No,One year,No,Electronic check,50.29,2832.98,No
C01409,Male,20.0,0,No,No,68,Yes,Yes,No,No internet service,No internet service,No internet service,No internet service,No internet service,No internet service,Two year,Yes,Electronic check,32.3,2320.87,Yes
C00889,Female,52.0,0,No,Yes,22,Yes,No,DSL,No,Yes,No,No,No,No,Month-to-month,Yes,Bank transfer,42.92,1005.56,No
C04177,Female,36.0,0,No,Yes,42,Yes,No,Fiber optic,No,Yes,No,No,No,Yes,One year,Yes,Bank transfer,72.78,3405.8,Yes
C00184,Female,28.0,0,No,No,0,Yes,No,Fiber optic,No,Yes,Yes,Yes,No,No,Month-to-month,No,Electronic check,60.94,60.84,Yes
C02706,Female,45.0,0,Yes,No,9,Yes,Yes,Fiber optic,Yes,No,No,No,No,Yes,Month-to-month,No,Credit card,62.82,577.09,No
C06709,Female,46.0,0,Yes,No,5,Yes,No,No,No internet service,No internet service,No internet service,No internet service,No internet service,No internet service,Month-to-month,Yes,Bank transfer,30.39,274.01,Yes
C06834,Male,32.0,0,No,No,28,Yes,No,DSL,No,Yes,No,No,No,Yes,One year,Yes,Electronic check,57.32,1739.42,No
C00409,Male,32.0,0,Yes,No,0,Yes,No,No,No internet service,No internet service,No internet service,No internet service,No internet service,No internet service,Month-to-month,Yes,Electronic check,28.23,28.14,No
C03812,Female,31.0,0,No,Yes,8,Yes,No,No,No internet service,No internet service,No internet service,No internet service,No internet service,No internet service,Month-to-month,Yes,Electronic check,26.03,255.75,No
C02215,Male,28.0,0,Yes,No,7,Yes,No,Fiber optic,No,Yes,Yes,No,No,No,Month-to-month,No,Electronic check,62.72,503.32,No
C03473,Male,60.0,0,No,Yes,19,Yes,No,Fiber optic,No,No,Yes,Yes,No,No,Month-to-month,No,Bank transfer,58.78,1188.0,No
C04053,Male,38.0,0,Yes,No,14,Yes,Yes,DSL,Yes,Yes,No,No,No,No,Month-to-month,No,Bank transfer,52.99,760.45,Yes
C03396,Female,45.0,0,No,No,34,Yes,Yes,Fiber optic,No,No,Yes,No,No,No,Two year,No,Electronic check,55.76,1693.7,No
C02238,Female,51.0,0,No,No,24,Yes,No,Fiber optic,No,Yes,No,No,Yes,Yes,Month-to-month,Yes,Electronic check,69.01,1677.31,No
C05094,Female,32.0,0,No,No,65,Yes,No,Fiber optic,Yes,Yes,Yes,Yes,Yes,No,Two year,No,Bank transfer,84.27,5501.03,No
C01058,Male,69.0,1,Yes,No,33,Yes,Yes,Fiber optic,No,No,Yes,No,No,No,Two year,No,Credit card,59.33,1822.6,No
C04985,Female,51.0,0,No,No,16,Yes,Yes,No,No internet service,No internet service,No internet service,No internet service,No internet service,No internet service,One year,Yes,Bank transfer,38.49,742.61,No
C04675,Male,36.0,0,No,No,34,Yes,Yes,Fiber optic,No,No,No,No,No,No,Two year,No,Electronic check,66.63,2109.84,No
C00962,Male,38.0,0,Yes,Yes,27,Yes,No,Fiber optic,No,No,No,Yes,Yes,Yes,One year,Yes,Bank transfer,76.9,2106.32,No
C00232,Male,18.0,0,No,No,53,Yes,Yes,DSL,No,No,No,Yes,Yes,Yes,One year,No,Electronic check,71.82,3643.23,No
C00598,Male,34.0,0,No,No,0,Yes,Yes,Fiber optic,No,Yes,No,No,No,No,Month-to-month,Yes,Electronic check,67.79,20.72,Yes
C00075,Female,45.0,0,No,No,28,Yes,No,Fiber optic,Yes,No,Yes,Yes,No,Yes,Month-to-month,No,Electronic check,73.86,2511.78,No
C04978,Female,23.0,0,No,No,16,Yes,No,DSL,Yes,No,No,No,Yes,No,Month-to-month,No,Electronic check,54.78,990.47,No
C02419,Male,27.0,0,Yes,No,31,Yes,No,DSL,Yes,Yes,No,No,Yes,No,One year,Yes,Electronic check,57.15,1925.44,No
C04627,Male,35.0,0,No,Yes,51,Yes,Yes,No,No internet service,No internet service,No internet service,No internet service,No internet service,No internet service,Month-to-month,Yes,Electronic check,23.34,1256.83,No
C00213,Female,18.0,0,Yes,No,60,Yes,No,Fiber optic,No,Yes,No,No,No,Yes,Two year,Yes,Electronic check,74.86,4304.89,No
C00276,Female,54.0,0,Yes,No,17,Yes,Yes,No,No internet service,No internet service,No internet service,No internet service,No internet service,No internet service,Month-to-month,No,Credit card,31.05,661.15,No
C02021,Female,27.0,0,No,No,50,Yes,No,Fiber optic,Yes,Yes,Yes,Yes,Yes,No,Two year,No,Mailed check,85.64,4622.91,No
C04562,Female,57.0,0,No,No,19,No,No phone service,No,No internet service,No internet service,No internet service,No internet service,No internet service,No internet service,Month-to-month,Yes,Electronic check,23.88,595.43,No
C06724,Male,56.0,0,Yes,Yes,7,No,No phone service,No,No internet service,No internet service,No internet service,No internet service,No internet service,No internet service,Month-to-month,Yes,Electronic check,20.61,271.98,No
C05683,Male,42.0,0,No,No,45,Yes,No,No,No internet service,No internet service,No internet service,No internet service,No internet service,No internet service,Two year,Yes,Bank transfer,32.57,1445.18,No
C00426,Female,57.0,0,No,No,40,Yes,Yes,DSL,No,No,No,No,No,No,One year,No,Bank transfer,41.38,1659.33,No
C02533,Female,29.0,0,No,No,28,Yes,No,DSL,No,No,Yes,Yes,Yes,No,Two year,Yes,Electronic check,51.48,1476.08,Yes
C04105,Male,48.0,0,Yes,No,9,Yes,Yes,No,No internet service,No internet service,No internet service,No internet service,No internet service,No internet service,Month-to-month,Yes,Bank transfer,32.57,383.42,No
C00599,Male,43.0,0,No,Yes,34,Yes,No,Fiber optic,Yes,No,Yes,No,Yes,No,Month-to-month,Yes,Mailed check,76.34,2491.13,No
C00203,Female,36.0,0,Yes,No,18,Yes,No,DSL,No,Yes,No,No,No,Yes,Month-to-month,No,Bank transfer,57.95,1053.58,No
C01200,Male,50.0,0,Yes,No,48,Yes,Yes,DSL,Yes,No,No,Yes,No,No,Two year,No,Credit card,53.44,2644.66,No
C00757,Male,80.0,1,Yes,Yes,23,Yes,No,DSL,No,No,Yes,No,No,Yes,Two year,No,Electronic check,39.24,1124.61,No
C03523,Female,49.0,0,Yes,Yes,63,Yes,No,DSL,Yes,No,No,Yes,No,No,Two year,Yes,Credit card,55.14,3702.62,No
C00165,Female,18.0,0,No,No,48,Yes,Yes,No,No internet service,No internet service,No internet service,No internet service,No internet service,No internet service,Two year,No,Bank transfer,23.89,1287.01,No
C06593,Female,48.0,0,No,No,32,No,No phone service,No,No internet service,No internet service,No internet service,No internet service,No internet service,No internet service,Two year,Yes,Electronic check,20.0,818.24,No
C04642,Female,48.0,0,Yes,Yes,46,Yes,Yes,Fiber optic,No,No,No,No,Yes,No,One year,Yes,Bank transfer,61.28,3155.45,No
C02117,Male,37.0,0,No,No,18,Yes,Yes,DSL,No,Yes,Yes,Yes,No,Yes,One year,Yes,Mailed check,62.16,1253.02,No
C04299,Female,55.0,0,Yes,Yes,0,Yes,No,DSL,No,No,No,No,No,No,Month-to-month,No,Bank transfer,44.26,103.8,Yes
C05557,Male,49.0,0,No,No,49,Yes,Yes,No,No internet service,No internet service,No internet service,No internet service,No internet service,No internet service,Month-to-month,Yes,Bank transfer,34.88,1790.16,No
C03892,Male,76.0,1,Yes,No,57,Yes,No,DSL,Yes,No,Yes,Yes,No,No,Two year,Yes,Credit card,52.29,3167.78,No
C06913,Female,50.0,0,No,No,15,No,No phone service,No,No internet service,No internet service,No internet service,No internet service,No internet service,No internet service,Month-to-month,No,Electronic check,20.7,466.69,No
C07005,Male,71.0,1,Yes,No,63,Yes,Yes,Fiber optic,No,No,No,No,No,No,One year,Yes,Bank transfer,67.47,4094.26,Yes
C04250,Female,68.0,1,Yes,No,23,Yes,No,No,No internet service,No internet service,No internet service,No internet service,No internet service,No internet service,Month-to-month,Yes,Mailed check,25.26,677.23,Yes
C06325,Male,52.0,0,Yes,No,36,Yes,Yes,DSL,No,No,No,No,Yes,No,One year,Yes,Mailed check,52.29,1866.28,No
C06024,Male,34.0,0,Yes,No,34,Yes,No,No,No internet service,No internet service,No internet service,No internet service,No internet service,No internet service,One year,No,Bank transfer,28.48,1020.51,No
C01112,Male,63.0,0,No,No,0,Yes,Yes,DSL,No,No,No,No,No,No,Month-to-month,Yes,Electronic check,45.66,27.36,Yes
C03656,Male,40.0,0,No,No,48,Yes,No,Fiber optic,No,Yes,Yes,Yes,No,Yes,Two year,Yes,Mailed check,75.53,3252.12,No
C03839,Female,52.0,0,Yes,Yes,54,Yes,No,No,No internet service,No internet service,No internet service,No internet service,No internet service,No internet service,Two year,Yes,Credit card,24.91,1463.61,No
C02364,Male,28.0,0,No,No,33,Yes,No,DSL,No,No,No,No,Yes,No,Two year,Yes,Credit card,52.14,1768.65,No
C05933,Male,43.0,0,Yes,No,39,Yes,Yes,Fiber optic,Yes,Yes,No,No,Yes,No,One year,No,Electronic check,81.85,3112.09,No
C05355,Female,63.0,0,Yes,Yes,5,Yes,Yes,Fiber optic,Yes,Yes,Yes,Yes,Yes,No,Month-to-month,No,Mailed check,80.66,449.26,Yes
C06838,Male,43.0,0,No,No,2,Yes,No,DSL,No,No,No,Yes,Yes,Yes,Month-to-month,No,Electronic check,51.22,121.59,Yes
C05535,Female,42.0,0,Yes,No,63,Yes,Yes,DSL,No,Yes,Yes,No,No,No,Two year,Yes,Electronic check,63.5,4695.12,No
C05850,Female,48.0,0,No,No,72,Yes,Yes,No,No internet service,No internet service,No internet service,No internet service,No internet service,No internet service,Two year,No,Electronic check,43.46,3209.18,No
C02775,Male,40.0,0,Yes,No,23,No,No phone service,Fiber optic,Yes,No,No,Yes,No,Yes,Month-to-month,Yes,Bank transfer,76.28,1941.78,No
C04635,Male,56.0,0,Yes,No,72,Yes,No,No,No internet service,No internet service,No internet service,No internet service,No internet service,No internet service,Two year,No,Credit card,21.03,1616.76,No
C05853,Male,38.0,0,Yes,No,39,No,No phone service,Fiber optic,No,No,Yes,No,Yes,Yes,Two year,Yes,Bank transfer,69.87,2851.42,No
C03132,Female,33.0,0,No,Yes,34,Yes,Yes,Fiber optic,No,No,Yes,No,No,Yes,One year,No,Credit card,65.3,2052.62,No
C06698,Female,53.0,0,Yes,No,24,Yes,No,Fiber optic,No,No,Yes,No,No,No,Month-to-month,No,Bank transfer,59.81,1466.51,Yes
C04178,Female,42.0,0,No,Yes,30,No,No phone service,DSL,No,No,No,No,Yes,No,Two year,Yes,Bank transfer,42.69,1327.04,No
C05158,Female,61.0,0,No,No,15,Yes,Yes,DSL,No,No,Yes,No,Yes,Yes,Month-to-month,No,Credit card,65.86,955.41,Yes
C03256,Female,53.0,0,Yes,No,0,Yes,Yes,Fiber optic,Yes,Yes,No,Yes,Yes,No,Month-to-month,Yes,Electronic check,87.13,166.69,No
C04196,Female,29.0,0,Yes,No,24,Yes,Yes,Fiber optic,Yes,No,No,No,No,No,Month-to-month,Yes,Credit card,63.3,1592.8,No
C06906,Female,65.0,0,No,Yes,17,Yes,Yes,DSL,No,Yes,No,No,Yes,No,Month-to-month,Yes,Bank transfer,59.72,1154.33,Yes
C00673,Male,64.0,0,Yes,No,17,Yes,No,Fiber optic,No,Yes,Yes,No,No,Yes,Month-to-month,Yes,Electronic check,73.81,1377.76,Yes
C06588,Female,27.0,0,No,No,43,Yes,Yes,DSL,Yes,Yes,No,No,Yes,Yes,Two year,Yes,Mailed check,73.77,3454.05,No
C04407,Female,22.0,0,No,No,43,Yes,No,DSL,No,No,No,No,No,No,Month-to-month,Yes,Electronic check,36.75,1776.66,Yes
C01640,Male,43.0,0,Yes,Yes,26,Yes,No,DSL,No,Yes,No,Yes,No,Yes,Month-to-month,No,Credit card,56.06,1402.58,No
C01875,Male,42.0,0,No,Yes,6,Yes,Yes,Fiber optic,No,No,No,No,No,No,Month-to-month,Yes,Bank transfer,54.05,461.13,No
C05991,Female,53.0,0,No,No,34,No,No phone service,Fiber optic,Yes,No,No,No,Yes,No,One year,No,Credit card,60.73,2455.7,No
C03717,Female,56.0,0,Yes,No,36,Yes,No,No,No internet service,No internet service,No internet service,No internet service,No internet service,No internet service,One year,No,Bank transfer,26.69,928.93,No
C04713,Female,66.0,1,No,No,42,Yes,No,DSL,Yes,Yes,No,Yes,Yes,No,One year,Yes,Mailed check,69.75,2578.62,No
C04172,Female,18.0,0,No,No,0,Yes,Yes,Fiber optic,No,Yes,No,No,Yes,No,One year,Yes,Electronic check,74.08,72.76,Yes
C02656,Female,48.0,0,No,Yes,66,Yes,No,No,No internet service,No internet service,No internet service,No internet service,No internet service,No internet service,One year,No,Bank transfer,22.91,1552.36,No
C00660,Male,38.0,0,Yes,No,60,Yes,No,No,No internet service,No internet service,No internet service,No internet service,No internet service,No internet service,Month-to-month,No,Electronic check,21.2,1487.76,No
C04831,Male,44.0,0,No,No,35,Yes,Yes,Fiber optic,No,No,No,No,No,Yes,Two year,No,Electronic check,59.25,1914.16,No
C01658,Male,69.0,1,Yes,Yes,9,No,No phone service,DSL,No,Yes,Yes,No,No,No,Month-to-month,Yes,Electronic check,43.47,510.2,Yes
C05714,Male,54.0,0,No,No,60,Yes,Yes,DSL,No,Yes,Yes,No,Yes,No,One year,No,Credit card,55.01,3146.15,No
C02578,Female,64.0,0,Yes,No,24,Yes,No,Fiber optic,Yes,Yes,No,No,No,Yes,Month-to-month,Yes,Bank transfer,77.01,1991.02,No
C05021,Male,38.0,0,No,No,31,No,No phone service,No,No internet service,No internet service,No internet service,No internet service,No internet service,No internet service,One year,Yes,Bank transfer,19.12,637.95,No
C05742,Female,55.0,0,No,No,46,Yes,Yes,Fiber optic,No,Yes,No,No,Yes,Yes,Month-to-month,Yes,Electronic check,82.6,4096.09,No
C06613,Male,34.0,0,No,No,10,Yes,No,DSL,No,No,Yes,No,Yes,No,One year,Yes,Electronic check,47.76,584.69,Yes
C02587,Male,31.0,0,Yes,No,34,Yes,No,Fiber optic,No,No,No,No,No,No,Month-to-month,Yes,Mailed check,61.95,1939.38,Yes
C02296,Female,44.0,0,Yes,No,65,Yes,No,No,No internet service,No internet service,No internet service,No internet service,No internet service,No internet service,Two year,No,Bank transfer,25.8,1599.03,No
C05659,Female,49.0,0,Yes,No,13,Yes,Yes,Fiber optic,No,No,Yes,No,No,Yes,One year,No,Credit card,73.59,976.06,No
C00300,Male,37.0,0,No,No,70,Yes,Yes,DSL,No,No,No,No,No,Yes,Two year,Yes,Mailed check,56.62,3661.5,No
C00397,Female,65.0,0,Yes,Yes,20,Yes,Yes,DSL,Yes,Yes,Yes,No,No,No,Month-to-month,Yes,Bank transfer,65.11,1496.24,No
C03552,Male,42.0,0,No,No,28,Yes,No,No,No internet service,No internet service,No internet service,No internet service,No internet service,No internet service,Month-to-month,Yes,Credit card,26.59,807.22,No
C06211,Female,66.0,1,Yes,No,26,Yes,No,DSL,Yes,No,Yes,No,Yes,No,Month-to-month,Yes,Mailed check,49.19,1584.65,Yes
C06675,Female,61.0,0,Yes,Yes,12,Yes,No,Fiber optic,Yes,No,No,No,No,Yes,Two year,Yes,Electronic check,73.82,894.6,Yes
C02018,Male,62.0,0,Yes,No,16,Yes,No,DSL,Yes,No,Yes,Yes,No,No,Month-to-month,No,Mailed check,49.65,869.12,Yes
C01106,Male,51.0,0,Yes,Yes,44,Yes,No,Fiber optic,No,No,No,No,No,No,Two year,Yes,Credit card,48.08,1808.51,No
C03176,Female,52.0,0,No,Yes,15,Yes,Yes,Fiber optic,Yes,No,No,Yes,No,Yes,Month-to-month,Yes,Credit card,84.63,1463.9,Yes
C00713,Male,47.0,0,Yes,Yes,24,Yes,No,Fiber optic,Yes,No,No,No,No,No,One year,No,Electronic check,58.49,1066.12,No
C01689,Female,47.0,0,No,No,42,Yes,Yes,Fiber optic,Yes,Yes,No,No,No,No,One year,Yes,Mailed check,71.5,3101.38,No
C06540,Male,54.0,0,No,No,14,Yes,No,Fiber optic,Yes,Yes,Yes,No,No,Yes,Month-to-month,No,Bank transfer,77.38,1135.88,No
C04266,Female,44.0,0,Yes,No,28,Yes,Yes,Fiber optic,Yes,Yes,No,Yes,No,No,Month-to-month,Yes,Bank transfer,79.81,2303.74,Yes
C00042,Male,51.0,0,No,No,59,Yes,No,Fiber optic,Yes,No,Yes,No,Yes,Yes,Two year,Yes,Credit card,84.72,4952.77,No
C00366,Male,62.0,0,No,No,11,Yes,Yes,No,No internet service,No internet service,No internet service,No internet service,No internet service,No internet service,Month-to-month,No,Credit card,24.7,343.87,Yes
C01113,Female,43.0,0,Yes,Yes,59,Yes,No,DSL,No,No,No,No,Yes,Yes,One year,Yes,Credit card,54.83,3749.82,No
C03534,Female,34.0,0,No,Yes,15,Yes,Yes,DSL,Yes,No,No,No,No,No,Month-to-month,Yes,Bank transfer,62.16,1037.49,No
C06566,Female,26.0,0,Yes,Yes,43,Yes,Yes,No,No internet service,No internet service,No internet service,No internet service,No internet service,No internet service,One year,No,Electronic check,22.2,965.3,No
C04561,Female,25.0,0,Yes,Yes,36,Yes,No,No,No internet service,No internet service,No internet service,No internet service,No internet service,No internet service,Two year,Yes,Mailed check,21.62,766.89,No
C04126,Male,41.0,0,No,No,34,Yes,Yes,Fiber optic,Yes,Yes,No,No,No,No,One year,Yes,Electronic check,78.85,2395.91,No
C06585,Female,51.0,0,Yes,Yes,15,Yes,No,Fiber optic,Yes,Yes,No,Yes,No,No,Month-to-month,No,Mailed check,70.27,1161.3,No
C02470,Male,41.0,0,Yes,Yes,27,Yes,No,Fiber optic,No,Yes,Yes,Yes,Yes,No,One year,Yes,Bank transfer,77.62,2018.68,No
C01879,Female,61.0,0,No,Yes,36,Yes,Yes,DSL,Yes,No,No,Yes,Yes,No,Month-to-month,Yes,Electronic check,71.25,2585.67,No
C03796,Female,48.0,0,No,Yes,31,Yes,No,No,No internet service,No internet service,No internet service,No internet service,No internet service,No internet service,Two year,Yes,Credit card,24.74,792.87,No
C06687,Male,39.0,0,No,No,13,Yes,Yes,No,No internet service,No internet service,No internet service,No internet service,No internet service,No internet service,Month-to-month,No,Electronic check,26.09,375.05,No
C04163,Female,30.0,0,No,No,6,Yes,No,Fiber optic,No,Yes,Yes,No,No,No,Month-to-month,Yes,Mailed check,62.4,451.51,Yes
C02086,Male,31.0,0,No,No,38,Yes,No,Fiber optic,Yes,No,No,Yes,No,No,Month-to-month,Yes,Electronic check,62.1,2371.32,Yes
C07099,Male,32.0,0,No,No,29,Yes,No,Fiber optic,No,No,Yes,Yes,Yes,Yes,Month-to-month,Yes,Bank transfer,70.98,2066.05,Yes
C01035,Male,66.0,1,Yes,Yes,29,Yes,Yes,Fiber optic,No,No,Yes,Yes,No,No,One year,Yes,Electronic check,61.34,1728.67,No
C01506,Female,74.0,1,Yes,Yes,6,Yes,No,Fiber optic,No,No,No,No,No,No,Month-to-month,Yes,Bank transfer,54.22,517.99,Yes
C05059,Male,30.0,0,No,No,35,Yes,Yes,Fiber optic,Yes,No,No,Yes,Yes,Yes,Two year,No,Electronic check,80.46,2784.47,No
C00622,Female,50.0,0,No,No,20,Yes,Yes,Fiber optic,No,No,No,No,No,No,Month-to-month,Yes,Bank transfer,67.81,1389.3,No
C03184,Male,33.0,0,No,No,46,Yes,No,No,No internet service,No internet service,No internet service,No internet service,No internet service,No internet service,One year,Yes,Bank transfer,25.62,1196.96,No
C00189,Male,50.0,0,Yes,Yes,5,Yes,No,DSL,No,No,Yes,Yes,No,No,Month-to-month,No,Bank transfer,50.6,270.78,No
C03770,Female,34.0,0,Yes,No,4,Yes,Yes,Fiber optic,Yes,Yes,No,Yes,Yes,No,Month-to-month,No,Mailed check,74.51,372.32,No
C03091,Male,18.0,0,No,No,13,Yes,Yes,DSL,No,No,Yes,No,Yes,Yes,Month-to-month,No,Bank transfer,70.67,1143.53,Yes
C05058,Male,78.0,1,Yes,No,21,Yes,No,No,No internet service,No internet service,No internet service,No internet service,No internet service,No internet service,Month-to-month,Yes,Mailed check,26.37,631.48,No
C05603,Male,63.0,0,No,No,17,No,No phone service,Fiber optic,No,No,Yes,No,No,No,One year,No,Electronic check,58.14,897.15,No
C06581,Male,40.0,0,Yes,No,39,Yes,Yes,DSL,No,Yes,Yes,No,No,Yes,Month-to-month,Yes,Electronic check,56.78,2404.7,Yes
C04716,Female,30.0,0,No,No,22,Yes,No,No,No internet service,No internet service,No internet service,No internet service,No internet service,No internet service,Month-to-month,Yes,Bank transfer,24.7,676.17,Yes
C05943,Male,46.0,0,Yes,No,21,Yes,Yes,DSL,No,No,No,No,No,No,One year,No,Electronic check,39.33,933.63,No
C03087,Female,31.0,0,No,No,38,Yes,No,Fiber optic,Yes,Yes,No,Yes,Yes,No,Month-to-month,Yes,Electronic check,76.83,2763.91,No
C05675,Female,46.0,0,Yes,Yes,47,Yes,Yes,DSL,No,No,Yes,No,Yes,No,Two year,Yes,Electronic check,52.04,2568.48,No
C06945,Male,40.0,0,No,No,6,Yes,No,DSL,No,No,No,Yes,No,No,Month-to-month,Yes,Electronic check,51.87,326.69,No
C01964,Female,50.0,0,Yes,No,28,Yes,No,No,No internet service,No internet service,No internet service,No internet service,No internet service,No internet service,Month-to-month,No,Electronic check,21.49,604.88,No
C00463,Female,65.0,0,No,Yes,0,Yes,Yes,DSL,No,Yes,Yes,No,No,Yes,Month-to-month,No,Bank transfer,58.31,57.85,Yes
C04867,Female,50.0,0,No,No,0,Yes,Yes,No,No internet service,No internet service,No internet service,No internet service,No internet service,No internet service,Month-to-month,No,Electronic check,31.23,141.51,Yes
C06363,Female,68.0,1,Yes,No,55,Yes,Yes,DSL,No,Yes,No,No,No,Yes,One year,Yes,Electronic check,48.69,2768.09,No
C00110,Male,27.0,0,No,No,20,Yes,Yes,Fiber optic,No,Yes,No,Yes,Yes,No,Month-to-month,No,Electronic check,81.4,1583.95,Yes
C02127,Female,24.0,0,No,No,20,No,No phone service,DSL,Yes,No,No,Yes,Yes,No,One year,No,Mailed check,60.9,1166.75,Yes
C02780,Female,36.0,0,No,No,26,Yes,No,No,No internet service,No internet service,No internet service,No internet service,No internet service,No internet service,Month-to-month,No,Credit card,28.61,927.83,No
C05521,Female,20.0,0,No,No,62,Yes,No,Fiber optic,No,No,No,No,Yes,Yes,Two year,Yes,Bank transfer,71.79,4110.2,No
C04676,Male,26.0,0,Yes,No,23,No,No phone service,Fiber optic,Yes,No,No,No,Yes,No,Month-to-month,No,Electronic check,69.32499999999999,1351.91,No
C04306,Female,59.0,0,Yes,No,70,Yes,Yes,Fiber optic,No,Yes,No,Yes,No,Yes,Two year,Yes,Electronic check,72.99,5531.53,No
C04626,Male,48.0,0,Yes,Yes,49,Yes,Yes,Fiber optic,Yes,No,No,No,No,No,Two year,Yes,Mailed check,50.79,2056.84,No
C01207,Female,50.0,0,Yes,Yes,26,Yes,Yes,DSL,Yes,No,No,No,No,No,Month-to-month,Yes,Electronic check,51.47,1489.08,No
C04261,Male,65.0,0,Yes,No,33,Yes,Yes,Fiber optic,No,No,No,No,No,Yes,One year,Yes,Credit card,70.57,2460.38,No
C00737,Male,46.0,0,No,No,36,No,No phone service,DSL,Yes,No,No,Yes,No,No,Month-to-month,Yes,Electronic check,37.54,1433.37,No
C00861,Female,40.0,0,No,No,23,Yes,No,DSL,No,Yes,No,No,No,No,One year,No,Electronic check,39.13,1162.74,Yes
C00821,Male,44.0,0,No,Yes,9,Yes,No,Fiber optic,Yes,Yes,No,Yes,No,No,Month-to-month,No,Credit card,71.61,780.86,No
C05156,Female,47.0,0,Yes,No,42,Yes,Yes,Fiber optic,No,No,Yes,No,No,Yes,Month-to-month,No,Electronic check,75.71,3088.55,No
C02384,Female,59.0,0,Yes,No,70,No,No phone service,DSL,No,No,No,No,No,Yes,Two year,Yes,Electronic check,45.34,3151.77,No
C05408,Male,39.0,0,Yes,No,23,Yes,No,Fiber optic,No,No,No,No,Yes,Yes,One year,No,Credit card,65.4,1588.32,No
C01607,Female,45.0,0,No,No,36,Yes,Yes,DSL,No,Yes,No,No,No,Yes,Month-to-month,Yes,Credit card,54.12,1763.63,Yes
C06922,Male,59.0,0,Yes,No,55,Yes,Yes,No,No internet service,No internet service,No internet service,No internet service,No internet service,No internet service,One year,Yes,Electronic check,34.81,2136.73,No
C01747,Male,66.0,1,Yes,No,44,Yes,No,Fiber optic,Yes,No,No,Yes,No,No,Month-to-month,Yes,Bank transfer,72.96,3047.41,No
C04962,Female,39.0,0,Yes,Yes,27,Yes,Yes,DSL,No,No,No,Yes,No,No,Month-to-month,Yes,Bank transfer,56.56,1670.11,No
C03230,Female,45.0,0,No,No,48,Yes,No,No,No internet service,No internet service,No internet service,No internet service,No internet service,No internet service,One year,Yes,Electronic check,27.15,1480.45,No
C03326,Male,42.0,0,No,Yes,13,Yes,Yes,DSL,No,No,Yes,No,No,No,Month-to-month,Yes,Bank transfer,43.11,637.92,No
C01896,Female,48.0,0,No,No,54,Yes,No,DSL,No,Yes,Yes,No,No,Yes,Two year,No,Bank transfer,58.01,3471.86,No
C00863,Male,55.0,0,No,No,24,Yes,Yes,No,No internet service,No internet service,No internet service,No internet service,No internet service,No internet service,Month-to-month,Yes,Credit card,30.87,884.93,No
C06380,Female,31.0,0,No,No,49,Yes,No,DSL,No,No,No,No,No,No,Two year,Yes,Bank transfer,43.9,2202.19,No
C01990,Female,25.0,0,Yes,No,41,Yes,No,Fiber optic,No,Yes,No,No,No,Yes,Month-to-month,Yes,Bank transfer,62.78,2726.35,No
C03353,Male,27.0,0,Yes,No,28,Yes,No,DSL,Yes,No,No,No,No,No,Two year,Yes,Bank transfer,48.85,1331.92,No
C00633,Female,46.0,0,No,No,0,Yes,Yes,DSL,No,No,Yes,Yes,No,No,Month-to-month,No,Bank transfer,55.36,100.89,No
C00741,Male,42.0,0,Yes,No,34,Yes,No,No,No internet service,No internet service,No internet service,No internet service,No internet service,No internet service,Month-to-month,No,Bank transfer,21.53,714.72,No
C05501,Female,48.0,0,No,No,22,Yes,Yes,Fiber optic,Yes,Yes,No,No,No,No,Month-to-month,Yes,Bank transfer,72.05,1646.93,No
C01819,Male,37.0,0,Yes,No,42,No,No phone service,DSL,No,Yes,No,Yes,Yes,No,One year,Yes,Mailed check,58.51,2451.42,No
C05350,Female,19.0,0,No,No,51,Yes,No,DSL,Yes,No,Yes,No,No,Yes,Two year,No,Credit card,48.32,2601.91,No
C00695,Male,37.0,0,Yes,No,72,Yes,Yes,Fiber optic,No,No,No,Yes,Yes,No,Two year,Yes,Electronic check,73.84,5234.34,No
C07022,Female,52.0,0,Yes,No,45,Yes,No,Fiber optic,No,Yes,No,Yes,No,Yes,Month-to-month,Yes,Electronic check,85.91,3870.83,Yes
C03598,Male,32.0,0,No,No,33,Yes,No,DSL,No,Yes,No,No,No,No,One year,No,Credit card,43.77,1489.01,No
C00699,Male,57.0,0,No,No,27,Yes,No,DSL,No,Yes,No,No,Yes,Yes,Month-to-month,No,Mailed check,60.17,1684.1,Yes
C00092,Female,37.0,0,No,No,53,Yes,Yes,DSL,Yes,No,Yes,No,No,Yes,Two year,No,Electronic check,57.36,3043.83,No
C06674,Male,56.0,0,Yes,No,28,Yes,No,Fiber optic,No,No,Yes,No,No,No,Month-to-month,No,Electronic check,58.3,1597.08,Yes
C01351,Female,24.0,0,No,No,56,Yes,Yes,Fiber optic,No,No,Yes,No,No,No,Two year,No,Electronic check,58.77,3448.68,No
C04756,Male,36.0,0,No,No,37,Yes,No,No,No internet service,No internet service,No internet service,No internet service,No internet service,No internet service,One year,No,Electronic check,24.45,1028.36,No
C04004,Male,63.0,0,No,No,0,Yes,No,No,No internet service,No internet service,No internet service,No internet service,No internet service,No internet service,Month-to-month,Yes,Bank transfer,20.8,150.05,No
C07048,Male,60.0,0,No,No,45,Yes,Yes,Fiber optic,No,No,No,Yes,No,Yes,Two year,Yes,Mailed check,58.18,2247.52,No
C00427,Female,37.0,0,No,No,52,Yes,Yes,Fiber optic,Yes,No,Yes,No,Yes,No,Two year,Yes,Bank transfer,74.4,3367.83,No
C00319,Female,51.0,0,No,Yes,44,Yes,Yes,Fiber optic,No,Yes,No,Yes,Yes,No,Two year,No,Credit card,82.69,4007.33,No
C04226,Female,45.0,0,No,Yes,11,No,No phone service,DSL,No,Yes,No,Yes,No,No,Month-to-month,No,Credit card,33.02,757.33,No
C01072,Female,28.0,0,Yes,No,19,Yes,Yes,DSL,No,No,Yes,Yes,No,Yes,Month-to-month,No,Electronic check,59.3,1115.54,No
C06148,Male,56.0,0,Yes,No,17,Yes,No,DSL,No,Yes,No,No,Yes,No,Month-to-month,No,Electronic check,48.67,941.67,No
C02553,Male,61.0,0,No,Yes,55,Yes,Yes,Fiber optic,No,No,No,No,No,No,Two year,Yes,Mailed check,64.53,3271.44,Yes
C07155,Female,26.0,0,No,Yes,30,Yes,No,No,No internet service,No internet service,No internet service,No internet service,No internet service,No internet service,One year,Yes,Electronic check,32.17,1130.68,No
C01132,Male,41.0,0,No,Yes,30,Yes,Yes,Fiber optic,No,No,Yes,Yes,No,No,Two year,No,Electronic check,66.71,2051.38,No
C00280,Female,20.0,0,No,Yes,23,No,No phone service,Fiber optic,No,No,Yes,No,No,Yes,Two year,Yes,Electronic check,61.86,1591.41,No
C05602,Male,36.0,0,No,No,21,Yes,Yes,Fiber optic,Yes,No,No,No,No,No,Month-to-month,No,Credit card,61.88,1294.23,No
C06033,Female,58.0,0,Yes,No,0,Yes,No,Fiber optic,No,No,No,No,No,No,Month-to-month,Yes,Mailed check,62.73,65.05,Yes
C00610,Male,35.0,0,No,No,25,Yes,No,Fiber optic,Yes,No,No,Yes,No,No,Month-to-month,Yes,Electronic check,62.38,1613.67,Yes
C01347,Female,69.0,1,Yes,No,39,Yes,No,Fiber optic,No,No,Yes,No,Yes,No,One year,Yes,Mailed check,69.07,2695.84,No
C05125,Male,65.0,0,Yes,Yes,72,Yes,Yes,No,No internet service,No internet service,No internet service,No internet service,No internet service,No internet service,Two year,No,Credit card,37.66,2706.92,No
C05587,Female,57.0,0,No,Yes,33,Yes,No,Fiber optic,Yes,Yes,No,No,No,No,One year,No,Mailed check,65.07,2113.37,No
C03676,Male,54.0,0,Yes,No,59,No,No phone service,Fiber optic,No,No,No,Yes,No,No,Month-to-month,No,Bank transfer,54.12,3520.44,No
C02212,Male,34.0,0,Yes,Yes,5,No,No phone service,Fiber optic,No,No,No,No,Yes,No,Month-to-month,No,Electronic check,58.25,357.14,Yes
C01064,Female,59.0,0,No,No,26,Yes,Yes,DSL,No,No,Yes,Yes,No,Yes,One year,Yes,Bank transfer,70.53,1774.56,No
C04115,Female,48.0,0,No,No,29,Yes,Yes,Fiber optic,Yes,Yes,Yes,No,Yes,No,One year,Yes,Mailed check,83.84,2329.01,No
C01688,Male,35.0,0,No,No,19,Yes,No,Fiber optic,No,No,No,No,No,No,Month-to-month,No,Credit card,43.28,1044.5,No
C04813,Male,48.0,0,No,No,34,Yes,No,Fiber optic,No,No,Yes,No,No,Yes,One year,Yes,Electronic check,63.41,2053.38,No
C03141,Female,41.0,0,Yes,No,11,Yes,No,Fiber optic,Yes,No,No,Yes,No,Yes,Month-to-month,Yes,Electronic check,77.47,916.51,No
C06894,Female,54.0,0,No,No,34,Yes,No,Fiber optic,No,Yes,No,No,Yes,Yes,One year,Yes,Electronic check,69.37,2185.17,No
C05939,Female,37.0,0,No,No,61,Yes,No,DSL,Yes,No,Yes,No,No,No,Two year,No,Electronic check,45.93,2941.82,No
C07184,Male,39.0,0,No,No,29,Yes,Yes,Fiber optic,No,No,Yes,No,Yes,Yes,One year,Yes,Credit card,82.35,2575.55,No
C00976,Female,48.0,0,Yes,No,22,Yes,No,Fiber optic,Yes,Yes,No,No,No,No,Month-to-month,Yes,Electronic check,67.32,1475.27,Yes
C02552,Female,37.0,0,Yes,No,50,Yes,Yes,No,No internet service,No internet service,No internet service,No internet service,No internet service,No internet service,Month-to-month,No,Electronic check,27.62,1875.84,No
C04669,Female,58.0,0,No,No,46,Yes,No,DSL,No,No,No,Yes,Yes,No,One year,Yes,Electronic check,54.27,2586.5,No
C06484,Male,61.0,0,No,No,34,Yes,No,No,No internet service,No internet service,No internet service,No internet service,No internet service,No internet service,Month-to-month,Yes,Mailed check,31.44,1257.51,No
C00067,Female,60.0,0,No,No,39,Yes,No,Fiber optic,No,No,Yes,No,Yes,No,One year,Yes,Mailed check,73.89,2679.15,No
C04619,Female,46.0,0,No,No,42,No,No phone service,DSL,No,Yes,Yes,Yes,No,Yes,One year,No,Electronic check,56.97,2607.55,No
C00223,Male,26.0,0,No,No,12,Yes,Yes,No,No internet service,No internet service,No internet service,No internet service,No internet service,No internet service,Two year,Yes,Mailed check,38.56,532.21,No
C02131,Female,40.0,0,No,No,22,Yes,No,DSL,No,Yes,No,No,Yes,No,Month-to-month,Yes,Mailed check,48.8,1279.5,No
C04730,Male,64.0,0,No,No,43,Yes,No,DSL,No,No,No,No,No,No,Month-to-month,No,Mailed check,37.67,1829.92,No
C05726,Male,44.0,0,No,No,40,Yes,No,Fiber optic,Yes,No,No,No,No,Yes,One year,No,Electronic check,65.63,2933.5,No
C03859,Male,55.0,0,Yes,No,46,Yes,No,DSL,No,No,No,No,Yes,Yes,One year,No,Credit card,58.81,2401.27,No
C04052,Male,69.0,1,Yes,Yes,28,Yes,Yes,Fiber optic,No,No,No,No,Yes,No,Month-to-month,Yes,Electronic check,69.86,1991.16,No
C05000,Male,46.0,0,Yes,No,72,Yes,No,Fiber optic,Yes,No,No,No,No,No,Two year,Yes,Electronic check,54.64,3183.52,No
C05249,Male,45.0,0,Yes,Yes,11,Yes,No,Fiber optic,No,No,No,No,Yes,Yes,One year,No,Credit card,65.17,943.6,No
C02351,Female,68.0,1,No,No,31,Yes,Yes,Fiber optic,No,No,No,No,No,Yes,One year,Yes,Mailed check,69.98,2563.61,No
C01853,Male,52.0,0,Yes,No,28,Yes,No,Fiber optic,Yes,No,Yes,No,No,No,Month-to-month,No,Electronic check,62.39,1900.56,No
C06706,Male,39.0,0,No,No,51,Yes,Yes,DSL,No,No,Yes,No,No,No,One year,Yes,Mailed check,52.37,2821.45,No
C05201,Male,42.0,0,Yes,Yes,41,No,No phone service,Fiber optic,No,No,No,No,Yes,No,One year,Yes,Credit card,49.63,2403.09,No
C05807,Male,35.0,0,No,No,51,Yes,No,Fiber optic,No,Yes,Yes,Yes,No,No,Two year,Yes,Electronic check,70.62,3801.85,No
C05401,Male,42.0,0,No,Yes,29,Yes,No,DSL,No,Yes,No,Yes,No,Yes,One year,Yes,Electronic check,60.53,1667.85,Yes
C05297,Female,50.0,0,Yes,No,38,Yes,Yes,Fiber optic,No,No,No,No,No,Yes,One year,No,Mailed check,63.71,2820.47,Yes
C02803,Female,63.0,0,Yes,No,54,Yes,Yes,DSL,No,Yes,No,No,No,No,One year,Yes,Mailed check,56.59,3299.46,No
C05075,Female,48.0,0,Yes,No,24,Yes,No,Fiber optic,Yes,No,Yes,Yes,Yes,Yes,One year,No,Electronic check,79.88,1908.27,No
C03381,Male,30.0,0,No,Yes,28,Yes,No,DSL,No,No,No,No,No,No,One year,Yes,Bank transfer,28.47,833.51,No
C04659,Male,44.0,0,No,No,14,No,No phone service,Fiber optic,Yes,No,No,Yes,Yes,Yes,Month-to-month,Yes,Mailed check,76.19,952.78,No
C01948,Female,45.0,0,No,No,23,Yes,No,DSL,No,Yes,No,No,Yes,No,One year,Yes,Electronic check,54.83,1329.17,No
C00248,Male,57.0,0,No,Yes,49,Yes,No,No,No internet service,No internet service,No internet service,No internet service,No internet service,No internet service,Two year,Yes,Mailed check,23.05,1155.26,No
C01984,Male,46.0,0,Yes,No,43,Yes,Yes,DSL,No,No,No,No,No,Yes,Month-to-month,No,Mailed check,54.08,2112.36,No
C04547,Female,56.0,0,No,Yes,22,Yes,No,Fiber optic,No,Yes,No,No,Yes,Yes,Month-to-month,Yes,Credit card,77.5,1793.96,Yes
C02554,Male,36.0,0,No,Yes,44,Yes,No,Fiber optic,No,No,No,Yes,No,No,Two year,Yes,Bank transfer,60.79,2838.43,No
C04530,Female,31.0,0,No,No,45,Yes,No,DSL,No,Yes,No,No,Yes,Yes,Two year,No,Mailed check,59.88,2749.55,No
C02634,Female,35.0,0,Yes,Yes,15,Yes,Yes,DSL,No,No,No,No,Yes,No,Month-to-month,Yes,Credit card,57.08,1018.29,Yes
C05950,Female,18.0,0,No,No,67,Yes,No,Fiber optic,No,No,No,No,No,No,One year,No,Electronic check,51.61,3442.53,Yes
C05174,Female,54.0,0,No,No,57,Yes,Yes,Fiber optic,No,Yes,Yes,No,No,No,Month-to-month,No,Credit card,64.91,3908.44,Yes
C00284,Male,43.0,0,No,No,31,Yes,No,Fiber optic,Yes,No,Yes,No,No,Yes,Month-to-month,No,Electronic check,66.9,2185.17,No
C03453,Female,23.0,0,Yes,Yes,16,Yes,Yes,No,No internet service,No internet service,No internet service,No internet service,No internet service,No internet service,Month-to-month,No,Electronic check,29.27,450.05,No
C06961,Female,46.0,0,Yes,No,2,Yes,Yes,DSL,No,No,No,No,Yes,No,Month-to-month,Yes,Electronic check,43.22,127.39,Yes
C05909,Male,40.0,0,Yes,No,24,Yes,Yes,DSL,No,No,No,Yes,Yes,Yes,Month-to-month,No,Electronic check,64.94,1615.03,No
C00452,Male,57.0,0,No,Yes,36,Yes,No,No,No internet service,No internet service,No internet service,No internet service,No internet service,No internet service,Two year,No,Electronic check,26.11,1080.15,No
C01320,Female,38.0,0,Yes,No,26,Yes,Yes,DSL,No,Yes,Yes,No,Yes,No,Month-to-month,Yes,Electronic check,59.51,1617.93,No
C00768,Male,38.0,0,No,No,0,Yes,No,No,No internet service,No internet service,No internet service,No internet service,No internet service,No internet service,Month-to-month,Yes,Electronic check,29.48,160.25,Yes
C00193,Male,54.0,0,Yes,Yes,0,Yes,No,Fiber optic,No,Yes,Yes,No,Yes,No,Month-to-month,Yes,Mailed check,80.21,75.83,Yes
C01079,Male,39.0,0,No,No,48,No,No phone service,DSL,No,No,Yes,Yes,Yes,Yes,Two year,No,Credit card,59.3,2803.6,No
C05633,Female,62.0,0,Yes,No,18,Yes,No,No,No internet service,No internet service,No internet service,No internet service,No internet service,No internet service,Two year,Yes,Bank transfer,30.88,728.53,No
C04875,Male,39.0,0,No,Yes,7,Yes,No,DSL,No,No,No,No,Yes,No,One year,No,Electronic check,42.05,326.98,No
C07101,Male,37.0,0,No,No,45,No,No phone service,No,No internet service,No internet service,No internet service,No internet service,No internet service,No internet service,One year,Yes,Mailed check,18.0,955.56,No
C07179,Male,28.0,0,Yes,No,4,Yes,Yes,DSL,No,No,Yes,No,No,Yes,Month-to-month,No,Electronic check,57.14,288.57,No
C02309,Female,61.0,0,Yes,No,40,Yes,Yes,DSL,No,No,No,No,No,No,One year,No,Mailed check,43.68,1528.14,No
C05866,Male,38.0,0,No,Yes,0,Yes,Yes,Fiber optic,Yes,Yes,Yes,No,Yes,No,Month-to-month,No,Bank transfer,86.24,157.79,No
C03186,Female,38.0,0,No,No,10,Yes,No,Fiber optic,Yes,Yes,Yes,No,No,No,Two year,Yes,Credit card,68.72,815.05,No
C01190,Female,49.0,0,Yes,No,8,Yes,No,Fiber optic,Yes,No,No,No,Yes,No,Month-to-month,Yes,Credit card,66.35,693.12,Yes
C01377,Male,51.0,0,No,No,31,Yes,No,DSL,No,Yes,Yes,No,No,Yes,Month-to-month,Yes,Credit card,56.1,1926.28,No
C00383,Female,27.0,0,No,Yes,38,Yes,No,DSL,No,Yes,Yes,Yes,No,Yes,Month-to-month,Yes,Electronic check,60.12,2065.17,Yes
C00851,Female,43.0,0,No,No,72,Yes,No,Fiber optic,Yes,No,Yes,No,No,No,Two year,Yes,Credit card,66.85,5327.9,No
C02412,Male,67.0,1,Yes,No,37,Yes,No,Fiber optic,No,No,No,No,Yes,Yes,One year,Yes,Electronic check,75.73,2425.22,Yes
C02644,Female,19.0,0,Yes,No,0,Yes,No,Fiber optic,No,No,Yes,No,No,No,Month-to-month,No,Electronic check,59.47,100.44,Yes
C06189,Female,35.0,0,Yes,Yes,8,Yes,Yes,Fiber optic,Yes,Yes,Yes,Yes,Yes,Yes,Month-to-month,Yes,Bank transfer,92.63,887.03,No
C03017,Male,67.0,1,Yes,No,17,Yes,Yes,Fiber optic,Yes,No,No,No,No,Yes,Month-to-month,No,Electronic check,67.44,1145.63,Yes
C02939,Female,63.0,0,Yes,Yes,53,Yes,No,DSL,No,No,No,Yes,No,Yes,Month-to-month,No,Electronic check,45.23,2435.4,No
C03642,Male,38.0,0,No,Yes,23,Yes,Yes,DSL,No,Yes,Yes,No,No,Yes,One year,No,Credit card,50.38,1274.01,No
C05995,Male,34.0,0,Yes,Yes,10,Yes,Yes,Fiber optic,No,Yes,No,No,Yes,Yes,Month-to-month,Yes,Electronic check,79.66,952.94,Yes
C01986,Male,27.0,0,No,No,25,No,No phone service,No,No internet service,No internet service,No internet service,No internet service,No internet service,No internet service,Month-to-month,No,Electronic check,19.6,599.25,No
C01851,Male,51.0,0,No,No,31,Yes,Yes,DSL,No,Yes,Yes,No,No,No,One year,No,Credit card,50.28,1608.84,No
C05272,Male,36.0,0,No,No,32,Yes,No,Fiber optic,No,No,No,No,No,Yes,One year,No,Electronic check,61.01,2009.78,No
C05673,Female,42.0,0,Yes,No,14,Yes,No,DSL,No,Yes,No,No,No,Yes,Month-to-month,Yes,Electronic check,52.34,677.11,Yes
C06924,Female,43.0,0,No,No,20,Yes,Yes,Fiber optic,No,Yes,No,No,No,Yes,Month-to-month,Yes,Mailed check,71.37,1559.22,No
C01096,Male,39.0,0,No,No,0,Yes,Yes,No,No internet service,No internet service,No internet service,No internet service,No internet service,No internet service,Month-to-month,Yes,Bank transfer,31.01,20.5,No
C06450,Male,63.0,0,No,Yes,38,Yes,No,DSL,Yes,No,No,No,Yes,No,Month-to-month,Yes,Mailed check,40.82,1530.46,No
C03900,Male,39.0,0,No,No,22,No,No phone service,Fiber optic,No,Yes,No,No,No,Yes,Two year,No,Credit card,60.06,1440.19,No
C04212,Female,32.0,0,Yes,No,27,Yes,Yes,DSL,No,No,Yes,No,No,No,One year,Yes,Electronic check,55.3,1517.42,No
C02942,Female,34.0,0,No,No,68,Yes,Yes,Fiber optic,No,Yes,Yes,Yes,No,Yes,Two year,No,Electronic check,80.32,5720.05,Yes
C03537,Female,60.0,0,Yes,No,27,Yes,No,No,No internet service,No internet service,No internet service,No internet service,No internet service,No internet service,Month-to-month,No,Electronic check,33.64,885.74,No
C04558,Female,33.0,0,No,No,33,Yes,No,DSL,No,No,No,Yes,Yes,No,One year,No,Electronic check,53.37,2107.91,No
C02250,Male,37.0,0,No,Yes,56,Yes,No,Fiber optic,No,No,Yes,Yes,Yes,No,One year,Yes,Bank transfer,67.44,4159.54,No
C00036,Male,44.0,0,Yes,Yes,29,Yes,No,DSL,No,No,No,No,No,No,Month-to-month,Yes,Electronic check,46.0,1220.85,Yes
C03092,Male,45.0,0,No,No,6,No,No phone service,Fiber optic,Yes,No,Yes,No,No,No,Month-to-month,Yes,Credit card,56.48,389.35,Yes
C06798,Female,43.0,0,No,No,7,Yes,No,Fiber optic,No,No,Yes,No,No,No,Month-to-month,Yes,Electronic check,59.07,465.96,Yes
C00550,Male,43.0,0,Yes,No,48,Yes,No,Fiber optic,Yes,No,No,No,Yes,Yes,One year,No,Credit card,82.4,4284.74,No
C02020,Female,48.0,0,No,Yes,56,Yes,No,Fiber optic,Yes,Yes,No,No,Yes,No,Month-to-month,Yes,Credit card,73.67,3552.71,No
C06091,Male,33.0,0,No,No,35,Yes,Yes,DSL,Yes,No,No,Yes,Yes,Yes,One year,Yes,Bank transfer,72.54,2298.7,No
C05193,Male,49.0,0,Yes,No,58,Yes,Yes,Fiber optic,Yes,No,No,Yes,No,No,One year,Yes,Credit card,71.52,4014.67,No
C04505,Male,21.0,0,No,No,11,Yes,No,No,No internet service,No internet service,No internet service,No internet service,No internet service,No internet service,Month-to-month,No,Credit card,32.55,449.39,No
C03834,Female,32.0,0,No,No,25,Yes,Yes,Fiber optic,Yes,Yes,No,No,No,Yes,One year,Yes,Electronic check,74.09,1914.74,No
C04836,Female,48.0,0,No,No,26,No,No phone service,DSL,No,No,Yes,No,Yes,Yes,Month-to-month,Yes,Bank transfer,51.51,1470.3,No
C01406,Male,25.0,0,Yes,No,67,Yes,Yes,No,No internet service,No internet service,No internet service,No internet service,No internet service,No internet service,Two year,Yes,Electronic check,27.73,1916.46,No
C03149,Female,29.0,0,No,Yes,34,No,No phone service,No,No internet service,No internet service,No internet service,No internet service,No internet service,No internet service,Month-to-month,Yes,Mailed check,21.71,732.29,No
C06682,Male,42.0,0,Yes,No,28,Yes,No,Fiber optic,Yes,No,No,No,No,No,Month-to-month,Yes,Bank transfer,50.91,1608.79,No
C04988,Female,29.0,0,Yes,No,0,Yes,No,DSL,No,No,Yes,No,Yes,Yes,One year,Yes,Credit card,58.56,150.3,No
C00413,Male,42.0,0,Yes,No,53,No,No phone service,Fiber optic,No,No,No,No,Yes,No,Two year,No,Electronic check,46.73,2518.39,No
C05326,Female,36.0,0,No,No,45,Yes,No,No,No internet service,No internet service,No internet service,No internet service,No internet service,No internet service,Month-to-month,Yes,Bank transfer,36.08,1764.57,Yes
C01160,Female,27.0,0,No,No,72,Yes,Yes,Fiber optic,No,Yes,No,Yes,No,Yes,Two year,Yes,Electronic check,82.49,6944.26,No
C01191,Male,39.0,0,Yes,No,16,Yes,Yes,Fiber optic,No,No,Yes,No,Yes,No,Month-to-month,No,Mailed check,71.37,1250.3,Yes
C05656,Female,24.0,0,No,No,27,Yes,Yes,No,No internet service,No internet service,No internet service,No internet service,No internet service,No internet service,Month-to-month,Yes,Electronic check,39.8,1129.91,Yes
C06700,Female,58.0,0,Yes,No,72,Yes,Yes,No,No internet service,No internet service,No internet service,No internet service,No internet service,No internet service,Two year,No,Electronic check,26.63,1865.7,No
C01722,Male,18.0,0,No,No,10,Yes,Yes,Fiber optic,Yes,No,Yes,No,Yes,No,Month-to-month,Yes,Mailed check,81.51,857.12,No
C06884,Male,46.0,0,No,No,41,Yes,Yes,DSL,No,Yes,No,Yes,Yes,Yes,Month-to-month,No,Electronic check,75.36,3147.84,No
C03323,Male,44.0,0,No,Yes,33,Yes,Yes,Fiber optic,Yes,Yes,Yes,Yes,No,No,Month-to-month,Yes,Credit card,81.36,2891.55,Yes
C07068,Female,37.0,0,No,No,52,No,No phone service,DSL,Yes,Yes,No,No,No,No,Month-to-month,No,Electronic check,46.44,2563.57,No
C03737,Male,18.0,0,No,No,8,Yes,No,Fiber optic,No,No,Yes,No,No,No,Month-to-month,No,Electronic check,49.35,364.7,No
C03967,Female,51.0,0,Yes,No,27,Yes,No,No,No internet service,No internet service,No internet service,No internet service,No internet service,No internet service,Month-to-month,Yes,Electronic check,28.3,764.39,No
C01615,Female,38.0,0,No,No,0,No,No phone service,Fiber optic,No,Yes,Yes,No,No,No,Month-to-month,Yes,Mailed check,64.6,31.04,Yes
C02696,Male,47.0,0,Yes,No,29,Yes,Yes,No,No internet service,No internet service,No internet service,No internet service,No internet service,No internet service,One year,Yes,Electronic check,28.68,918.85,No
C03735,Male,46.0,0,Yes,No,37,Yes,No,Fiber optic,Yes,Yes,No,No,No,Yes,Month-to-month,No,Electronic check,71.79,2682.79,No
C00519,Male,58.0,0,Yes,Yes,0,Yes,No,No,No internet service,No internet service,No internet service,No internet service,No internet service,No internet service,Month-to-month,Yes,Electronic check,32.09,153.36,No
C02584,Male,18.0,0,Yes,No,52,Yes,No,DSL,No,Yes,No,No,Yes,No,One year,Yes,Bank transfer,52.25,2963.73,No
C04679,Female,53.0,0,Yes,No,0,Yes,No,DSL,No,No,No,No,No,No,Month-to-month,Yes,Mailed check,32.53,97.86,No
C02931,Male,61.0,0,No,No,38,Yes,No,Fiber optic,Yes,No,No,No,No,No,One year,Yes,Electronic check,59.39,2607.33,Yes
C02889,Female,35.0,0,No,No,14,Yes,Yes,DSL,Yes,Yes,Yes,No,No,No,Month-to-month,Yes,Credit card,60.33,831.94,No
C02997,Male,68.0,1,Yes,No,37,No,No phone service,No,No internet service,No internet service,No internet service,No internet service,No internet service,No internet service,One year,Yes,Mailed check,27.17,1142.76,No
C01476,Male,68.0,1,Yes,No,33,Yes,No,No,No internet service,No internet service,No internet service,No internet service,No internet service,No internet service,Month-to-month,Yes,Bank transfer,30.17,1105.08,No
C06020,Male,27.0,0,No,No,37,Yes,No,Fiber optic,No,No,No,No,Yes,No,Month-to-month,No,Mailed check,61.02,2087.11,No
C02280,Female,24.0,0,Yes,No,17,Yes,Yes,No,No internet service,No internet service,No internet service,No internet service,No internet service,No internet service,Month-to-month,Yes,Mailed check,32.12,647.26,No
C01680,Female,55.0,0,No,No,26,Yes,Yes,Fiber optic,Yes,No,No,No,No,Yes,Two year,Yes,Mailed check,68.48,1776.03,No
C01334,Male,36.0,0,No,No,21,Yes,No,DSL,No,Yes,Yes,No,No,No,Month-to-month,No,Credit card,51.11,1189.69,Yes
C01951,Male,69.0,1,No,No,49,Yes,No,Fiber optic,Yes,No,No,No,No,No,Two year,No,Electronic check,48.16,2208.98,No
C05553,Male,34.0,0,Yes,No,21,Yes,No,DSL,No,No,No,No,No,No,One year,No,Credit card,40.1,962.83,No
C01008,Female,29.0,0,No,No,32,No,No phone service,Fiber optic,No,No,No,No,Yes,No,Month-to-month,Yes,Electronic check,54.98,1723.68,No
C00236,Male,25.0,0,No,No,23,Yes,Yes,Fiber optic,No,No,No,No,Yes,No,Month-to-month,Yes,Electronic check,80.47,2098.61,Yes
C02283,Female,31.0,0,Yes,No,37,Yes,No,DSL,Yes,No,No,No,No,Yes,Month-to-month,No,Electronic check,54.07,1784.05,Yes
C00795,Male,19.0,0,Yes,No,31,Yes,Yes,No,No internet service,No internet service,No internet service,No internet service,No internet service,No internet service,Month-to-month,Yes,Electronic check,38.45,1451.2,No
C04941,Female,30.0,0,No,No,28,Yes,No,Fiber optic,No,No,No,No,Yes,No,Month-to-month,Yes,Bank transfer,59.55,1771.6,No
C01228,Male,55.0,0,Yes,No,53,Yes,No,Fiber optic,No,Yes,Yes,No,No,Yes,One year,Yes,Electronic check,63.3,3649.63,No
C05288,Female,50.0,0,No,No,64,Yes,No,DSL,No,No,No,Yes,Yes,Yes,Two year,Yes,Credit card,57.18,3939.68,No
C01800,Female,43.0,0,Yes,No,0,Yes,No,DSL,No,No,No,Yes,No,No,Month-to-month,Yes,Mailed check,43.27,116.45,No
C04319,Female,29.0,0,Yes,No,33,Yes,No,Fiber optic,No,No,Yes,No,No,No,Month-to-month,No,Bank transfer,58.06,2188.26,No
C04441,Female,42.0,0,No,No,26,Yes,No,Fiber optic,No,No,Yes,No,No,No,Month-to-month,Yes,Bank transfer,63.53,1675.8,Yes
C01438,Male,67.0,1,No,Yes,28,Yes,No,DSL,No,Yes,No,No,No,Yes,Month-to-month,No,Credit card,46.02,1451.56,Yes
C00215,Male,38.0,0,Yes,Yes,28,Yes,No,Fiber optic,No,No,Yes,No,Yes,Yes,One year,Yes,Electronic check,75.25,2293.51,No
C03835,Male,25.0,0,Yes,No,27,Yes,No,No,No internet service,No internet service,No internet service,No internet service,No internet service,No internet service,Month-to-month,No,Mailed check,19.82,726.81,No
C04426,Male,22.0,0,Yes,No,22,No,No phone service,Fiber optic,Yes,Yes,No,No,Yes,Yes,Month-to-month,Yes,Mailed check,80.0,1974.76,Yes
C01973,Female,54.0,0,No,No,51,Yes,Yes,DSL,No,No,No,Yes,Yes,No,Month-to-month,Yes,Bank transfer,63.61,3113.85,Yes
C04848,Female,56.0,0,Yes,No,12,Yes,No,No,No internet service,No internet service,No internet service,No internet service,No internet service,No internet service,Month-to-month,Yes,Credit card,19.89,300.71,No
C02621,Male,36.0,0,No,No,1,Yes,No,DSL,No,Yes,Yes,Yes,Yes,No,Month-to-month,Yes,Credit card,71.5,230.67,No
C02672,Female,18.0,0,Yes,No,4,Yes,No,DSL,No,No,No,No,Yes,Yes,Month-to-month,No,Credit card,43.49,228.83,No
C05372,Male,32.0,0,No,No,35,Yes,Yes,Fiber optic,No,No,Yes,No,No,No,Month-to-month,Yes,Mailed check,68.43,2852.05,No
C07118,Female,30.0,0,No,No,0,Yes,No,Fiber optic,No,No,No,Yes,Yes,No,Month-to-month,Yes,Credit card,66.06,71.63,Yes
C03372,Male,37.0,0,Yes,No,56,Yes,Yes,No,No internet service,No internet service,No internet service,No internet service,No internet service,No internet service,Two year,Yes,Mailed check,33.08,2137.62,No
C02326,Male,35.0,0,No,Yes,15,Yes,Yes,No,No internet service,No internet service,No internet service,No internet service,No internet service,No internet service,Month-to-month,No,Bank transfer,32.73,479.35,No
C03838,Male,52.0,0,No,No,55,Yes,Yes,DSL,Yes,No,No,Yes,Yes,No,Two year,No,Electronic check,54.665,3697.8,No
C00068,Male,46.0,0,No,No,0,No,No phone service,Fiber optic,No,Yes,No,No,No,No,Month-to-month,Yes,Credit card,55.81,155.11,No
C01496,Female,23.0,0,Yes,Yes,31,Yes,No,Fiber optic,Yes,Yes,No,Yes,Yes,No,Month-to-month,Yes,Credit card,89.9,2816.21,No
C06359,Female,47.0,0,No,Yes,27,Yes,Yes,Fiber optic,No,Yes,No,Yes,No,No,Two year,Yes,Credit card,80.08,2111.73,No
C02354,Female,59.0,0,Yes,Yes,6,Yes,No,Fiber optic,Yes,Yes,No,Yes,No,No,Month-to-month,No,Electronic check,69.57,478.28,No
C01888,Male,37.0,0,No,No,37,Yes,No,No,No internet service,No internet service,No internet service,No internet service,No internet service,No internet service,One year,Yes,Bank transfer,18.0,670.71,No
C04695,Male,45.0,0,No,No,32,Yes,Yes,DSL,No,Yes,No,No,No,No,One year,Yes,Credit card,54.7,1687.87,No
C04785,Male,40.0,0,Yes,No,1,Yes,No,DSL,No,No,No,No,No,No,One year,No,Electronic check,41.84,146.97,No
C04681,Female,69.0,1,No,Yes,54,No,No phone service,DSL,No,Yes,No,No,Yes,No,Month-to-month,No,Credit card,42.07,2407.89,No
C06980,Male,65.0,0,Yes,No,4,Yes,No,No,No internet service,No internet service,No internet service,No internet service,No internet service,No internet service,One year,Yes,Mailed check,30.53,197.01,No
C05088,Male,41.0,0,No,No,44,Yes,No,Fiber optic,No,No,No,Yes,Yes,No,One year,No,Bank transfer,66.46,2726.83,No
C06160,Male,35.0,0,No,No,9,Yes,Yes,DSL,No,Yes,Yes,Yes,Yes,Yes,Month-to-month,Yes,Electronic check,79.11,735.85,Yes
C02616,Male,46.0,0,No,Yes,16,Yes,Yes,No,No internet service,No internet service,No internet service,No internet service,No internet service,No internet service,Month-to-month,No,Electronic check,27.39,580.16,No
C01085,Male,23.0,0,No,No,57,Yes,Yes,Fiber optic,No,No,Yes,Yes,No,Yes,One year,Yes,Bank transfer,86.94,5380.61,No
C00442,Female,46.0,0,Yes,Yes,4,Yes,Yes,DSL,Yes,No,Yes,No,No,Yes,Month-to-month,No,Credit card,63.44,341.73,No
C03139,Male,41.0,0,No,No,39,Yes,Yes,No,No internet service,No internet service,No internet service,No internet service,No internet service,No internet service,One year,Yes,Mailed check,36.47,1358.19,No
C04064,Female,18.0,0,No,No,32,Yes,No,Fiber optic,No,No,No,No,Yes,No,One year,No,Credit card,58.37,2056.55,No
C00533,Female,60.0,0,Yes,Yes,28,Yes,No,DSL,No,No,No,No,Yes,Yes,One year,Yes,Electronic check,49.09,1569.83,No
C06699,Female,80.0,1,Yes,Yes,32,Yes,No,DSL,No,Yes,No,Yes,No,Yes,Two year,No,Mailed check,57.8,2213.96,No
C02512,Male,38.0,0,No,Yes,19,Yes,Yes,Fiber optic,No,No,No,No,No,Yes,Month-to-month,Yes,Electronic check,77.74,1419.04,No
C02361,Male,39.0,0,Yes,No,1,Yes,No,No,No internet service,No internet service,No internet service,No internet service,No internet service,No internet service,One year,Yes,Mailed check,24.52,74.47,No
C02611,Male,19.0,0,No,No,55,Yes,No,No,No internet service,No internet service,No internet service,No internet service,No internet service,No internet service,One year,Yes,Electronic check,26.93,1482.13,No
C04958,Male,27.0,0,No,No,20,Yes,No,DSL,No,No,No,No,No,No,Month-to-month,Yes,Credit card,35.98,997.71,Yes
C02914,Male,38.0,0,Yes,No,17,Yes,Yes,Fiber optic,No,Yes,No,No,No,Yes,One year,Yes,Credit card,82.77,1518.77,No
C01067,Female,39.0,0,No,No,2,Yes,Yes,DSL,No,Yes,Yes,No,Yes,No,Month-to-month,Yes,Bank transfer,67.25,160.33,Yes
C02268,Male,52.0,0,No,No,6,Yes,Yes,DSL,Yes,No,No,No,No,No,Month-to-month,Yes,Electronic check,48.83,395.68,No
C02682,Female,25.0,0,No,No,38,No,No phone service,Fiber optic,No,No,Yes,Yes,No,No,Month-to-month,Yes,Electronic check,48.03,1823.36,No
C01333,Male,54.0,0,Yes,No,11,Yes,No,Fiber optic,No,No,No,No,No,No,One year,Yes,Bank transfer,51.85,553.71,No
C06104,Female,40.0,0,No,No,14,Yes,No,Fiber optic,No,Yes,Yes,No,Yes,Yes,Month-to-month,No,Bank transfer,91.08,1333.54,Yes
C06550,Female,33.0,0,No,No,0,Yes,Yes,DSL,No,Yes,Yes,No,No,No,Month-to-month,Yes,Bank transfer,59.1,97.91,No
C03829,Male,30.0,0,Yes,No,51,Yes,Yes,Fiber optic,Yes,No,Yes,Yes,No,No,Month-to-month,Yes,Credit card,77.93,4032.21,Yes
C05425,Female,20.0,0,No,No,16,Yes,No,Fiber optic,No,No,No,Yes,No,Yes,Month-to-month,No,Credit card,68.46,1217.98,No
C01504,Male,40.0,0,Yes,No,54,Yes,Yes,No,No internet service,No internet service,No internet service,No internet service,No internet service,No internet service,One year,Yes,Mailed check,37.22,2175.49,No
C05780,Female,47.0,0,Yes,No,0,Yes,Yes,Fiber optic,No,No,Yes,No,No,No,Month-to-month,No,Electronic check,66.67,36.13,Yes
C02230,Male,55.0,0,Yes,Yes,37,Yes,Yes,Fiber optic,No,Yes,No,No,No,Yes,One year,No,Credit card,63.34,2461.56,No
C02336,Female,39.0,0,Yes,No,51,Yes,No,Fiber optic,No,No,Yes,No,No,No,Two year,No,Electronic check,57.7,2662.22,No
C06337,Female,35.0,0,No,No,0,Yes,No,DSL,No,No,Yes,No,No,No,Month-to-month,No,Bank transfer,45.45,159.5,No
C05396,Male,18.0,0,No,No,50,Yes,Yes,DSL,No,Yes,No,No,No,No,Month-to-month,Yes,Mailed check,54.91,3083.05,No
C05705,Female,58.0,0,Yes,No,41,Yes,Yes,DSL,No,No,No,No,No,No,Month-to-month,No,Bank transfer,38.31,1713.15,No
C00728,Female,54.0,0,No,No,57,No,No phone service,DSL,No,Yes,Yes,Yes,Yes,No,One year,No,Mailed check,54.665,2727.53,No
C02947,Male,45.0,0,No,No,37,Yes,Yes,DSL,No,No,Yes,No,No,No,Month-to-month,No,Credit card,35.57,1247.04,Yes
C01376,Female,42.0,0,No,No,33,Yes,Yes,DSL,No,Yes,No,Yes,Yes,No,One year,No,Electronic check,71.79,2376.15,No
C05608,Male,62.0,0,Yes,Yes,28,Yes,No,Fiber optic,Yes,No,No,No,No,No,Month-to-month,No,Mailed check,55.75,1699.23,Yes
C06684,Female,45.0,0,No,No,69,Yes,No,No,No internet service,No internet service,No internet service,No internet service,No internet service,No internet service,Two year,No,Electronic check,19.26,1401.2,No
C04221,Male,72.0,1,Yes,Yes,38,Yes,Yes,DSL,Yes,Yes,Yes,No,Yes,No,One year,Yes,Credit card,69.07,2640.11,No
C02376,Male,43.0,0,No,No,51,Yes,No,Fiber optic,No,Yes,Yes,No,Yes,Yes,Month-to-month,Yes,Electronic check,82.77,4294.72,No
C02281,Female,33.0,0,No,No,28,Yes,No,Fiber optic,No,Yes,Yes,No,No,Yes,Month-to-month,Yes,Bank transfer,74.16,2184.89,No
C07250,Male,32.0,0,No,No,23,Yes,No,Fiber optic,Yes,No,Yes,No,No,No,Month-to-month,Yes,Credit card,69.47,1957.07,Yes
C01344,Female,54.0,0,No,No,18,Yes,No,No,No internet service,No internet service,No internet service,No internet service,No internet service,No internet service,Month-to-month,Yes,Bank transfer,34.57,679.68,No
C00653,Male,47.0,0,Yes,No,29,Yes,No,Fiber optic,Yes,No,No,No,Yes,Yes,Month-to-month,Yes,Credit card,80.6,2566.96,Yes
C06785,Male,28.0,0,No,No,24,Yes,Yes,Fiber optic,No,Yes,Yes,No,Yes,No,One year,No,Bank transfer,69.6,1731.32,No
C01597,Male,27.0,0,No,No,33,Yes,No,Fiber optic,No,No,No,Yes,Yes,Yes,Month-to-month,Yes,Credit card,74.59,2102.85,Yes
C02838,Male,33.0,0,No,Yes,29,Yes,Yes,Fiber optic,No,No,No,No,No,Yes,Month-to-month,No,Electronic check,56.54,1580.81,Yes
C05588,Female,50.0,0,No,No,51,Yes,Yes,Fiber optic,Yes,No,No,Yes,No,No,Two year,Yes,Mailed check,71.12,3768.39,No
C02760,Male,56.0,0,No,No,29,Yes,Yes,DSL,No,No,No,No,No,No,Month-to-month,Yes,Electronic check,52.96,1716.75,No
C01277,Male,38.0,0,Yes,No,14,Yes,No,DSL,Yes,Yes,Yes,No,Yes,No,Month-to-month,Yes,Electronic check,62.99,900.3,No
C06057,Female,45.0,0,Yes,Yes,57,Yes,No,Fiber optic,No,Yes,Yes,No,No,No,Two year,No,Bank transfer,62.86,3603.12,No
C01012,Female,39.0,0,No,No,57,Yes,No,No,No internet service,No internet service,No internet service,No internet service,No internet service,No internet service,One year,No,Credit card,25.67,1576.52,No
C06623,Male,36.0,0,No,No,36,Yes,Yes,DSL,No,No,No,No,Yes,Yes,One year,No,Bank transfer,44.7,1775.78,No
C07027,Male,30.0,0,No,No,55,Yes,Yes,DSL,No,Yes,No,No,Yes,No,Two year,Yes,Bank transfer,59.07,3146.63,No
C04195,Male,23.0,0,No,No,4,No,No phone service,Fiber optic,Yes,No,No,No,No,No,Month-to-month,No,Electronic check,50.82,348.68,Yes
C01148,Male,32.0,0,No,No,22,Yes,Yes,Fiber optic,Yes,Yes,Yes,Yes,Yes,No,Month-to-month,No,Electronic check,91.32,2174.98,Yes
C06272,Male,49.0,0,No,No,13,Yes,No,No,No internet service,No internet service,No internet service,No internet service,No internet service,No internet service,Month-to-month,No,Electronic check,26.86,386.18,Yes
C00466,Male,59.0,0,Yes,Yes,18,No,No phone service,DSL,Yes,No,Yes,No,Yes,Yes,One year,No,Mailed check,54.82,938.16,No
C03346,Female,22.0,0,No,No,15,Yes,No,No,No internet service,No internet service,No internet service,No internet service,No internet service,No internet service,Month-to-month,Yes,Credit card,26.81,439.5,Yes
C01976,Female,42.0,0,No,No,13,Yes,Yes,Fiber optic,No,Yes,Yes,Yes,Yes,No,Month-to-month,No,Credit card,80.65,1272.95,No
C00754,Male,36.0,0,Yes,No,21,Yes,Yes,Fiber optic,No,Yes,Yes,No,No,Yes,Month-to-month,Yes,Credit card,75.46,1775.74,Yes
C05419,Female,69.0,1,Yes,No,0,Yes,Yes,No,No internet service,No internet service,No internet service,No internet service,No internet service,No internet service,Month-to-month,No,Bank transfer,38.1,71.3,Yes
C04394,Male,66.0,1,No,No,28,Yes,No,Fiber optic,Yes,Yes,No,No,Yes,Yes,One year,No,Mailed check,69.32499999999999,2312.5,No
C06730,Male,31.0,0,No,Yes,33,Yes,No,No,No internet service,No internet service,No internet service,No internet service,No internet service,No internet service,One year,Yes,Mailed check,18.0,614.45,No
C06007,Female,50.0,0,No,Yes,15,Yes,Yes,Fiber optic,No,Yes,Yes,No,Yes,No,One year,Yes,Bank transfer,66.42,1328.1,No
C01471,Female,51.0,0,No,No,15,Yes,Yes,No,No internet service,No internet service,No internet service,No internet service,No internet service,No internet service,Month-to-month,No,Mailed check,18.98,414.0,No
C07230,Male,37.0,0,No,No,57,Yes,No,Fiber optic,No,No,No,Yes,No,No,Month-to-month,No,Mailed check,62.62,3311.37,No
C00221,Female,69.0,1,Yes,No,29,Yes,Yes,DSL,Yes,Yes,Yes,No,No,No,Month-to-month,Yes,Electronic check,62.68,1447.16,No
C00097,Female,42.0,0,Yes,No,40,Yes,Yes,DSL,No,Yes,Yes,Yes,No,Yes,One year,Yes,Credit card,77.91,2927.68,No
C05144,Male,51.0,0,Yes,No,40,Yes,Yes,Fiber optic,No,No,No,No,Yes,Yes,Month-to-month,No,Credit card,71.95,3008.72,No
C06276,Female,75.0,1,Yes,No,64,Yes,No,DSL,Yes,Yes,Yes,No,No,No,One year,Yes,Bank transfer,60.15,3931.01,No
C00183,Female,41.0,0,No,No,29,Yes,No,DSL,No,Yes,Yes,No,No,No,Two year,Yes,Electronic check,48.66,1526.41,No
C01693,Female,51.0,0,Yes,No,30,Yes,No,Fiber optic,Yes,Yes,No,No,No,No,Month-to-month,No,Credit card,61.34,1812.23,No
C00522,Male,39.0,0,No,Yes,32,Yes,Yes,No,No internet service,No internet service,No internet service,No internet service,No internet service,No internet service,Month-to-month,Yes,Bank transfer,37.29,1149.71,No
C01056,Male,18.0,0,No,Yes,27,Yes,No,Fiber optic,No,Yes,No,Yes,Yes,Yes,Two year,Yes,Bank transfer,87.16,2047.03,No
C00170,Male,60.0,0,Yes,No,53,Yes,Yes,Fiber optic,No,Yes,No,No,Yes,No,One year,No,Bank transfer,69.32499999999999,4132.17,Yes
C03496,Male,40.0,0,No,No,22,Yes,No,DSL,Yes,Yes,No,No,Yes,No,Month-to-month,No,Credit card,46.83,1179.73,Yes
C07114,Male,43.0,0,Yes,No,30,Yes,No,DSL,No,Yes,No,No,Yes,Yes,Month-to-month,No,Credit card,46.22,1395.68,Yes
C01410,Female,30.0,0,No,Yes,8,Yes,No,DSL,No,Yes,No,Yes,No,Yes,Two year,No,Bank transfer,51.25,542.99,No
C06805,Male,45.0,0,No,No,42,Yes,Yes,No,No internet service,No internet service,No internet service,No internet service,No internet service,No internet service,Month-to-month,Yes,Electronic check,24.32,956.68,No
C02234,Female,23.0,0,No,No,0,Yes,Yes,DSL,No,No,No,No,No,No,Month-to-month,No,Bank transfer,43.31,53.13,No
C05473,Female,25.0,0,No,No,1,Yes,No,No,No internet service,No internet service,No internet service,No internet service,No internet service,No internet service,Month-to-month,Yes,Electronic check,22.07,18.32,No
C06021,Male,49.0,0,No,No,0,Yes,Yes,Fiber optic,No,No,No,No,No,Yes,Month-to-month,Yes,Credit card,68.6,158.95,Yes
C01266,Male,42.0,0,No,No,72,Yes,Yes,DSL,No,Yes,Yes,No,No,Yes,Two year,No,Credit card,61.56,5067.0,No
C02654,Female,49.0,0,Yes,No,24,Yes,Yes,Fiber optic,No,Yes,No,No,Yes,Yes,Two year,No,Credit card,86.26,1890.27,Yes
C02648,Male,21.0,0,No,No,18,Yes,Yes,Fiber optic,No,No,Yes,No,No,No,Month-to-month,Yes,Bank transfer,60.92,1138.21,No
C06332,Female,46.0,0,Yes,No,50,Yes,Yes,DSL,No,No,Yes,Yes,Yes,Yes,One year,Yes,Mailed check,68.78,3416.65,No
C03564,Male,45.0,0,No,No,24,Yes,Yes,Fiber optic,Yes,No,Yes,No,Yes,No,Month-to-month,No,Credit card,79.12,2008.87,No
C02893,Female,32.0,0,Yes,No,44,Yes,Yes,No,No internet service,No internet service,No internet service,No internet service,No internet service,No internet service,Two year,Yes,Electronic check,36.45,1720.29,No
C00913,Female,30.0,0,No,No,11,Yes,No,DSL,Yes,No,Yes,No,Yes,Yes,Month-to-month,Yes,Bank transfer,67.43,938.94,Yes
C01887,Female,35.0,0,Yes,No,27,Yes,No,Fiber optic,No,Yes,No,No,No,No,Month-to-month,Yes,Bank transfer,59.41,1724.58,Yes
C05712,Female,45.0,0,Yes,Yes,7,Yes,No,Fiber optic,No,Yes,No,No,No,Yes,Month-to-month,Yes,Mailed check,58.99,551.78,No
C03426,Female,28.0,0,No,No,60,Yes,Yes,Fiber optic,No,No,No,No,No,Yes,Two year,Yes,Electronic check,65.65,3848.64,No
C01559,Female,33.0,0,Yes,Yes,12,Yes,No,Fiber optic,Yes,Yes,Yes,No,Yes,No,One year,Yes,Credit card,75.12,1023.28,No
C03732,Female,42.0,0,No,No,16,Yes,No,DSL,No,Yes,Yes,No,No,No,Month-to-month,No,Bank transfer,50.73,710.66,No
C04777,Female,54.0,0,Yes,No,25,Yes,No,No,No internet service,No internet service,No internet service,No internet service,No internet service,No internet service,Month-to-month,Yes,Electronic check,24.79,815.75,No
C01363,Female,68.0,1,Yes,Yes,36,Yes,No,Fiber optic,No,No,Yes,No,No,No,Month-to-month,Yes,Credit card,60.62,2009.5,Yes
C01659,Female,51.0,0,No,No,16,Yes,No,Fiber optic,No,No,No,No,Yes,No,Month-to-month,Yes,Credit card,62.51,1009.85,Yes
C06077,Male,45.0,0,No,Yes,6,Yes,No,DSL,No,Yes,No,No,Yes,Yes,One year,Yes,Mailed check,67.73,494.11,No
C01827,Female,40.0,0,No,No,20,Yes,Yes,DSL,Yes,No,No,No,No,No,Two year,No,Mailed check,46.13,1003.99,No
C01050,Male,44.0,0,No,No,51,No,No phone service,DSL,Yes,No,Yes,No,Yes,No,One year,Yes,Bank transfer,54.79,3248.89,No
C05357,Male,32.0,0,No,Yes,53,Yes,No,DSL,No,Yes,Yes,Yes,No,No,One year,Yes,Bank transfer,53.31,2717.18,No
C03112,Female,28.0,0,No,No,0,Yes,Yes,Fiber optic,Yes,No,No,Yes,Yes,No,Month-to-month,No,Credit card,72.74,74.48,Yes
C02290,Male,32.0,0,No,No,32,Yes,No,No,No internet service,No internet service,No internet service,No internet service,No internet service,No internet service,Month-to-month,Yes,Mailed check,32.09,1077.97,No
C02006,Male,38.0,0,Yes,No,43,Yes,No,Fiber optic,No,No,Yes,Yes,No,Yes,Month-to-month,No,Mailed check,72.55,3491.36,No
C01683,Female,49.0,0,Yes,Yes,7,Yes,Yes,DSL,No,Yes,Yes,No,Yes,No,Month-to-month,Yes,Electronic check,73.72,621.07,Yes
C01963,Female,32.0,0,No,No,46,Yes,No,No,No internet service,No internet service,No internet service,No internet service,No internet service,No internet service,Month-to-month,No,Electronic check,18.0,962.53,No
C03894,Male,32.0,0,No,No,31,Yes,No,Fiber optic,No,No,No,Yes,Yes,Yes,Two year,No,Bank transfer,69.55,2539.89,No
C05067,Female,42.0,0,No,No,18,Yes,No,Fiber optic,Yes,Yes,Yes,No,Yes,Yes,Month-to-month,Yes,Bank transfer,90.4,1630.67,Yes
C06064,Male,34.0,0,No,No,2,Yes,Yes,DSL,No,Yes,No,No,Yes,Yes,Month-to-month,No,Electronic check,70.17,239.96,No
C00715,Male,33.0,0,No,No,40,Yes,No,Fiber optic,No,No,Yes,Yes,No,Yes,Two year,Yes,Bank transfer,78.35,2930.42,No
C07191,Female,57.0,0,Yes,No,18,Yes,No,DSL,Yes,No,Yes,No,No,No,Month-to-month,Yes,Electronic check,49.62,846.18,Yes
C06428,Male,58.0,0,Yes,No,51,Yes,Yes,Fiber optic,Yes,Yes,Yes,No,Yes,No,Month-to-month,No,Mailed check,81.93,3669.96,No
C04670,Male,56.0,0,No,No,14,Yes,Yes,DSL,Yes,No,No,Yes,Yes,No,Month-to-month,Yes,Bank transfer,63.62,1082.66,No
C03096,Male,53.0,0,No,No,49,Yes,No,Fiber optic,No,No,No,No,Yes,No,Month-to-month,Yes,Bank transfer,67.8,3222.17,Yes
C02360,Female,45.0,0,No,No,46,Yes,No,Fiber optic,No,No,No,Yes,Yes,Yes,Month-to-month,Yes,Mailed check,75.12,3559.18,Yes
C04162,Male,52.0,0,Yes,No,41,Yes,Yes,Fiber optic,Yes,No,No,No,Yes,No,Month-to-month,Yes,Electronic check,74.48,3091.33,No
C05007,Female,55.0,0,No,No,20,Yes,No,No,No internet service,No internet service,No internet service,No internet service,No internet service,No internet service,Month-to-month,No,Electronic check,20.55,1283.4850000000001,No
C01128,Male,18.0,0,No,No,35,Yes,No,No,No internet service,No internet service,No internet service,No internet service,No internet service,No internet service,One year,No,Bank transfer,29.43,1174.14,No
C05789,Male,42.0,0,No,Yes,11,Yes,No,Fiber optic,Yes,Yes,No,No,No,No,Month-to-month,Yes,Mailed check,70.91,878.79,No
C06659,Male,53.0,0,Yes,No,60,Yes,Yes,DSL,Yes,No,No,No,No,Yes,One year,Yes,Mailed check,45.84,3279.25,No
C07035,Female,30.0,0,No,No,35,Yes,No,DSL,Yes,Yes,No,No,No,No,Two year,Yes,Mailed check,48.23,1968.67,No
C06530,Female,44.0,0,No,No,0,Yes,No,No,No internet service,No internet service,No internet service,No internet service,No internet service,No internet service,Month-to-month,Yes,Electronic check,20.86,57.85,No
C04417,Male,39.0,0,No,No,25,No,No phone service,DSL,No,Yes,Yes,No,Yes,Yes,Month-to-month,Yes,Mailed check,60.89,1682.07,Yes
C02843,Male,56.0,0,Yes,Yes,32,Yes,Yes,Fiber optic,No,No,Yes,No,No,No,Two year,Yes,Electronic check,71.41,2530.8,No
C02097,Male,50.0,0,No,No,59,Yes,No,DSL,No,No,No,Yes,No,No,Two year,Yes,Electronic check,44.17,2498.42,No
C03619,Male,50.0,0,No,No,56,Yes,No,Fiber optic,No,Yes,Yes,No,No,No,One year,Yes,Bank transfer,66.75,4188.25,No
C04545,Male,25.0,0,No,No,57,Yes,No,Fiber optic,No,No,No,Yes,Yes,No,Two year,Yes,Mailed check,68.18,4204.76,No
C00281,Female,55.0,0,Yes,Yes,42,Yes,Yes,DSL,No,No,Yes,No,Yes,No,Two year,No,Mailed check,61.55,2689.01,No
C01134,Male,46.0,0,No,No,21,Yes,No,Fiber optic,No,No,No,No,Yes,No,Month-to-month,Yes,Electronic check,69.65,1639.52,Yes
C04770,Female,65.0,0,Yes,No,53,Yes,No,No,No internet service,No internet service,No internet service,No internet service,No internet service,No internet service,One year,Yes,Bank transfer,28.13,1638.59,No
C03363,Male,34.0,0,No,No,0,Yes,No,Fiber optic,No,Yes,Yes,No,No,Yes,Month-to-month,No,Bank transfer,73.99,122.31,Yes
C04814,Female,27.0,0,Yes,No,0,Yes,Yes,Fiber optic,No,No,No,No,Yes,Yes,Month-to-month,No,Electronic check,72.47,153.27,Yes
C03971,Male,18.0,0,No,No,34,Yes,Yes,Fiber optic,Yes,Yes,Yes,Yes,No,Yes,Month-to-month,No,Mailed check,83.24,2790.24,No
C03043,Male,43.0,0,No,Yes,42,Yes,Yes,DSL,No,No,No,Yes,Yes,No,Two year,Yes,Electronic check,58.83,2517.96,No
C00081,Male,52.0,0,Yes,Yes,9,Yes,Yes,DSL,No,Yes,No,No,Yes,Yes,Month-to-month,Yes,Electronic check,69.16,829.11,No
C04868,Female,66.0,1,No,No,30,Yes,No,DSL,Yes,No,No,No,Yes,No,Two year,Yes,Electronic check,58.33,1813.23,No
C06126,Male,37.0,0,Yes,No,72,No,No phone service,Fiber optic,No,Yes,No,Yes,No,Yes,Two year,Yes,Mailed check,65.53,4422.12,No
C05514,Male,70.0,1,No,No,6,Yes,Yes,No,No internet service,No internet service,No internet service,No internet service,No internet service,No internet service,Month-to-month,Yes,Bank transfer,25.07,286.96,No
C05718,Male,34.0,0,No,No,62,No,No phone service,No,No internet service,No internet service,No internet service,No internet service,No internet service,No internet service,Two year,Yes,Bank transfer,26.69,1610.86,No
C02113,Female,33.0,0,No,No,0,No,No phone service,DSL,Yes,No,Yes,No,Yes,Yes,Month-to-month,No,Electronic check,65.42,11.89,Yes
C06526,Male,32.0,0,Yes,No,15,Yes,No,DSL,No,Yes,No,No,No,No,Month-to-month,Yes,Mailed check,51.25,887.19,No
C02591,Female,42.0,0,No,No,26,Yes,No,DSL,Yes,No,No,No,No,No,Month-to-month,Yes,Mailed check,43.6,1224.89,No
C04837,Male,41.0,0,No,No,5,Yes,No,Fiber optic,No,No,Yes,No,No,No,Month-to-month,No,Electronic check,54.11,374.29,Yes
C01629,Female,45.0,0,No,Yes,38,Yes,No,DSL,No,Yes,Yes,No,Yes,No,One year,Yes,Mailed check,50.81,1881.3,No
C05370,Female,71.0,1,Yes,No,26,Yes,Yes,DSL,Yes,Yes,No,No,No,Yes,One year,Yes,Mailed check,59.87,1539.15,No
C04137,Male,73.0,1,Yes,Yes,23,Yes,Yes,Fiber optic,Yes,No,No,Yes,No,Yes,Month-to-month,Yes,Mailed check,73.8,1861.84,Yes
C06218,Male,48.0,0,Yes,No,28,Yes,Yes,Fiber optic,No,No,No,No,No,Yes,One year,Yes,Mailed check,53.2,1332.31,Yes
C00018,Female,56.0,0,Yes,No,55,No,No phone service,Fiber optic,No,No,No,Yes,No,No,Two year,Yes,Credit card,53.97,2982.9,No
C05348,Male,44.0,0,No,Yes,31,Yes,Yes,Fiber optic,Yes,No,Yes,Yes,No,Yes,Two year,No,Bank transfer,78.39,2624.03,No
C00338,Female,40.0,0,Yes,No,3,No,No phone service,Fiber optic,Yes,No,No,No,No,Yes,Month-to-month,Yes,Bank transfer,57.45,208.82,Yes
C04688,Male,68.0,1,Yes,Yes,55,No,No phone service,DSL,No,No,No,No,No,Yes,One year,Yes,Bank transfer,41.92,2413.04,No
C03145,Male,45.0,0,Yes,No,8,Yes,No,DSL,Yes,No,No,No,Yes,No,Two year,Yes,Credit card,48.31,377.17,Yes
C00386,Female,49.0,0,No,Yes,35,Yes,Yes,Fiber optic,No,Yes,Yes,Yes,No,No,Month-to-month,Yes,Mailed check,74.44,2370.01,Yes
C04409,Male,23.0,0,Yes,No,42,No,No phone service,Fiber optic,No,No,Yes,Yes,No,No,Two year,Yes,Credit card,58.62,2465.65,No
C05440,Male,38.0,0,No,Yes,24,No,No phone service,DSL,Yes,Yes,Yes,Yes,No,Yes,Month-to-month,No,Credit card,66.69,1725.6,No
C02167,Male,28.0,0,No,No,47,Yes,Yes,No,No internet service,No internet service,No internet service,No internet service,No internet service,No internet service,Two year,Yes,Mailed check,39.54,2164.1,No
C06820,Female,66.0,1,Yes,Yes,28,Yes,Yes,DSL,Yes,No,Yes,Yes,No,No,One year,No,Bank transfer,58.15,1679.26,No
C01596,Male,80.0,1,No,No,12,Yes,Yes,Fiber optic,No,Yes,Yes,No,Yes,No,Month-to-month,No,Electronic check,71.72,922.74,No
C06051,Female,58.0,0,Yes,Yes,13,Yes,No,Fiber optic,No,Yes,No,No,No,No,One year,Yes,Credit card,63.09,932.95,No
C00615,Male,53.0,0,No,No,25,Yes,Yes,DSL,Yes,No,Yes,No,No,Yes,One year,No,Mailed check,57.19,1714.81,No
C07078,Female,70.0,1,No,Yes,29,Yes,No,Fiber optic,No,No,Yes,No,Yes,No,Month-to-month,Yes,Bank transfer,68.51,1957.86,No
C02572,Female,35.0,0,No,No,11,Yes,No,Fiber optic,Yes,Yes,No,No,Yes,No,Month-to-month,Yes,Electronic check,69.38,829.13,Yes
C00406,Female,60.0,0,Yes,Yes,46,Yes,No,Fiber optic,No,No,No,No,No,No,One year,Yes,Electronic check,55.13,2372.33,Yes
C03386,Female,41.0,0,No,Yes,18,No,No phone service,DSL,No,No,No,Yes,No,No,Month-to-month,No,Electronic check,48.87,1093.33,No
C01824,Male,47.0,0,Yes,Yes,45,Yes,Yes,Fiber optic,No,Yes,Yes,Yes,No,Yes,One year,Yes,Mailed check,85.87,3631.34,No
C01598,Male,19.0,0,No,No,31,Yes,Yes,DSL,No,Yes,No,No,No,No,Month-to-month,Yes,Electronic check,54.34,2042.96,No
C01647,Male,57.0,0,Yes,No,72,Yes,Yes,Fiber optic,No,Yes,Yes,No,Yes,No,One year,Yes,Mailed check,76.04,5233.25,No
C06662,Female,40.0,0,Yes,No,44,Yes,Yes,Fiber optic,Yes,No,No,No,No,Yes,Month-to-month,No,Electronic check,69.97,3397.07,No
C01174,Female,34.0,0,No,No,61,Yes,No,No,No internet service,No internet service,No internet service,No internet service,No internet service,No internet service,Two year,No,Electronic check,25.2,1564.81,Yes
C05161,Male,76.0,1,Yes,Yes,27,Yes,Yes,DSL,No,No,Yes,Yes,No,No,One year,No,Electronic check,55.79,1652.67,No
C04270,Male,42.0,0,Yes,No,67,Yes,Yes,DSL,No,No,Yes,No,Yes,No,Two year,No,Electronic check,63.88,4608.71,No
C06872,Female,44.0,0,Yes,No,15,Yes,No,DSL,No,No,Yes,Yes,Yes,No,Month-to-month,No,Bank transfer,59.34,955.08,No
C05834,Female,49.0,0,Yes,No,34,Yes,Yes,Fiber optic,No,No,Yes,Yes,No,Yes,Month-to-month,No,Electronic check,87.96,2896.5,Yes
C02304,Female,27.0,0,No,No,60,Yes,No,DSL,Yes,No,No,No,No,No,Two year,Yes,Bank transfer,49.47,2923.79,No
C03133,Female,25.0,0,No,No,39,Yes,No,Fiber optic,No,No,No,No,Yes,No,One year,No,Credit card,59.25,2424.73,No
C02055,Male,35.0,0,No,No,0,Yes,Yes,Fiber optic,No,No,No,No,No,Yes,Month-to-month,Yes,Electronic check,69.02,98.03,No
C02895,Male,38.0,0,No,No,5,Yes,No,DSL,No,No,No,Yes,No,No,Month-to-month,Yes,Electronic check,34.04,305.84,No
C00416,Male,68.0,1,No,Yes,27,Yes,Yes,Fiber optic,No,No,Yes,Yes,Yes,Yes,One year,No,Bank transfer,80.79,2533.64,No
C04744,Male,26.0,0,Yes,No,58,Yes,No,No,No internet service,No internet service,No internet service,No internet service,No internet service,No internet service,One year,Yes,Electronic check,21.07,1361.63,No
C01524,Female,23.0,0,Yes,No,0,Yes,No,No,No internet service,No internet service,No internet service,No internet service,No internet service,No internet service,Month-to-month,Yes,Bank transfer,23.06,5.43,No
C04411,Female,30.0,0,Yes,No,0,Yes,Yes,DSL,No,No,No,No,No,Yes,Month-to-month,No,Electronic check,40.44,52.11,Yes
C02359,Female,52.0,0,Yes,No,51,Yes,No,Fiber optic,Yes,No,No,No,No,Yes,One year,No,Bank transfer,64.13,3298.42,No
C00676,Female,32.0,0,Yes,No,15,Yes,No,DSL,No,Yes,No,Yes,No,Yes,Month-to-month,Yes,Bank transfer,55.48,1053.13,No
C02694,Male,62.0,0,Yes,Yes,15,Yes,No,Fiber optic,No,No,No,Yes,No,No,Two year,Yes,Mailed check,68.6,1164.55,No
C03161,Female,43.0,0,No,No,2,Yes,Yes,DSL,No,Yes,No,No,No,Yes,Month-to-month,No,Electronic check,53.03,116.69,No
C04720,Female,49.0,0,No,Yes,23,Yes,Yes,DSL,No,Yes,No,Yes,Yes,Yes,Two year,Yes,Credit card,79.14,1844.25,No
C05977,Male,54.0,0,Yes,No,5,Yes,Yes,Fiber optic,No,No,No,No,Yes,No,Month-to-month,No,Credit card,67.44,474.74,Yes
C07180,Male,60.0,0,Yes,No,52,Yes,No,No,No internet service,No internet service,No internet service,No internet service,No internet service,No internet service,One year,No,Electronic check,26.24,1476.79,No
C01961,Male,43.0,0,No,No,0,Yes,No,No,No internet service,No internet service,No internet service,No internet service,No internet service,No internet service,Month-to-month,No,Credit card,26.98,91.11,No
C06612,Female,18.0,0,No,No,16,No,No phone service,DSL,No,No,Yes,No,Yes,Yes,Month-to-month,Yes,Electronic check,58.86,1244.73,Yes
C01726,Female,18.0,0,No,No,36,Yes,Yes,No,No internet service,No internet service,No internet service,No internet service,No internet service,No internet service,Two year,No,Credit card,34.65,1467.93,No
C03712,Female,43.0,0,No,No,32,Yes,No,DSL,No,No,Yes,No,No,No,Month-to-month,Yes,Electronic check,40.85,1393.9,Yes
C04477,Female,66.0,1,Yes,No,52,Yes,No,Fiber optic,No,No,No,Yes,No,No,One year,No,Electronic check,65.81,4023.2,No
C06921,Female,35.0,0,No,No,3,Yes,No,Fiber optic,No,Yes,No,No,No,No,One year,Yes,Credit card,63.42,241.07,No
C05309,Male,43.0,0,Yes,No,11,Yes,No,Fiber optic,No,No,No,No,No,No,Month-to-month,Yes,Bank transfer,59.74,654.43,Yes
C00794,Female,36.0,0,No,No,8,Yes,No,Fiber optic,Yes,No,No,No,Yes,Yes,Month-to-month,No,Bank transfer,70.57,603.72,No
C04532,Male,62.0,0,Yes,No,27,Yes,No,DSL,No,No,No,No,No,No,One year,Yes,Credit card,47.56,1389.13,No
C05211,Female,26.0,0,No,No,66,Yes,Yes,Fiber optic,No,No,Yes,Yes,No,No,One year,Yes,Credit card,68.11,4643.69,No
C06920,Male,26.0,0,No,No,0,No,No phone service,No,No internet service,No internet service,No internet service,No internet service,No internet service,No internet service,One year,No,Mailed check,18.0,61.07,No
C02331,Female,66.0,1,Yes,No,60,Yes,Yes,No,No internet service,No internet service,No internet service,No internet service,No internet service,No internet service,Two year,No,Credit card,29.67,1916.4,No
C07194,Male,49.0,0,Yes,No,50,Yes,No,Fiber optic,No,No,Yes,No,Yes,No,One year,Yes,Credit card,63.42,3281.65,No
C07212,Female,35.0,0,Yes,Yes,4,Yes,No,Fiber optic,No,Yes,Yes,No,No,Yes,Month-to-month,No,Bank transfer,68.66,378.23,No
C05457,Male,18.0,0,No,No,7,Yes,No,DSL,No,Yes,No,No,No,No,Month-to-month,Yes,Electronic check,41.35,382.08,Yes
C06806,Female,49.0,0,No,No,43,No,No phone service,DSL,No,No,Yes,No,Yes,Yes,One year,Yes,Electronic check,61.67,2627.29,No
C00887,Female,42.0,0,Yes,Yes,0,Yes,No,Fiber optic,No,No,No,Yes,No,Yes,Month-to-month,Yes,Electronic check,64.17,103.42,Yes
C05944,Female,49.0,0,Yes,No,0,Yes,No,DSL,Yes,No,Yes,Yes,Yes,Yes,Month-to-month,No,Bank transfer,70.26,5.43,No
C04361,Female,41.0,0,Yes,No,29,Yes,Yes,DSL,No,No,Yes,No,No,No,Month-to-month,Yes,Bank transfer,61.05,1745.47,No
C02606,Female,64.0,0,Yes,Yes,41,No,No phone service,DSL,Yes,No,Yes,No,No,Yes,Month-to-month,Yes,Bank transfer,51.42,2351.19,No
C03863,Male,36.0,0,Yes,Yes,17,No,No phone service,DSL,No,No,No,No,No,Yes,Month-to-month,No,Electronic check,43.87,1051.525,Yes
C02045,Male,54.0,0,Yes,No,45,Yes,No,DSL,No,No,No,No,Yes,No,Month-to-month,No,Credit card,34.58,1455.4,No
C03704,Female,28.0,0,Yes,No,0,Yes,No,Fiber optic,Yes,No,No,No,No,No,Month-to-month,No,Electronic check,70.74,102.56,Yes
C06907,Male,52.0,0,Yes,No,48,Yes,No,Fiber optic,Yes,No,No,No,Yes,No,One year,Yes,Mailed check,70.12,3631.85,No
C02619,Female,47.0,0,Yes,Yes,44,No,No phone service,Fiber optic,No,Yes,No,No,No,No,Month-to-month,Yes,Electronic check,51.95,2318.08,Yes
C05891,Female,36.0,0,No,No,45,Yes,No,No,No internet service,No internet service,No internet service,No internet service,No internet service,No internet service,One year,No,Credit card,20.98,1046.98,No
C00838,Female,42.0,0,Yes,No,3,Yes,Yes,Fiber optic,Yes,Yes,No,No,No,Yes,Month-to-month,No,Electronic check,83.44,406.56,No
C04520,Female,50.0,0,Yes,Yes,0,Yes,Yes,No,No internet service,No internet service,No internet service,No internet service,No internet service,No internet service,One year,Yes,Electronic check,43.63,105.31,No
C05585,Male,18.0,0,No,No,52,No,No phone service,No,No internet service,No internet service,No internet service,No internet service,No internet service,No internet service,One year,Yes,Bank transfer,24.13,1301.48,No
C02814,Male,50.0,0,Yes,No,63,Yes,No,Fiber optic,No,Yes,No,Yes,No,No,Two year,No,Bank transfer,63.03,3984.93,No
C02371,Female,45.0,0,No,No,48,Yes,No,Fiber optic,Yes,No,Yes,No,No,No,One year,Yes,Bank transfer,67.37,3662.04,No
C03606,Female,54.0,0,Yes,Yes,18,Yes,Yes,DSL,No,Yes,No,No,No,No,Month-to-month,Yes,Bank transfer,42.62,740.36,No
C03296,Male,32.0,0,No,No,36,No,No phone service,No,No internet service,No internet service,No internet service,No internet service,No internet service,No internet service,Month-to-month,No,Electronic check,23.25,948.8,No
C04774,Female,18.0,0,No,Yes,41,Yes,Yes,DSL,Yes,No,No,Yes,Yes,Yes,Month-to-month,Yes,Electronic check,72.56,3169.44,No
C01770,Male,46.0,0,No,No,32,Yes,No,Fiber optic,No,Yes,Yes,No,No,Yes,One year,Yes,Bank transfer,73.52,2515.09,No
C05591,Male,33.0,0,Yes,No,21,No,No phone service,Fiber optic,Yes,Yes,No,Yes,No,No,Month-to-month,Yes,Electronic check,65.16,1708.1,Yes
C03751,Male,32.0,0,No,No,57,Yes,No,Fiber optic,No,Yes,No,Yes,No,No,Two year,Yes,Mailed check,64.67,3499.3,No
C01267,Female,21.0,0,Yes,No,16,Yes,Yes,No,No internet service,No internet service,No internet service,No internet service,No internet service,No internet service,Month-to-month,Yes,Electronic check,35.91,658.39,No
C03424,Female,30.0,0,Yes,No,33,No,No phone service,Fiber optic,No,No,Yes,Yes,No,No,One year,No,Mailed check,59.6,1892.78,No
C05573,Female,47.0,0,No,No,48,Yes,No,DSL,No,No,No,No,Yes,Yes,One year,No,Electronic check,56.5,2765.47,No
C05903,Male,51.0,0,Yes,Yes,13,Yes,Yes,DSL,Yes,Yes,No,Yes,No,No,Month-to-month,No,Electronic check,63.0,914.86,No
C03503,Female,42.0,0,Yes,No,31,Yes,Yes,DSL,No,No,Yes,No,Yes,No,One year,Yes,Mailed check,56.09,1878.72,Yes
C06861,Male,37.0,0,Yes,No,19,Yes,No,Fiber optic,No,Yes,No,No,No,Yes,Month-to-month,No,Credit card,65.08,1309.01,No
C00992,Female,20.0,0,No,No,41,Yes,No,No,No internet service,No internet service,No internet service,No internet service,No internet service,No internet service,Month-to-month,Yes,Electronic check,26.33,1044.52,No
C02301,Female,18.0,0,Yes,No,50,Yes,Yes,DSL,No,No,No,No,No,Yes,Two year,Yes,Bank transfer,50.7,2952.84,No
C06771,Male,34.0,0,Yes,No,66,Yes,Yes,DSL,Yes,Yes,Yes,Yes,No,No,Two year,Yes,Electronic check,69.58,4192.62,No
C03885,Male,43.0,0,No,No,16,Yes,No,Fiber optic,No,Yes,No,No,Yes,Yes,Two year,Yes,Credit card,73.02,1333.7,No
C06982,Female,47.0,0,No,Yes,37,Yes,Yes,Fiber optic,No,Yes,Yes,No,No,No,Two year,No,Bank transfer,66.85,2815.41,No
C05255,Male,48.0,0,Yes,Yes,0,Yes,No,DSL,No,No,No,No,Yes,No,Month-to-month,No,Bank transfer,50.84,46.58,No
C00112,Male,23.0,0,No,No,56,Yes,Yes,Fiber optic,No,Yes,Yes,No,Yes,No,Two year,Yes,Bank transfer,88.28,5573.12,No
C06045,Male,67.0,1,Yes,No,14,Yes,No,Fiber optic,No,No,No,Yes,No,No,Month-to-month,No,Bank transfer,60.62,1013.15,No
C01286,Female,46.0,0,Yes,Yes,40,Yes,No,No,No internet service,No internet service,No internet service,No internet service,No internet service,No internet service,Two year,Yes,Electronic check,20.66,903.05,No
C04251,Female,44.0,0,No,No,25,Yes,No,Fiber optic,No,No,Yes,No,Yes,Yes,Month-to-month,Yes,Electronic check,76.27,2097.11,Yes
C06803,Male,40.0,0,No,Yes,17,Yes,No,DSL,Yes,No,No,No,Yes,No,One year,No,Electronic check,60.98,1100.37,No
C05242,Male,45.0,0,No,No,0,Yes,No,Fiber optic,No,Yes,No,No,Yes,No,Month-to-month,No,Electronic check,63.37,115.85,No
C00940,Male,43.0,0,Yes,No,36,Yes,No,No,No internet service,No internet service,No internet service,No internet service,No internet service,No internet service,One year,No,Electronic check,42.49,1583.75,No
C06262,Male,41.0,0,Yes,No,0,Yes,No,Fiber optic,Yes,Yes,Yes,No,Yes,Yes,One year,No,Bank transfer,79.61,51.8,No
C01436,Male,55.0,0,Yes,Yes,3,Yes,No,Fiber optic,Yes,Yes,Yes,No,No,No,Month-to-month,No,Credit card,57.2,332.16,No
C03960,Female,52.0,0,No,Yes,47,Yes,No,Fiber optic,Yes,No,Yes,No,Yes,No,One year,Yes,Mailed check,72.5,3303.99,No
C06551,Female,52.0,0,Yes,No,24,Yes,Yes,Fiber optic,Yes,No,No,Yes,No,No,Month-to-month,Yes,Bank transfer,72.18,1804.49,No
C06707,Male,34.0,0,No,No,9,Yes,No,Fiber optic,No,No,No,Yes,No,No,Month-to-month,No,Credit card,63.9,553.52,No
C04300,Female,18.0,0,No,No,42,Yes,No,Fiber optic,Yes,Yes,Yes,Yes,No,No,One year,Yes,Electronic check,77.56,3376.86,No
C07185,Male,51.0,0,No,No,14,Yes,Yes,Fiber optic,No,No,No,No,No,Yes,Month-to-month,Yes,Credit card,76.23,1088.13,Yes
C04655,Female,56.0,0,Yes,Yes,20,Yes,Yes,DSL,Yes,Yes,No,No,Yes,No,Month-to-month,No,Electronic check,67.05,1414.12,Yes
C05369,Male,18.0,0,No,No,38,Yes,No,Fiber optic,Yes,Yes,No,No,No,No,One year,No,Electronic check,60.37,2544.41,No
C06788,Male,25.0,0,No,No,53,Yes,Yes,DSL,No,No,No,No,Yes,No,Two year,Yes,Mailed check,45.09,2184.92,No
C05860,Male,41.0,0,No,Yes,44,Yes,Yes,No,No internet service,No internet service,No internet service,No internet service,No internet service,No internet service,Two year,Yes,Bank transfer,27.83,1399.82,No
C06813,Male,56.0,0,No,No,41,No,No phone service,DSL,No,Yes,Yes,Yes,No,No,One year,Yes,Electronic check,48.29,2284.74,No
C04790,Male,19.0,0,No,No,72,Yes,No,Fiber optic,Yes,Yes,No,No,No,No,Two year,Yes,Credit card,70.93,5231.6,No
C07026,Female,35.0,0,Yes,No,37,No,No phone service,DSL,No,Yes,No,Yes,No,No,Month-to-month,Yes,Credit card,39.99,1466.02,No
C05417,Female,35.0,0,No,No,39,Yes,No,Fiber optic,No,No,Yes,No,No,No,One year,Yes,Mailed check,56.59,2152.59,No
C06942,Male,31.0,0,No,No,31,Yes,No,No,No internet service,No internet service,No internet service,No internet service,No internet service,No internet service,Month-to-month,Yes,Electronic check,26.99,971.95,No
C05963,Female,75.0,1,Yes,No,59,Yes,No,Fiber optic,No,Yes,Yes,No,Yes,Yes,Two year,No,Mailed check,66.67,4050.61,No
C04413,Male,38.0,0,Yes,No,67,Yes,Yes,No,No internet service,No internet service,No internet service,No internet service,No internet service,No internet service,Month-to-month,Yes,Electronic check,31.31,2277.87,No
C03455,Female,42.0,0,No,No,40,Yes,No,No,No internet service,No internet service,No internet service,No internet service,No internet service,No internet service,Month-to-month,Yes,Electronic check,30.95,1211.82,No
C05027,Male,47.0,0,Yes,Yes,43,Yes,No,DSL,No,Yes,Yes,No,No,Yes,One year,Yes,Electronic check,60.98,2712.75,Yes
C01772,Male,49.0,0,No,No,45,Yes,Yes,Fiber optic,Yes,No,Yes,No,No,Yes,Two year,Yes,Mailed check,85.2,4059.62,No
C03588,Female,23.0,0,Yes,No,0,Yes,No,DSL,No,No,No,No,No,No,Month-to-month,No,Bank transfer,34.09,41.14,No
C06852,Female,29.0,0,Yes,No,51,No,No phone service,Fiber optic,No,Yes,No,No,Yes,No,Month-to-month,No,Electronic check,61.1,3018.82,No
C01336,Male,36.0,0,No,No,5,Yes,No,DSL,No,No,No,No,No,No,Month-to-month,No,Electronic check,35.73,292.46,Yes
C02323,Female,23.0,0,No,No,27,Yes,Yes,DSL,Yes,No,No,Yes,No,No,Month-to-month,No,Credit card,47.59,1368.41,No
C02483,Male,38.0,0,Yes,No,39,Yes,Yes,Fiber optic,No,No,Yes,No,Yes,No,One year,No,Mailed check,62.14,2439.95,No
C01481,Female,32.0,0,Yes,No,35,Yes,Yes,Fiber optic,Yes,Yes,Yes,No,Yes,Yes,One year,Yes,Electronic check,88.4,3090.56,Yes
C05433,Male,35.0,0,Yes,No,49,Yes,No,DSL,Yes,Yes,Yes,Yes,No,No,Two year,Yes,Credit card,64.85,2911.97,No
C02938,Male,43.0,0,No,No,72,Yes,Yes,DSL,Yes,No,Yes,Yes,Yes,No,Two year,Yes,Bank transfer,79.37,6515.76,No
C03274,Female,75.0,1,Yes,Yes,13,Yes,Yes,Fiber optic,No,No,No,Yes,No,No,Month-to-month,Yes,Electronic check,68.64,876.06,Yes
C02204,Female,52.0,0,No,No,55,Yes,Yes,DSL,No,Yes,Yes,No,No,No,One year,Yes,Electronic check,58.41,3455.67,Yes
C06157,Female,46.0,0,No,No,15,Yes,No,DSL,No,Yes,Yes,No,Yes,No,One year,Yes,Electronic check,65.03,967.26,Yes
C00959,Female,40.0,0,No,No,32,Yes,Yes,Fiber optic,No,No,Yes,No,No,No,One year,Yes,Credit card,64.9,2198.67,No
C06604,Male,48.0,0,No,No,33,Yes,Yes,Fiber optic,No,No,Yes,Yes,No,No,Month-to-month,Yes,Electronic check,73.54,2851.64,Yes
C02790,Female,72.0,1,Yes,No,35,Yes,Yes,DSL,Yes,No,Yes,No,No,Yes,One year,No,Mailed check,55.28,2117.66,Yes
C00800,Female,26.0,0,No,No,8,Yes,Yes,DSL,Yes,No,No,No,Yes,No,One year,No,Bank transfer,56.78,450.31,No
C00351,Female,42.0,0,No,No,32,Yes,No,Fiber optic,No,No,Yes,No,No,No,Month-to-month,Yes,Electronic check,61.77,2369.0,Yes
C03525,Female,72.0,1,Yes,No,6,Yes,Yes,DSL,No,No,No,Yes,Yes,Yes,Month-to-month,Yes,Credit card,60.62,362.17,Yes
C07222,Female,44.0,0,Yes,No,20,Yes,No,DSL,Yes,No,Yes,No,No,No,Month-to-month,Yes,Bank transfer,37.77,835.76,No
C04190,Female,22.0,0,No,No,14,No,No phone service,Fiber optic,No,No,No,No,No,No,One year,Yes,Electronic check,39.28,604.78,No
C03786,Female,46.0,0,No,No,45,Yes,No,Fiber optic,No,No,Yes,No,Yes,Yes,Two year,Yes,Credit card,70.49,3126.78,No
C06256,Female,40.0,0,No,No,43,No,No phone service,Fiber optic,Yes,Yes,No,No,Yes,No,One year,No,Electronic check,66.68,2834.82,No
C05542,Female,39.0,0,No,No,15,Yes,No,Fiber optic,No,No,Yes,Yes,No,No,Month-to-month,Yes,Bank transfer,59.27,1007.14,No
C04442,Male,27.0,0,No,No,62,Yes,Yes,DSL,No,No,No,No,No,No,One year,Yes,Electronic check,38.93,2225.1,No
C04535,Female,52.0,0,No,No,13,Yes,Yes,Fiber optic,No,Yes,No,No,Yes,Yes,Month-to-month,Yes,Electronic check,89.23,1142.58,Yes
C00220,Female,29.0,0,No,No,45,Yes,Yes,No,No internet service,No internet service,No internet service,No internet service,No internet service,No internet service,Month-to-month,Yes,Bank transfer,29.72,1385.46,No
C00225,Female,39.0,0,No,No,0,Yes,No,Fiber optic,No,No,Yes,No,No,No,Month-to-month,Yes,Mailed check,56.27,15.46,No
C06879,Female,53.0,0,No,No,34,Yes,No,DSL,No,Yes,No,No,No,No,Two year,Yes,Credit card,45.97,1597.16,No
C03557,Male,67.0,1,No,No,10,Yes,Yes,Fiber optic,Yes,Yes,No,Yes,No,Yes,One year,Yes,Mailed check,82.96,821.13,No
C04486,Female,38.0,0,Yes,No,39,Yes,No,DSL,No,No,Yes,No,Yes,No,One year,No,Bank transfer,45.06,1743.42,No
C03377,Female,55.0,0,Yes,No,27,Yes,Yes,Fiber optic,Yes,No,Yes,Yes,No,No,One year,No,Bank transfer,78.23,2213.24,No
C01998,Male,33.0,0,No,No,28,Yes,Yes,DSL,No,Yes,Yes,Yes,No,No,Month-to-month,Yes,Electronic check,54.2,1497.83,Yes
C05863,Female,37.0,0,No,No,45,Yes,Yes,DSL,No,No,Yes,No,Yes,No,Two year,No,Bank transfer,57.65,2699.59,No
C03643,Male,57.0,0,Yes,No,19,Yes,Yes,DSL,No,Yes,No,No,No,Yes,Month-to-month,Yes,Mailed check,52.21,985.1,No
C03127,Male,40.0,0,No,No,28,No,No phone service,Fiber optic,No,Yes,No,No,No,No,Month-to-month,Yes,Mailed check,66.17,1732.27,Yes
C01509,Male,48.0,0,Yes,No,14,Yes,No,No,No internet service,No internet service,No internet service,No internet service,No internet service,No internet service,Month-to-month,No,Electronic check,21.6,432.54,No
C01586,Female,59.0,0,No,Yes,20,Yes,Yes,DSL,No,No,No,No,Yes,No,Month-to-month,Yes,Bank transfer,57.15,1268.14,No
C04712,Male,25.0,0,No,No,32,Yes,No,DSL,No,No,Yes,No,No,No,One year,No,Bank transfer,34.1,1253.92,No
C05776,Female,48.0,0,Yes,No,49,Yes,Yes,Fiber optic,No,No,Yes,No,No,Yes,Month-to-month,Yes,Electronic check,69.33,3720.09,Yes
C01105,Male,41.0,0,No,Yes,10,Yes,No,Fiber optic,Yes,No,No,No,Yes,No,Month-to-month,Yes,Bank transfer,62.43,689.37,No
C03273,Male,27.0,0,No,No,0,Yes,Yes,Fiber optic,Yes,Yes,Yes,No,No,No,Month-to-month,No,Mailed check,82.35,55.18,Yes
C04248,Female,57.0,0,Yes,No,56,Yes,Yes,No,No internet service,No internet service,No internet service,No internet service,No internet service,No internet service,One year,No,Credit card,29.08,1692.08,No
C02241,Female,29.0,0,No,No,37,Yes,No,No,No internet service,No internet service,No internet service,No internet service,No internet service,No internet service,Month-to-month,Yes,Electronic check,25.34,1064.22,No
C01833,Male,36.0,0,No,No,49,Yes,No,Fiber optic,No,Yes,No,No,Yes,No,Two year,Yes,Electronic check,62.55,3435.82,No
C02870,Female,60.0,0,No,No,33,Yes,Yes,No,No internet service,No internet service,No internet service,No internet service,No internet service,No internet service,Two year,No,Bank transfer,31.45,1112.84,No
C00392,Male,71.0,1,No,No,8,Yes,No,DSL,Yes,Yes,No,No,Yes,No,Month-to-month,Yes,Credit card,62.9,572.06,No
C06125,Male,62.0,0,No,No,45,Yes,No,Fiber optic,Yes,Yes,No,Yes,No,No,Month-to-month,Yes,Electronic check,63.02,2607.67,No
C02344,Male,41.0,0,No,No,43,Yes,Yes,Fiber optic,No,Yes,No,Yes,No,No,Month-to-month,Yes,Bank transfer,70.88,2980.97,No
C04555,Female,25.0,0,No,No,16,No,No phone service,Fiber optic,No,No,No,Yes,No,No,Month-to-month,No,Mailed check,55.06,819.33,Yes
C00953,Male,34.0,0,No,No,0,Yes,Yes,DSL,No,No,No,No,No,Yes,Month-to-month,Yes,Credit card,53.5,151.99,No
C02455,Female,57.0,0,No,Yes,60,Yes,Yes,Fiber optic,No,Yes,No,No,No,Yes,Month-to-month,No,Credit card,68.69,4352.05,No
C00613,Male,39.0,0,Yes,No,14,Yes,No,Fiber optic,No,Yes,No,No,Yes,Yes,Month-to-month,Yes,Mailed check,68.29,1192.6,Yes
C05801,Female,33.0,0,No,No,37,Yes,Yes,Fiber optic,No,No,No,No,No,No,Month-to-month,No,Mailed check,57.2,2128.7,No
C02446,Male,46.0,0,No,No,46,Yes,No,Fiber optic,No,No,No,Yes,No,No,Two year,Yes,Credit card,54.04,2246.38,No
C05773,Female,38.0,0,Yes,No,18,Yes,Yes,Fiber optic,No,No,No,No,No,No,Two year,No,Credit card,55.33,1120.09,No
C02761,Male,19.0,0,No,No,0,Yes,No,Fiber optic,No,No,No,No,Yes,No,Month-to-month,No,Electronic check,52.31,165.91,Yes
C03613,Female,50.0,0,No,No,28,Yes,No,Fiber optic,Yes,No,No,No,No,Yes,Two year,Yes,Credit card,62.48,2104.97,No
C04597,Female,29.0,0,No,No,14,Yes,No,DSL,Yes,No,Yes,No,No,Yes,Month-to-month,Yes,Mailed check,55.01,858.4,No
C02424,Male,55.0,0,Yes,No,37,Yes,Yes,DSL,No,Yes,Yes,No,Yes,Yes,Month-to-month,Yes,Electronic check,76.52,3334.87,No
C03707,Male,47.0,0,Yes,No,13,Yes,Yes,Fiber optic,No,Yes,Yes,Yes,Yes,No,Month-to-month,No,Electronic check,84.01,1059.99,Yes
C04612,Male,38.0,0,No,No,44,No,No phone service,Fiber optic,No,No,No,Yes,No,Yes,One year,Yes,Electronic check,68.6,3325.6,No
C03542,Male,24.0,0,No,No,27,Yes,No,Fiber optic,No,Yes,Yes,No,No,Yes,Month-to-month,No,Bank transfer,63.51,2078.9,Yes
C03281,Female,47.0,0,No,Yes,52,Yes,No,Fiber optic,Yes,No,Yes,Yes,No,No,Month-to-month,Yes,Credit card,78.13,4132.74,No
C05682,Female,65.0,0,No,No,35,Yes,Yes,Fiber optic,No,Yes,Yes,No,No,No,One year,Yes,Bank transfer,74.56,2238.33,No
C06193,Female,53.0,0,Yes,No,0,No,No phone service,No,No internet service,No internet service,No internet service,No internet service,No internet service,No internet service,Month-to-month,Yes,Electronic check,27.78,52.02,No
C01675,Female,25.0,0,No,No,18,No,No phone service,Fiber optic,No,No,No,No,No,No,Month-to-month,Yes,Credit card,55.9,955.2,Yes
C06106,Female,41.0,0,Yes,Yes,22,Yes,No,Fiber optic,Yes,No,Yes,No,No,Yes,Month-to-month,Yes,Bank transfer,73.41,1567.59,No
C02625,Female,40.0,0,No,No,11,Yes,No,DSL,Yes,No,No,No,No,Yes,Month-to-month,Yes,Electronic check,50.15,615.45,No
C07186,Male,18.0,0,Yes,No,0,Yes,No,DSL,Yes,No,No,Yes,No,No,Month-to-month,Yes,Bank transfer,55.79,107.52,No
C05530,Female,32.0,0,No,No,0,Yes,No,Fiber optic,Yes,No,No,No,Yes,Yes,Month-to-month,No,Electronic check,67.89,21.02,Yes
C00997,Female,38.0,0,No,No,35,Yes,Yes,DSL,No,Yes,Yes,No,No,No,Month-to-month,Yes,Electronic check,54.8,2211.33,No
C01918,Male,40.0,0,Yes,No,45,Yes,Yes,Fiber optic,Yes,Yes,No,Yes,Yes,No,One year,Yes,Mailed check,86.44,3566.42,No
C05413,Female,61.0,0,Yes,Yes,13,Yes,No,DSL,No,No,No,Yes,No,Yes,Month-to-month,Yes,Mailed check,50.4,797.84,No
C04103,Female,18.0,0,No,No,29,Yes,No,Fiber optic,No,No,No,No,No,No,Month-to-month,No,Bank transfer,55.01,1818.46,No
C02038,Male,36.0,0,No,No,41,Yes,Yes,DSL,No,No,No,No,Yes,Yes,One year,Yes,Mailed check,62.12,2257.37,No
C05598,Male,47.0,0,Yes,No,31,Yes,No,Fiber optic,No,No,No,No,Yes,Yes,One year,Yes,Mailed check,71.53,2085.68,No
C01644,Female,54.0,0,No,No,53,Yes,No,DSL,No,Yes,Yes,No,No,No,Two year,No,Credit card,38.3,2222.25,No
C04993,Female,40.0,0,Yes,No,35,Yes,Yes,No,No internet service,No internet service,No internet service,No internet service,No internet service,No internet service,One year,No,Bank transfer,30.45,1158.69,No
C00977,Male,28.0,0,No,No,42,Yes,No,Fiber optic,No,No,No,Yes,No,Yes,One year,Yes,Electronic check,63.54,2734.93,No
C02035,Male,52.0,0,Yes,Yes,0,Yes,Yes,Fiber optic,Yes,No,No,No,No,No,Month-to-month,No,Electronic check,58.6,136.97,No
C03887,Male,21.0,0,Yes,No,55,Yes,No,DSL,No,Yes,No,Yes,Yes,No,One year,No,Electronic check,61.19,2841.96,No
C02179,Male,66.0,1,Yes,Yes,53,No,No phone service,DSL,No,No,No,No,No,Yes,Two year,Yes,Electronic check,50.57,2469.96,No
C01977,Female,42.0,0,No,No,27,Yes,No,Fiber optic,No,No,No,Yes,Yes,No,Month-to-month,No,Electronic check,68.75,2155.13,Yes
C00537,Male,60.0,0,No,No,0,Yes,No,Fiber optic,No,No,Yes,Yes,Yes,Yes,Month-to-month,Yes,Mailed check,78.21,119.35,Yes
C07244,Female,55.0,0,Yes,No,0,Yes,Yes,Fiber optic,Yes,No,No,No,Yes,Yes,Month-to-month,No,Credit card,84.43,61.7,Yes
C02904,Male,34.0,0,No,No,36,Yes,No,Fiber optic,Yes,No,No,No,No,No,Two year,No,Bank transfer,57.22,2097.67,No
C02049,Female,35.0,0,Yes,No,18,Yes,No,DSL,Yes,Yes,Yes,No,Yes,No,Two year,No,Electronic check,63.69,1171.71,No
C05164,Female,48.0,0,No,No,30,Yes,Yes,Fiber optic,No,No,No,No,Yes,Yes,Month-to-month,No,Bank transfer,79.08,2408.48,Yes
C04961,Male,32.0,0,No,No,33,Yes,No,Fiber optic,Yes,No,No,No,No,No,One year,No,Electronic check,57.33,2057.76,No
C00051,Female,22.0,0,No,No,26,Yes,Yes,Fiber optic,No,Yes,Yes,No,No,No,Two year,No,Mailed check,70.29,2015.78,No
C01150,Female,25.0,0,No,No,24,Yes,Yes,Fiber optic,No,Yes,No,No,Yes,No,One year,No,Electronic check,61.3,1588.8,No
C06552,Female,35.0,0,No,No,13,Yes,No,Fiber optic,No,No,No,No,Yes,Yes,Month-to-month,Yes,Bank transfer,68.22,886.9,No
C04980,Male,41.0,0,No,No,42,Yes,No,Fiber optic,No,Yes,Yes,Yes,Yes,No,Month-to-month,No,Electronic check,84.16,3382.84,Yes
C05915,Female,64.0,0,Yes,Yes,0,Yes,No,Fiber optic,No,No,No,No,No,No,Month-to-month,No,Bank transfer,44.1,9.6,No
C05292,Female,29.0,0,Yes,No,2,Yes,No,No,No internet service,No internet service,No internet service,No internet service,No internet service,No internet service,Month-to-month,Yes,Mailed check,20.48,80.76,No
C02267,Female,54.0,0,Yes,No,9,Yes,Yes,Fiber optic,No,No,No,No,Yes,Yes,Two year,Yes,Credit card,76.62,786.22,No
C00121,Female,55.0,0,No,No,46,Yes,Yes,DSL,Yes,No,Yes,Yes,No,No,Two year,Yes,Electronic check,56.57,2743.51,No
C06287,Male,28.0,0,No,No,69,Yes,Yes,Fiber optic,No,No,No,Yes,No,Yes,One year,No,Credit card,69.06,5619.25,No
C00495,Male,19.0,0,No,Yes,9,No,No phone service,Fiber optic,No,Yes,Yes,No,Yes,Yes,Month-to-month,Yes,Bank transfer,79.04,740.45,Yes
C06970,Male,39.0,0,No,No,19,Yes,No,DSL,Yes,No,No,No,No,Yes,Month-to-month,No,Electronic check,46.35,852.97,No
C06555,Female,49.0,0,Yes,No,52,No,No phone service,DSL,No,No,Yes,No,No,No,Two year,No,Bank transfer,24.74,1464.44,No
C00111,Female,38.0,0,No,No,0,Yes,Yes,No,No internet service,No internet service,No internet service,No internet service,No internet service,No internet service,Month-to-month,Yes,Electronic check,22.91,163.81,No
C00723,Male,39.0,0,Yes,No,50,Yes,No,DSL,No,No,No,No,Yes,No,One year,No,Electronic check,43.45,1994.68,No
C01497,Male,65.0,0,Yes,Yes,0,Yes,No,DSL,Yes,No,No,Yes,No,No,Month-to-month,Yes,Mailed check,57.21,133.99,No
C02060,Female,48.0,0,No,No,31,Yes,Yes,Fiber optic,No,Yes,No,Yes,No,No,Two year,Yes,Mailed check,69.89,2074.68,No
C06571,Male,69.0,1,No,No,10,Yes,Yes,DSL,Yes,No,Yes,Yes,No,No,Month-to-month,No,Electronic check,58.96,655.1800000000001,Yes
C05952,Female,51.0,0,No,No,0,Yes,Yes,DSL,No,No,Yes,No,Yes,Yes,Month-to-month,No,Electronic check,63.62,106.14,Yes
C01229,Male,77.0,1,Yes,No,37,Yes,No,Fiber optic,Yes,Yes,No,No,No,No,One year,No,Mailed check,66.37,2513.72,No
C04926,Male,37.0,0,No,No,36,Yes,Yes,No,No internet service,No internet service,No internet service,No internet service,No internet service,No internet service,One year,No,Electronic check,37.53,1636.38,No
C02348,Female,56.0,0,No,No,21,Yes,No,No,No internet service,No internet service,No internet service,No internet service,No internet service,No internet service,Month-to-month,Yes,Credit card,30.01,701.51,No
C05050,Female,38.0,0,Yes,Yes,52,Yes,Yes,Fiber optic,Yes,Yes,No,Yes,Yes,Yes,One year,Yes,Bank transfer,86.58,4230.57,No
C05770,Female,50.0,0,Yes,Yes,21,Yes,No,DSL,No,No,Yes,No,No,No,One year,No,Bank transfer,41.6,945.45,No
C00258,Male,34.0,0,No,No,43,Yes,No,Fiber optic,No,Yes,No,No,Yes,Yes,Two year,Yes,Credit card,81.27,3526.21,No
C01965,Male,65.0,0,Yes,No,32,Yes,Yes,Fiber optic,Yes,No,Yes,No,No,No,Month-to-month,No,Mailed check,68.22,2658.46,No
C00278,Male,35.0,0,No,No,5,Yes,Yes,DSL,Yes,Yes,No,Yes,No,No,One year,Yes,Electronic check,55.65,411.02,No
C03756,Female,36.0,0,No,No,65,Yes,No,Fiber optic,No,Yes,No,Yes,No,No,Two year,Yes,Bank transfer,78.21,4985.19,No
C02812,Female,40.0,0,Yes,No,58,Yes,No,No,No internet service,No internet service,No internet service,No internet service,No internet service,No internet service,Two year,Yes,Bank transfer,22.94,1391.06,No
C06768,Female,47.0,0,No,No,8,No,No phone service,DSL,No,No,Yes,No,No,No,Month-to-month,Yes,Credit card,47.31,482.67,Yes
C04920,Female,42.0,0,No,No,53,Yes,No,No,No internet service,No internet service,No internet service,No internet service,No internet service,No internet service,Two year,No,Credit card,27.02,1576.15,No
C05808,Female,30.0,0,Yes,No,0,Yes,Yes,No,No internet service,No internet service,No internet service,No internet service,No internet service,No internet service,Month-to-month,Yes,Electronic check,28.4,26.15,Yes
C00472,Female,32.0,0,No,No,29,Yes,Yes,Fiber optic,Yes,No,No,Yes,Yes,Yes,Month-to-month,Yes,Credit card,83.14,1970.16,No
C04799,Male,36.0,0,No,No,33,Yes,No,DSL,No,No,No,No,Yes,No,Month-to-month,No,Electronic check,52.58,1739.81,No
C03814,Male,70.0,1,No,Yes,43,Yes,No,DSL,No,No,No,No,No,Yes,One year,Yes,Credit card,43.84,2009.45,No
C01214,Male,59.0,0,No,No,27,Yes,Yes,Fiber optic,No,Yes,Yes,No,No,Yes,Month-to-month,No,Electronic check,68.91,2040.6,No
C00990,Female,51.0,0,Yes,Yes,34,Yes,No,Fiber optic,No,Yes,No,No,Yes,Yes,Month-to-month,No,Bank transfer,63.58,2037.4,Yes
C00124,Female,67.0,1,Yes,Yes,5,Yes,No,Fiber optic,No,Yes,Yes,No,No,No,Month-to-month,Yes,Electronic check,57.91,306.07,Yes
C05490,Male,70.0,1,Yes,No,28,Yes,No,Fiber optic,Yes,No,No,No,Yes,Yes,Month-to-month,No,Credit card,79.07,2238.22,No
C05549,Male,68.0,1,No,No,47,Yes,Yes,Fiber optic,No,Yes,Yes,No,Yes,No,Month-to-month,No,Mailed check,73.34,3147.57,No
C00428,Male,64.0,0,Yes,Yes,17,Yes,No,DSL,No,No,Yes,No,Yes,No,Month-to-month,No,Electronic check,47.8,987.51,No
C00569,Male,35.0,0,No,No,46,Yes,No,Fiber optic,No,Yes,No,Yes,No,No,One year,Yes,Electronic check,72.92,3386.37,No
C02961,Female,36.0,0,Yes,No,1,Yes,No,Fiber optic,Yes,No,Yes,No,Yes,No,Two year,No,Credit card,69.56,137.17,Yes
C01974,Female,51.0,0,Yes,Yes,24,Yes,No,Fiber optic,Yes,No,Yes,No,Yes,Yes,Month-to-month,Yes,Bank transfer,87.84,2335.02,No
C06082,Female,18.0,0,No,No,12,Yes,Yes,DSL,No,No,No,No,No,Yes,Month-to-month,Yes,Mailed check,49.22,656.58,No
C06562,Female,47.0,0,No,No,50,No,No phone service,Fiber optic,Yes,Yes,No,Yes,No,Yes,Month-to-month,Yes,Electronic check,81.15,4054.93,No
C05462,Male,45.0,0,Yes,No,8,No,No phone service,DSL,Yes,Yes,No,Yes,Yes,Yes,Month-to-month,No,Bank transfer,71.48,620.7,Yes
C04753,Male,28.0,0,Yes,Yes,32,Yes,No,DSL,Yes,Yes,No,No,No,Yes,Month-to-month,No,Electronic check,60.7,1623.94,No
C05798,Female,40.0,0,No,No,31,Yes,No,DSL,No,No,Yes,Yes,Yes,Yes,Month-to-month,Yes,Electronic check,59.59,1832.58,No
C02624,Male,27.0,0,No,No,3,Yes,Yes,Fiber optic,Yes,Yes,No,No,Yes,Yes,One year,No,Credit card,78.07,292.63,No
C03594,Female,68.0,1,Yes,Yes,35,Yes,No,Fiber optic,Yes,No,No,No,No,No,Two year,No,Bank transfer,50.5,1933.02,No
C02240,Female,63.0,0,No,No,31,Yes,Yes,Fiber optic,Yes,No,No,No,No,Yes,One year,Yes,Bank transfer,74.26,2126.26,No
C00353,Female,40.0,0,No,No,28,Yes,No,DSL,No,Yes,No,No,No,No,Month-to-month,No,Electronic check,41.35,1249.0,Yes
C05766,Male,52.0,0,Yes,Yes,30,Yes,Yes,Fiber optic,No,Yes,Yes,No,Yes,Yes,One year,Yes,Credit card,93.11,2649.82,No
C07108,Female,46.0,0,No,No,35,Yes,No,Fiber optic,No,No,No,No,Yes,No,Month-to-month,Yes,Electronic check,52.79,2253.71,No
C03484,Male,28.0,0,No,No,62,No,No phone service,Fiber optic,No,No,No,No,No,No,Month-to-month,Yes,Electronic check,58.09,3704.26,No
C05666,Female,42.0,0,No,No,40,Yes,No,Fiber optic,No,Yes,Yes,No,Yes,Yes,Month-to-month,Yes,Electronic check,77.14,2977.31,Yes
C04592,Female,59.0,0,No,Yes,24,No,No phone service,DSL,Yes,Yes,Yes,Yes,No,No,Month-to-month,No,Credit card,51.38,1517.7,No
C06799,Female,33.0,0,Yes,No,0,Yes,Yes,Fiber optic,No,No,No,No,Yes,No,Month-to-month,Yes,Electronic check,75.1,22.61,No
C04302,Male,18.0,0,No,No,0,Yes,Yes,No,No internet service,No internet service,No internet service,No internet service,No internet service,No internet service,Month-to-month,Yes,Electronic check,30.41,48.99,Yes
C00547,Male,18.0,0,No,No,53,Yes,No,DSL,Yes,No,No,No,No,No,Two year,Yes,Credit card,41.21,2250.72,No
C00404,Female,64.0,0,No,No,37,Yes,No,DSL,No,No,Yes,No,Yes,No,One year,No,Credit card,46.47,1723.26,No
C05306,Female,54.0,0,No,Yes,23,Yes,No,Fiber optic,No,No,Yes,No,Yes,No,Month-to-month,No,Electronic check,61.7,1259.54,No
C03948,Male,67.0,1,Yes,No,45,Yes,Yes,Fiber optic,Yes,No,No,No,No,Yes,Two year,No,Electronic check,75.39,3298.46,No
C03207,Male,46.0,0,No,Yes,29,Yes,No,Fiber optic,No,No,No,No,Yes,Yes,Month-to-month,Yes,Bank transfer,74.48,2494.97,No
C00933,Male,26.0,0,No,No,33,Yes,No,DSL,No,No,Yes,Yes,No,Yes,Month-to-month,No,Credit card,54.665,2079.45,No
C02184,Female,55.0,0,Yes,No,39,Yes,No,Fiber optic,No,No,No,Yes,Yes,No,Two year,Yes,Bank transfer,64.17,2235.88,No
C04850,Female,32.0,0,Yes,No,43,Yes,Yes,Fiber optic,No,Yes,Yes,No,No,Yes,Two year,Yes,Mailed check,78.93,3769.56,No
C04492,Male,55.0,0,Yes,Yes,22,Yes,Yes,DSL,No,No,Yes,No,Yes,No,Month-to-month,No,Electronic check,44.45,1110.09,Yes
C06260,Male,50.0,0,No,No,27,Yes,No,DSL,No,Yes,Yes,No,Yes,No,One year,Yes,Mailed check,51.55,1460.01,No
C02998,Female,80.0,1,Yes,Yes,35,Yes,No,DSL,No,No,Yes,Yes,Yes,No,One year,Yes,Bank transfer,60.2,2265.28,No
C03974,Male,19.0,0,No,No,19,Yes,Yes,DSL,No,No,Yes,Yes,Yes,Yes,Two year,Yes,Mailed check,79.0,1545.82,Yes
C01997,Male,41.0,0,No,No,45,Yes,Yes,Fiber optic,No,Yes,No,Yes,Yes,Yes,Month-to-month,Yes,Electronic check,88.12,3927.83,No
C06765,Male,69.0,1,No,No,40,Yes,Yes,Fiber optic,No,Yes,No,No,Yes,Yes,Two year,No,Credit card,89.82,3506.97,No
C06216,Female,18.0,0,Yes,No,0,Yes,No,DSL,Yes,Yes,No,Yes,No,No,Month-to-month,No,Electronic check,57.9,59.49,No
C05999,Female,46.0,0,No,No,44,Yes,Yes,DSL,No,Yes,Yes,No,No,No,Two year,Yes,Credit card,58.94,2600.76,No
C00859,Male,27.0,0,No,No,34,Yes,Yes,No,No internet service,No internet service,No internet service,No internet service,No internet service,No internet service,One year,Yes,Credit card,48.41,1635.51,No
C02898,Male,79.0,1,Yes,Yes,37,Yes,No,DSL,No,Yes,Yes,No,No,No,Two year,Yes,Electronic check,54.35,1762.03,No
C06725,Female,61.0,0,No,No,15,No,No phone service,Fiber optic,No,Yes,No,No,No,Yes,One year,Yes,Credit card,54.87,824.76,No
C03826,Male,50.0,0,Yes,No,25,Yes,No,No,No internet service,No internet service,No internet service,No internet service,No internet service,No internet service,Month-to-month,No,Bank transfer,29.05,790.18,Yes
C05523,Female,45.0,0,No,No,64,Yes,No,DSL,No,No,Yes,No,No,Yes,Month-to-month,Yes,Electronic check,41.35,2886.58,No
C01059,Male,22.0,0,No,No,45,Yes,No,DSL,Yes,No,Yes,No,No,Yes,Two year,Yes,Electronic check,58.34,2944.05,No
C02013,Male,31.0,0,No,No,13,No,No phone service,Fiber optic,No,Yes,Yes,No,Yes,No,One year,No,Electronic check,67.35,959.72,No
C02391,Male,30.0,0,Yes,No,24,Yes,Yes,Fiber optic,No,No,No,Yes,No,No,Month-to-month,Yes,Electronic check,64.55,1680.03,Yes
C00788,Male,48.0,0,Yes,No,33,Yes,No,DSL,No,No,No,Yes,Yes,No,One year,Yes,Bank transfer,57.0,2058.94,No
C02405,Male,44.0,0,No,No,27,Yes,No,DSL,No,Yes,No,No,No,Yes,One year,Yes,Electronic check,56.4,1688.53,Yes
C01522,Male,59.0,0,No,No,28,Yes,No,DSL,No,No,No,Yes,No,Yes,Two year,Yes,Mailed check,54.22,1554.87,No
C06933,Male,54.0,0,Yes,No,51,Yes,Yes,DSL,No,Yes,Yes,No,No,No,Two year,No,Electronic check,46.29,2300.78,No
C05582,Male,21.0,0,Yes,No,0,Yes,Yes,Fiber optic,No,Yes,No,No,No,No,Month-to-month,Yes,Electronic check,66.8,137.28,No
C02864,Male,35.0,0,No,No,1,Yes,No,No,No internet service,No internet service,No internet service,No internet service,No internet service,No internet service,Month-to-month,Yes,Bank transfer,34.12,64.34,No
C03341,Male,35.0,0,Yes,Yes,1,Yes,Yes,DSL,No,No,Yes,No,Yes,Yes,Month-to-month,Yes,Credit card,62.77,86.43,No
C02678,Male,48.0,0,Yes,Yes,0,Yes,No,Fiber optic,No,No,No,No,Yes,No,Month-to-month,No,Electronic check,60.57,155.82,No
C02170,Female,44.0,0,Yes,Yes,36,No,No phone service,Fiber optic,No,No,Yes,Yes,Yes,No,Two year,Yes,Bank transfer,66.41,2166.25,No
C05955,Female,18.0,0,No,Yes,0,Yes,Yes,DSL,No,No,Yes,No,Yes,No,Month-to-month,Yes,Mailed check,73.31,35.76,Yes
C07210,Female,26.0,0,Yes,No,43,Yes,No,DSL,Yes,No,No,Yes,No,Yes,Month-to-month,No,Credit card,58.35,2602.88,No
C06457,Male,80.0,1,Yes,Yes,44,Yes,No,DSL,No,Yes,Yes,No,No,No,Month-to-month,Yes,Credit card,52.64,2494.29,Yes
C01469,Male,46.0,0,Yes,No,19,Yes,No,No,No internet service,No internet service,No internet service,No internet service,No internet service,No internet service,One year,Yes,Electronic check,26.08,531.84,No
C05362,Male,49.0,0,No,No,20,Yes,No,Fiber optic,No,Yes,Yes,No,No,Yes,Month-to-month,No,Electronic check,66.52,1445.04,Yes
C06962,Female,27.0,0,No,No,43,Yes,Yes,Fiber optic,No,No,No,Yes,No,No,One year,No,Mailed check,61.55,3027.63,No
C03200,Male,54.0,0,Yes,No,28,Yes,Yes,Fiber optic,No,Yes,Yes,No,Yes,Yes,One year,No,Credit card,77.99,1975.03,No
C04861,Female,39.0,0,No,No,37,Yes,Yes,Fiber optic,Yes,No,Yes,Yes,Yes,No,Month-to-month,Yes,Electronic check,79.47,3117.68,Yes
C02394,Male,37.0,0,Yes,No,26,Yes,Yes,No,No internet service,No internet service,No internet service,No internet service,No internet service,No internet service,One year,No,Electronic check,36.25,934.98,No
C02398,Female,22.0,0,Yes,No,9,Yes,No,DSL,Yes,No,No,Yes,Yes,Yes,Month-to-month,No,Mailed check,75.78,699.6,Yes
C03410,Female,44.0,0,No,No,49,Yes,Yes,Fiber optic,No,No,No,Yes,No,Yes,Two year,Yes,Mailed check,75.23,4391.79,No
C03110,Female,41.0,0,No,No,0,Yes,No,DSL,No,No,Yes,Yes,No,No,Month-to-month,Yes,Mailed check,50.4,73.31,Yes
C06117,Female,47.0,0,No,No,14,Yes,No,Fiber optic,No,No,Yes,Yes,No,Yes,One year,Yes,Credit card,64.26,1089.23,No
C02839,Male,80.0,1,Yes,No,18,Yes,Yes,Fiber optic,Yes,Yes,No,No,No,Yes,One year,Yes,Mailed check,66.77,1310.37,No
C03405,Female,30.0,0,Yes,No,25,Yes,Yes,Fiber optic,No,No,Yes,No,No,Yes,Month-to-month,No,Bank transfer,79.09,1982.81,No
C02214,Male,71.0,1,Yes,No,49,Yes,No,DSL,No,No,No,No,No,No,Month-to-month,Yes,Mailed check,43.4,2094.1,No
C06608,Male,36.0,0,No,No,0,Yes,No,Fiber optic,No,No,No,No,Yes,Yes,Month-to-month,Yes,Electronic check,66.41,33.29,Yes
C00885,Male,65.0,0,Yes,No,11,Yes,No,DSL,Yes,Yes,No,Yes,Yes,No,Month-to-month,Yes,Electronic check,62.96,600.57,Yes
C05527,Male,31.0,0,No,Yes,15,Yes,Yes,Fiber optic,No,No,No,Yes,Yes,Yes,Month-to-month,Yes,Electronic check,85.37,1417.0,Yes
C05248,Female,49.0,0,No,No,38,No,No phone service,DSL,No,No,Yes,No,Yes,Yes,One year,Yes,Electronic check,47.92,2112.12,No
C01146,Male,75.0,1,Yes,Yes,72,Yes,No,No,No internet service,No internet service,No internet service,No internet service,No internet service,No internet service,Two year,No,Mailed check,21.42,1557.74,No
C00173,Female,28.0,0,No,No,66,Yes,No,No,No internet service,No internet service,No internet service,No internet service,No internet service,No internet service,Two year,Yes,Bank transfer,27.25,1716.41,No
C01826,Female,30.0,0,No,No,50,Yes,No,Fiber optic,No,No,No,No,Yes,No,Two year,Yes,Credit card,60.0,3598.43,No
C05343,Female,58.0,0,Yes,No,18,Yes,No,Fiber optic,No,No,Yes,No,No,No,Two year,No,Bank transfer,61.46,1040.5,Yes
C06180,Female,40.0,0,Yes,No,67,Yes,No,No,No internet service,No internet service,No internet service,No internet service,No internet service,No internet service,Two year,Yes,Bank transfer,25.2,1868.07,No
C00153,Female,31.0,0,No,No,25,Yes,No,Fiber optic,Yes,Yes,Yes,No,Yes,Yes,One year,No,Electronic check,87.78,2306.09,No
C05400,Female,51.0,0,Yes,No,0,Yes,Yes,Fiber optic,Yes,Yes,Yes,No,No,Yes,Month-to-month,No,Electronic check,81.75,152.99,No
C02894,Male,64.0,0,No,No,26,Yes,No,DSL,No,No,Yes,No,No,Yes,Month-to-month,Yes,Mailed check,52.4,1477.47,No
C03649,Female,55.0,0,No,No,44,Yes,No,DSL,No,No,No,No,No,No,One year,Yes,Electronic check,33.81,1798.74,No
C02401,Female,43.0,0,No,No,54,Yes,Yes,DSL,Yes,No,No,No,Yes,No,Month-to-month,Yes,Bank transfer,55.71,3165.55,No
C01396,Female,48.0,0,Yes,Yes,0,Yes,Yes,No,No internet service,No internet service,No internet service,No internet service,No internet service,No internet service,Month-to-month,No,Electronic check,27.64,111.01,No
C01980,Female,52.0,0,No,No,18,Yes,Yes,DSL,No,Yes,Yes,No,No,Yes,One year,Yes,Bank transfer,63.77,1287.61,Yes
C02730,Female,50.0,0,Yes,No,45,Yes,No,Fiber optic,No,No,Yes,No,Yes,Yes,Two year,Yes,Mailed check,75.7,3017.33,No
C05312,Male,23.0,0,No,No,0,Yes,Yes,Fiber optic,Yes,Yes,Yes,Yes,Yes,Yes,Month-to-month,Yes,Bank transfer,98.27,70.82,Yes
C02567,Female,51.0,0,Yes,Yes,21,Yes,No,Fiber optic,Yes,No,No,No,No,No,One year,No,Credit card,62.5,1373.82,No
C04784,Female,61.0,0,Yes,No,10,Yes,No,No,No internet service,No internet service,No internet service,No internet service,No internet service,No internet service,Month-to-month,Yes,Bank transfer,25.86,319.21,No
C03143,Male,43.0,0,No,Yes,32,Yes,No,DSL,No,No,Yes,Yes,Yes,No,Two year,Yes,Electronic check,61.56,2098.22,No
C01502,Female,42.0,0,Yes,No,32,Yes,Yes,DSL,Yes,Yes,No,No,No,No,One year,Yes,Credit card,51.64,1533.44,No
C00257,Male,36.0,0,No,No,24,Yes,Yes,Fiber optic,No,Yes,No,No,No,Yes,Month-to-month,Yes,Electronic check,75.89,1869.67,Yes
C02182,Male,52.0,0,No,Yes,4,Yes,No,Fiber optic,No,No,Yes,No,Yes,No,Month-to-month,Yes,Bank transfer,64.07,407.42,No
C03899,Female,65.0,0,Yes,No,26,Yes,No,DSL,No,Yes,No,No,Yes,No,Month-to-month,No,Bank transfer,57.37,1498.83,No
C02631,Female,52.0,0,No,Yes,33,Yes,No,No,No internet service,No internet service,No internet service,No internet service,No internet service,No internet service,Month-to-month,Yes,Electronic check,26.25,866.77,No
C03030,Female,61.0,0,No,Yes,0,Yes,No,Fiber optic,No,Yes,Yes,No,No,No,Month-to-month,No,Electronic check,70.87,177.06,Yes
C01843,Male,38.0,0,Yes,No,1,Yes,No,Fiber optic,Yes,No,Yes,No,No,No,Month-to-month,Yes,Bank transfer,57.5,57.17,No
C05140,Female,71.0,1,Yes,Yes,72,Yes,No,DSL,No,Yes,Yes,Yes,Yes,Yes,One year,Yes,Credit card,70.9,5486.46,No
C05560,Female,63.0,0,Yes,No,25,Yes,No,Fiber optic,No,Yes,No,Yes,No,Yes,One year,Yes,Electronic check,76.73,1703.05,No
C05918,Male,36.0,0,Yes,No,41,Yes,Yes,Fiber optic,No,Yes,No,Yes,Yes,Yes,Month-to-month,No,Bank transfer,91.63,4436.49,No
C06713,Male,49.0,0,Yes,Yes,23,Yes,Yes,DSL,Yes,No,No,Yes,No,No,Month-to-month,No,Electronic check,68.49,1535.38,No
C06997,Male,18.0,0,No,No,45,Yes,Yes,DSL,No,Yes,Yes,Yes,No,Yes,Two year,Yes,Electronic check,81.31,3870.83,No
C06156,Female,46.0,0,Yes,No,49,Yes,No,DSL,Yes,No,Yes,Yes,No,Yes,Month-to-month,Yes,Mailed check,69.22,2833.27,No
C06689,Male,25.0,0,Yes,No,17,No,No phone service,Fiber optic,No,No,No,Yes,Yes,Yes,Month-to-month,Yes,Electronic check,80.79,1441.32,Yes
C05012,Female,61.0,0,No,No,18,Yes,No,Fiber optic,No,Yes,No,No,No,No,Month-to-month,No,Electronic check,62.39,1306.01,Yes
C04454,Male,33.0,0,No,No,5,Yes,Yes,Fiber optic,No,Yes,Yes,No,Yes,Yes,Month-to-month,Yes,Bank transfer,95.52,604.43,Yes
C06153,Male,48.0,0,Yes,No,6,Yes,No,No,No internet service,No internet service,No internet service,No internet service,No internet service,No internet service,Month-to-month,No,Bank transfer,29.88,194.39,No
C06056,Female,25.0,0,Yes,No,16,Yes,Yes,Fiber optic,Yes,Yes,Yes,Yes,Yes,Yes,Month-to-month,Yes,Mailed check,97.77,1424.17,Yes
C02409,Female,34.0,0,Yes,No,23,Yes,Yes,Fiber optic,No,Yes,Yes,No,No,No,Month-to-month,Yes,Electronic check,68.41,1722.45,No
C04721,Male,31.0,0,No,No,29,Yes,No,Fiber optic,Yes,Yes,Yes,Yes,No,Yes,Month-to-month,Yes,Electronic check,78.46,2162.25,No
C02416,Male,38.0,0,No,No,57,Yes,No,Fiber optic,No,Yes,No,No,No,No,Two year,Yes,Credit card,61.22,3605.83,No
C01558,Female,23.0,0,No,No,35,Yes,No,DSL,Yes,No,No,No,No,No,One year,No,Electronic check,38.29,1411.34,No
C04857,Male,54.0,0,No,No,0,Yes,Yes,Fiber optic,No,No,Yes,No,Yes,No,Month-to-month,No,Mailed check,70.35,84.58,No
C03998,Male,18.0,0,No,Yes,30,Yes,Yes,Fiber optic,No,No,No,No,Yes,No,One year,Yes,Electronic check,74.04,2138.86,No
C00210,Female,35.0,0,Yes,No,53,Yes,Yes,No,No internet service,No internet service,No internet service,No internet service,No internet service,No internet service,One year,Yes,Credit card,22.7,1225.17,No
C07074,Female,46.0,0,Yes,No,0,Yes,Yes,Fiber optic,Yes,No,Yes,Yes,No,No,Month-to-month,Yes,Electronic check,76.0,82.31,Yes
C07060,Female,38.0,0,No,No,59,Yes,Yes,Fiber optic,Yes,No,No,No,No,Yes,Month-to-month,No,Electronic check,65.97,3659.74,No
C03013,Male,58.0,0,Yes,No,20,Yes,No,Fiber optic,No,Yes,Yes,No,No,Yes,Month-to-month,Yes,Credit card,77.92,1698.1,No
C06722,Male,52.0,0,No,No,53,Yes,No,Fiber optic,No,No,Yes,No,Yes,No,One year,Yes,Credit card,77.12,4151.55,No
C04507,Female,33.0,0,No,No,0,Yes,No,Fiber optic,No,No,Yes,No,No,Yes,Month-to-month,No,Electronic check,65.41,157.35,Yes
C03053,Female,53.0,0,Yes,No,42,Yes,No,No,No internet service,No internet service,No internet service,No internet service,No internet service,No internet service,One year,Yes,Electronic check,30.29,1527.66,No
C06692,Male,51.0,0,No,No,51,Yes,No,DSL,No,Yes,Yes,Yes,No,Yes,Two year,Yes,Bank transfer,54.44,2673.04,No
C00086,Female,48.0,0,Yes,Yes,6,Yes,No,Fiber optic,No,No,No,No,No,Yes,Month-to-month,Yes,Electronic check,65.63,462.2,Yes
C04416,Female,41.0,0,No,Yes,39,No,No phone service,No,No internet service,No internet service,No internet service,No internet service,No internet service,No internet service,Month-to-month,Yes,Bank transfer,28.74,1155.19,No
C06652,Female,66.0,1,Yes,No,0,No,No phone service,No,No internet service,No internet service,No internet service,No internet service,No internet service,No internet service,Month-to-month,No,Bank transfer,25.99,155.0,No
C02758,Male,38.0,0,No,No,19,Yes,No,DSL,No,Yes,No,No,Yes,No,One year,Yes,Bank transfer,45.64,840.24,No
C01940,Female,41.0,0,Yes,No,61,Yes,No,Fiber optic,No,Yes,Yes,Yes,No,No,Two year,Yes,Electronic check,68.53,3907.54,No
C01225,Male,36.0,0,No,No,12,Yes,Yes,Fiber optic,No,Yes,Yes,No,No,Yes,Month-to-month,Yes,Electronic check,78.61,1100.84,No
C07229,Male,18.0,0,Yes,No,16,Yes,Yes,DSL,No,No,Yes,No,No,No,Month-to-month,Yes,Bank transfer,51.85,848.22,No
C05150,Female,24.0,0,No,No,18,Yes,No,Fiber optic,No,No,No,No,No,Yes,Month-to-month,No,Electronic check,57.6,1299.51,Yes
C01129,Female,37.0,0,Yes,Yes,19,Yes,Yes,Fiber optic,No,No,Yes,No,No,Yes,One year,No,Electronic check,71.96,1391.49,Yes
C02598,Male,48.0,0,No,No,0,Yes,Yes,DSL,No,No,No,No,No,Yes,Month-to-month,Yes,Electronic check,39.32,13.78,Yes
C00256,Male,18.0,0,No,No,29,Yes,Yes,Fiber optic,Yes,No,No,No,No,No,Month-to-month,No,Mailed check,57.37,1747.13,No
C05812,Male,32.0,0,Yes,No,38,Yes,Yes,Fiber optic,Yes,No,No,No,Yes,Yes,Month-to-month,No,Electronic check,73.06,3102.42,Yes
C01521,Female,38.0,0,Yes,No,8,Yes,Yes,Fiber optic,Yes,No,No,No,Yes,No,Month-to-month,No,Electronic check,69.15,577.02,Yes
C03964,Female,46.0,0,Yes,No,40,Yes,No,DSL,Yes,No,No,No,Yes,No,Two year,Yes,Bank transfer,54.24,2288.6,No
C05011,Female,33.0,0,No,No,59,Yes,Yes,Fiber optic,No,No,Yes,No,Yes,No,Month-to-month,Yes,Credit card,72.66,3554.17,Yes
C02981,Female,37.0,0,Yes,No,27,No,No phone service,DSL,Yes,No,Yes,No,No,No,Month-to-month,No,Electronic check,43.59,1028.83,Yes
C00143,Male,69.0,1,No,No,39,Yes,No,DSL,Yes,Yes,No,No,No,Yes,One year,Yes,Bank transfer,61.7,2126.44,Yes
C04466,Male,43.0,0,Yes,No,37,No,No phone service,No,No internet service,No internet service,No internet service,No internet service,No internet service,No internet service,Two year,No,Mailed check,25.54,999.6,No
C01539,Male,41.0,0,Yes,No,7,Yes,No,DSL,No,No,No,No,Yes,No,Month-to-month,Yes,Electronic check,44.95,339.32,Yes
C06250,Male,40.0,0,No,No,25,Yes,No,DSL,Yes,Yes,Yes,No,No,Yes,Month-to-month,Yes,Electronic check,72.64,2010.26,Yes
C02178,Male,79.0,1,Yes,No,51,Yes,Yes,No,No internet service,No internet service,No internet service,No internet service,No internet service,No internet service,Two year,Yes,Mailed check,33.97,1743.73,No
C03961,Male,22.0,0,No,No,53,Yes,Yes,Fiber optic,No,Yes,No,Yes,Yes,No,One year,Yes,Mailed check,76.38,3851.89,No
C06265,Female,26.0,0,No,Yes,56,Yes,No,DSL,No,No,No,Yes,No,No,One year,Yes,Electronic check,39.44,2207.48,No
C04808,Female,66.0,1,Yes,Yes,38,Yes,No,Fiber optic,Yes,Yes,Yes,No,Yes,Yes,One year,No,Credit card,89.6,3597.83,No
C06292,Male,40.0,0,No,No,59,Yes,No,No,No internet service,No internet service,No internet service,No internet service,No internet service,No internet service,Two year,No,Electronic check,35.73,2214.81,No
C06319,Female,68.0,1,Yes,Yes,8,Yes,Yes,DSL,Yes,No,Yes,No,No,Yes,Month-to-month,Yes,Electronic check,65.24,587.12,No
C06833,Male,27.0,0,No,No,1,Yes,Yes,DSL,No,No,No,Yes,Yes,Yes,Month-to-month,No,Credit card,66.55,212.55,No
C05884,Male,26.0,0,No,No,1,Yes,No,Fiber optic,No,Yes,No,Yes,Yes,Yes,Month-to-month,No,Bank transfer,75.52,170.85,Yes
C01715,Female,40.0,0,No,No,28,Yes,No,Fiber optic,No,Yes,Yes,No,No,Yes,One year,Yes,Credit card,71.33,2273.89,No
C01935,Male,36.0,0,No,Yes,2,Yes,Yes,DSL,Yes,No,No,No,Yes,Yes,Month-to-month,No,Bank transfer,62.85,212.44,Yes
C06529,Female,37.0,0,Yes,Yes,49,Yes,No,Fiber optic,Yes,No,No,Yes,No,Yes,Two year,Yes,Bank transfer,75.48,3960.41,No
C03117,Male,47.0,0,Yes,No,33,Yes,Yes,DSL,Yes,No,Yes,No,Yes,No,One year,Yes,Electronic check,63.89,2068.65,Yes
C06022,Male,43.0,0,No,No,65,Yes,No,DSL,No,No,Yes,No,Yes,Yes,Two year,Yes,Bank transfer,54.78,4480.39,No
C01109,Male,20.0,0,No,No,15,Yes,Yes,Fiber optic,No,Yes,Yes,No,No,Yes,One year,Yes,Credit card,77.98,1269.85,No
C05988,Female,49.0,0,No,No,1,Yes,No,Fiber optic,Yes,Yes,Yes,No,Yes,No,Month-to-month,Yes,Electronic check,71.16,120.28,No
C05563,Female,62.0,0,No,No,0,No,No phone service,Fiber optic,Yes,Yes,No,No,No,No,Month-to-month,Yes,Credit card,66.55,2.73,No
C04114,Female,28.0,0,No,No,17,Yes,Yes,DSL,No,No,No,Yes,Yes,Yes,Two year,Yes,Electronic check,68.42,1171.81,No
C00043,Male,44.0,0,No,No,36,Yes,Yes,DSL,No,No,Yes,No,Yes,No,One year,Yes,Mailed check,57.55,2067.94,No
C07143,Male,55.0,0,Yes,No,25,Yes,Yes,No,No internet service,No internet service,No internet service,No internet service,No internet service,No internet service,Month-to-month,No,Bank transfer,18.57,554.83,No
C01739,Male,46.0,0,Yes,No,15,Yes,Yes,No,No internet service,No internet service,No internet service,No internet service,No internet service,No internet service,Month-to-month,No,Mailed check,25.59,420.86,No
C03169,Male,73.0,1,Yes,No,23,Yes,No,Fiber optic,No,Yes,No,No,Yes,Yes,Month-to-month,Yes,Electronic check,78.79,1727.48,Yes
C03450,Male,32.0,0,No,No,12,Yes,No,No,No internet service,No internet service,No internet service,No internet service,No internet service,No internet service,Month-to-month,No,Bank transfer,18.0,284.15,No
C05992,Female,57.0,0,No,No,11,Yes,No,Fiber optic,No,Yes,No,No,Yes,Yes,Month-to-month,No,Electronic check,74.88,796.16,Yes
C04816,Male,62.0,0,Yes,Yes,24,Yes,No,DSL,Yes,Yes,No,Yes,No,No,Month-to-month,No,Electronic check,61.45,1546.66,Yes
C02658,Male,28.0,0,Yes,No,13,Yes,No,No,No internet service,No internet service,No internet service,No internet service,No internet service,No internet service,Month-to-month,Yes,Bank transfer,27.84,477.02,No
C01195,Female,38.0,0,Yes,No,33,Yes,Yes,Fiber optic,No,No,No,Yes,No,No,One year,No,Bank transfer,63.88,2010.99,No
C00920,Female,50.0,0,Yes,No,0,Yes,No,DSL,No,Yes,No,No,No,No,Month-to-month,Yes,Electronic check,47.28,35.89,Yes
C06848,Male,38.0,0,Yes,No,13,No,No phone service,Fiber optic,No,No,No,Yes,No,No,Month-to-month,Yes,Credit card,60.97,829.52,Yes
C03633,Male,48.0,0,No,No,17,Yes,No,DSL,No,Yes,No,No,Yes,No,Month-to-month,Yes,Bank transfer,46.13,956.98,No
C03258,Male,34.0,0,No,No,25,Yes,No,Fiber optic,No,Yes,No,No,Yes,No,Month-to-month,No,Electronic check,68.6,1703.85,Yes
C02027,Male,46.0,0,No,No,48,Yes,No,DSL,No,No,No,No,No,No,Month-to-month,Yes,Mailed check,34.88,1764.59,No
C01795,Male,52.0,0,No,No,24,Yes,Yes,Fiber optic,Yes,No,No,Yes,No,No,Month-to-month,Yes,Bank transfer,66.73,1583.59,No
C02032,Male,72.0,1,No,No,8,Yes,No,Fiber optic,Yes,Yes,Yes,No,No,No,Month-to-month,No,Electronic check,65.8,567.69,No
C02083,Male,41.0,0,No,No,26,Yes,Yes,Fiber optic,No,Yes,No,No,No,No,Month-to-month,Yes,Bank transfer,62.55,1822.97,No
C00561,Male,43.0,0,No,No,0,Yes,No,Fiber optic,Yes,No,No,No,Yes,Yes,Month-to-month,Yes,Credit card,73.77,13.15,Yes
C01736,Male,19.0,0,No,No,2,Yes,No,DSL,Yes,No,Yes,Yes,Yes,No,Month-to-month,Yes,Electronic check,71.38,140.39,No
C01010,Female,51.0,0,Yes,No,16,Yes,No,Fiber optic,Yes,Yes,No,No,No,Yes,One year,No,Credit card,80.23,1455.5,No
C01741,Female,30.0,0,No,No,35,No,No phone service,DSL,No,No,Yes,Yes,Yes,Yes,Month-to-month,No,Electronic check,55.31,2060.94,Yes
C03449,Female,19.0,0,Yes,No,65,Yes,No,Fiber optic,No,No,Yes,No,No,No,Two year,No,Electronic check,56.55,3491.72,No
C01040,Female,28.0,0,No,No,16,Yes,Yes,DSL,No,No,No,Yes,Yes,No,Month-to-month,Yes,Credit card,61.27,989.54,No
C03569,Male,28.0,0,No,No,25,No,No phone service,No,No internet service,No internet service,No internet service,No internet service,No internet service,No internet service,One year,No,Electronic check,23.2,639.95,No
C00216,Male,36.0,0,No,No,55,Yes,No,Fiber optic,No,Yes,Yes,Yes,Yes,No,One year,No,Bank transfer,70.85,3392.65,No
C02767,Female,56.0,0,No,Yes,23,Yes,No,Fiber optic,No,Yes,No,No,Yes,Yes,Month-to-month,No,Electronic check,72.03,1683.82,Yes
C04827,Female,48.0,0,No,No,0,Yes,Yes,DSL,No,No,Yes,Yes,Yes,Yes,Month-to-month,No,Bank transfer,77.29,57.82,Yes
C04830,Male,32.0,0,Yes,No,24,Yes,Yes,Fiber optic,Yes,No,No,No,Yes,No,One year,Yes,Credit card,83.75,1981.45,No
C05320,Male,56.0,0,No,No,71,Yes,No,Fiber optic,No,Yes,Yes,Yes,No,Yes,Two year,Yes,Electronic check,80.62,5335.84,No
C04298,Female,44.0,0,Yes,No,53,Yes,No,Fiber optic,No,Yes,No,No,No,No,Two year,Yes,Credit card,69.32499999999999,3185.99,No
C02637,Female,43.0,0,Yes,No,8,Yes,No,Fiber optic,No,No,No,No,No,No,Month-to-month,No,Bank transfer,46.44,488.09,No
C03629,Male,45.0,0,No,No,10,No,No phone service,DSL,Yes,Yes,No,Yes,No,Yes,Month-to-month,Yes,Credit card,53.04,549.51,No
C01952,Female,50.0,0,No,No,0,Yes,No,DSL,Yes,No,No,No,Yes,Yes,Month-to-month,Yes,Credit card,62.67,24.63,No
C00584,Female,59.0,0,Yes,No,72,Yes,No,Fiber optic,No,Yes,No,Yes,No,No,Two year,No,Electronic check,65.68,4218.04,No
C01385,Female,25.0,0,No,No,41,Yes,No,Fiber optic,No,No,No,No,No,Yes,One year,No,Bank transfer,60.07,2640.84,No
C06315,Male,23.0,0,No,Yes,16,Yes,No,DSL,No,Yes,No,Yes,No,No,Month-to-month,Yes,Credit card,55.55,907.82,Yes
C03556,Male,45.0,0,No,No,24,Yes,Yes,DSL,No,No,No,No,No,No,Month-to-month,No,Electronic check,44.51,1189.68,Yes
C00017,Female,29.0,0,Yes,Yes,33,Yes,No,DSL,No,No,No,Yes,Yes,No,Month-to-month,Yes,Bank transfer,64.85,1991.23,No
C05923,Male,74.0,1,Yes,No,1,Yes,No,Fiber optic,No,No,Yes,No,No,No,Month-to-month,Yes,Electronic check,53.43,200.71,No
C02156,Female,46.0,0,No,Yes,7,No,No phone service,Fiber optic,No,Yes,No,No,Yes,Yes,Month-to-month,No,Electronic check,69.42,576.45,Yes
C02381,Male,47.0,0,No,Yes,10,Yes,No,DSL,No,Yes,No,No,Yes,Yes,Month-to-month,Yes,Mailed check,60.72,651.65,Yes
C06357,Female,62.0,0,No,No,36,Yes,No,Fiber optic,Yes,No,No,No,Yes,Yes,Month-to-month,Yes,Mailed check,80.78,3424.65,No
C03032,Male,75.0,1,Yes,No,31,Yes,No,DSL,No,Yes,No,Yes,Yes,No,One year,Yes,Electronic check,62.36,1766.92,No
C00767,Male,41.0,0,No,No,36,Yes,No,DSL,No,No,No,Yes,Yes,Yes,One year,Yes,Mailed check,61.57,2121.0,No
C04402,Female,37.0,0,No,No,44,Yes,Yes,DSL,Yes,No,Yes,No,Yes,No,One year,Yes,Electronic check,61.46,3160.48,No
C04038,Female,30.0,0,No,No,32,Yes,Yes,Fiber optic,Yes,Yes,No,No,No,No,One year,No,Mailed check,59.07,2051.78,Yes
C02759,Male,40.0,0,Yes,No,18,Yes,No,Fiber optic,No,No,Yes,No,No,No,Month-to-month,Yes,Electronic check,63.96,1277.74,No
C00148,Male,18.0,0,No,No,26,Yes,Yes,No,No internet service,No internet service,No internet service,No internet service,No internet service,No internet service,One year,No,Bank transfer,28.03,841.33,No
C01239,Female,56.0,0,No,Yes,26,Yes,No,DSL,Yes,No,Yes,No,No,No,Month-to-month,No,Electronic check,48.48,1276.11,No
C04391,Male,43.0,0,No,Yes,35,No,No phone service,Fiber optic,Yes,Yes,Yes,Yes,No,Yes,Two year,Yes,Electronic check,81.06,2805.53,No
C05293,Female,52.0,0,Yes,No,32,Yes,Yes,Fiber optic,No,No,Yes,No,No,No,Month-to-month,Yes,Electronic check,76.17,2762.06,Yes
C03201,Male,62.0,0,Yes,No,72,Yes,Yes,Fiber optic,No,No,No,No,No,No,One year,No,Bank transfer,49.19,3905.92,No
C01768,Male,54.0,0,Yes,Yes,21,Yes,No,Fiber optic,Yes,No,No,No,No,No,Month-to-month,No,Electronic check,54.11,1187.72,No
C01532,Male,42.0,0,No,No,37,Yes,Yes,DSL,Yes,Yes,No,Yes,Yes,Yes,Two year,Yes,Credit card,67.75,2786.29,No
C02856,Male,47.0,0,Yes,No,20,No,No phone service,No,No internet service,No internet service,No internet service,No internet service,No internet service,No internet service,Two year,No,Electronic check,22.98,526.13,No
C05285,Male,50.0,0,Yes,No,31,No,No phone service,DSL,No,No,No,No,No,No,Month-to-month,No,Electronic check,27.34,876.5,No
C03661,Male,61.0,0,Yes,Yes,40,Yes,No,No,No internet service,No internet service,No internet service,No internet service,No internet service,No internet service,Month-to-month,No,Bank transfer,25.16,1222.99,No
C03498,Female,48.0,0,No,Yes,24,Yes,Yes,DSL,No,Yes,Yes,No,No,No,Month-to-month,No,Bank transfer,49.27,1058.78,Yes
C07073,Female,60.0,0,Yes,Yes,0,Yes,Yes,DSL,Yes,Yes,Yes,No,No,Yes,Month-to-month,Yes,Mailed check,65.32,122.41,No
C01253,Male,44.0,0,No,No,50,Yes,Yes,DSL,No,Yes,No,Yes,Yes,Yes,Two year,Yes,Mailed check,69.83,3842.3,No
C01322,Male,23.0,0,No,Yes,72,Yes,Yes,DSL,No,No,No,Yes,Yes,Yes,Two year,No,Mailed check,65.84,5015.67,No
C04082,Male,55.0,0,Yes,No,25,Yes,Yes,DSL,Yes,No,No,No,Yes,No,Month-to-month,Yes,Mailed check,66.1,1598.05,Yes
C01242,Female,50.0,0,Yes,No,61,Yes,No,Fiber optic,Yes,No,No,Yes,No,No,Two year,Yes,Electronic check,60.07,3818.64,No
C03325,Female,31.0,0,No,No,20,Yes,Yes,DSL,No,No,Yes,No,Yes,Yes,Month-to-month,Yes,Mailed check,65.24,1172.04,Yes
C06792,Male,55.0,0,No,No,0,Yes,No,Fiber optic,No,No,No,No,Yes,No,Month-to-month,No,Mailed check,57.8,130.97,No
C04264,Female,32.0,0,Yes,No,45,No,No phone service,Fiber optic,No,No,Yes,Yes,No,Yes,One year,Yes,Electronic check,72.13,3640.85,No
C05902,Male,38.0,0,No,No,31,Yes,Yes,DSL,No,No,Yes,No,Yes,Yes,Two year,Yes,Electronic check,59.25,1895.17,Yes
C00057,Female,72.0,1,Yes,No,43,Yes,No,Fiber optic,No,No,No,No,No,Yes,One year,Yes,Mailed check,59.88,2663.65,No
C00396,Female,40.0,0,No,No,52,Yes,No,No,No internet service,No internet service,No internet service,No internet service,No internet service,No internet service,One year,No,Electronic check,29.1,1772.26,No
C01956,Female,48.0,0,Yes,Yes,19,Yes,No,Fiber optic,No,Yes,No,Yes,Yes,Yes,Month-to-month,Yes,Electronic check,81.34,1637.01,No
C02821,Female,43.0,0,No,No,45,Yes,No,DSL,Yes,No,No,Yes,No,Yes,Two year,No,Bank transfer,51.96,2524.58,No
C03843,Male,23.0,0,No,No,44,Yes,Yes,Fiber optic,No,Yes,Yes,No,No,No,One year,Yes,Electronic check,69.32499999999999,3149.22,No
C02298,Female,46.0,0,No,No,51,Yes,Yes,Fiber optic,Yes,Yes,Yes,No,Yes,No,Two year,No,Bank transfer,79.54,4388.98,No
C04840,Female,69.0,1,Yes,Yes,8,Yes,No,Fiber optic,No,Yes,Yes,No,Yes,No,Month-to-month,No,Credit card,73.52,768.54,Yes
C04002,Female,66.0,1,Yes,Yes,68,Yes,Yes,DSL,No,Yes,Yes,No,Yes,Yes,Two year,Yes,Mailed check,61.41,3621.45,No
C05889,Female,25.0,0,No,No,39,Yes,Yes,Fiber optic,Yes,No,No,Yes,No,Yes,One year,Yes,Credit card,75.6,3261.14,No
C03474,Female,51.0,0,Yes,Yes,58,Yes,No,DSL,Yes,Yes,Yes,Yes,Yes,No,One year,Yes,Credit card,69.45,3182.49,No
C03140,Male,53.0,0,No,No,15,Yes,No,Fiber optic,No,No,No,Yes,No,No,Month-to-month,Yes,Electronic check,70.06,1103.63,Yes
C06085,Male,47.0,0,No,No,38,Yes,No,No,No internet service,No internet service,No internet service,No internet service,No internet service,No internet service,Month-to-month,No,Electronic check,22.6,820.68,No
C03617,Female,61.0,0,Yes,No,63,Yes,Yes,Fiber optic,No,Yes,No,Yes,No,Yes,Two year,Yes,Bank transfer,76.4,5101.23,No
C00289,Female,49.0,0,No,No,61,Yes,Yes,DSL,No,No,No,No,Yes,Yes,Two year,No,Electronic check,52.21,2791.78,No
C01446,Female,36.0,0,No,No,8,Yes,Yes,Fiber optic,Yes,No,No,Yes,Yes,Yes,Month-to-month,Yes,Credit card,86.99,765.07,Yes
C06890,Male,21.0,0,Yes,Yes,21,Yes,Yes,Fiber optic,No,No,No,Yes,No,Yes,Month-to-month,Yes,Mailed check,79.23,1580.26,No
C04786,Male,54.0,0,No,Yes,28,Yes,Yes,Fiber optic,No,Yes,No,Yes,Yes,No,Two year,No,Bank transfer,88.69,2486.07,No
C05935,Female,49.0,0,No,Yes,30,Yes,No,DSL,No,Yes,Yes,Yes,Yes,No,Two year,Yes,Mailed check,71.98,2186.16,No
C06686,Male,41.0,0,No,No,5,Yes,Yes,Fiber optic,No,No,Yes,Yes,No,Yes,Month-to-month,No,Electronic check,75.97,416.53,Yes
C07069,Female,51.0,0,Yes,No,68,Yes,No,Fiber optic,No,Yes,Yes,No,No,No,Two year,Yes,Electronic check,61.76,4343.23,No
C06351,Female,52.0,0,Yes,No,34,Yes,No,DSL,No,No,No,No,No,Yes,Month-to-month,Yes,Electronic check,47.73,1799.8,No
C02163,Male,43.0,0,No,Yes,49,Yes,Yes,No,No internet service,No internet service,No internet service,No internet service,No internet service,No internet service,One year,Yes,Bank transfer,33.74,1734.22,No
C03211,Female,43.0,0,No,No,2,Yes,Yes,Fiber optic,No,No,No,No,Yes,No,Month-to-month,Yes,Electronic check,70.0,217.14,Yes
C05151,Female,40.0,0,No,No,24,Yes,Yes,Fiber optic,No,No,Yes,No,No,Yes,Month-to-month,Yes,Mailed check,76.61,1736.34,Yes
C01331,Female,37.0,0,No,No,15,Yes,Yes,Fiber optic,No,No,No,No,No,Yes,Month-to-month,No,Credit card,67.52,1164.7,No
C05179,Female,41.0,0,No,No,0,Yes,Yes,DSL,Yes,No,No,Yes,No,Yes,Month-to-month,No,Electronic check,56.7,108.28,Yes
C03768,Female,42.0,0,No,No,0,Yes,No,DSL,No,No,No,No,No,No,Month-to-month,No,Electronic check,37.97,69.24,No
C07141,Female,18.0,0,No,No,25,Yes,No,Fiber optic,No,Yes,No,Yes,Yes,No,Month-to-month,Yes,Mailed check,72.3,1824.44,Yes
C02211,Female,29.0,0,Yes,No,49,Yes,Yes,No,No internet service,No internet service,No internet service,No internet service,No internet service,No internet service,Two year,Yes,Credit card,29.73,1589.27,No
C02645,Female,31.0,0,Yes,No,18,Yes,No,No,No internet service,No internet service,No internet service,No internet service,No internet service,No internet service,One year,Yes,Mailed check,29.4,592.17,No
C06867,Male,76.0,1,Yes,No,0,Yes,No,No,No internet service,No internet service,No internet service,No internet service,No internet service,No internet service,Month-to-month,No,Mailed check,18.0,50.56,No
C05481,Female,48.0,0,No,Yes,19,Yes,Yes,Fiber optic,No,No,Yes,No,Yes,No,Month-to-month,Yes,Mailed check,73.0,1382.01,No
C04473,Male,43.0,0,No,No,10,Yes,Yes,DSL,No,Yes,No,Yes,No,No,Month-to-month,Yes,Credit card,51.05,576.69,No
C05103,Female,44.0,0,Yes,No,44,Yes,No,Fiber optic,No,No,No,No,Yes,No,Two year,Yes,Electronic check,67.1,3067.99,No
C00832,Male,39.0,0,No,No,17,Yes,No,Fiber optic,Yes,Yes,No,No,Yes,Yes,Month-to-month,Yes,Electronic check,87.34,1955.13,No
C05692,Male,33.0,0,Yes,No,46,Yes,Yes,No,No internet service,No internet service,No internet service,No internet service,No internet service,No internet service,Month-to-month,Yes,Mailed check,31.58,1427.25,No
C02897,Male,74.0,1,Yes,Yes,38,Yes,No,Fiber optic,No,Yes,Yes,No,No,Yes,Month-to-month,Yes,Credit card,71.53,3044.1,No
C00469,Female,33.0,0,Yes,No,4,Yes,Yes,Fiber optic,Yes,No,No,No,Yes,Yes,Month-to-month,Yes,Bank transfer,85.87,428.78,No
C01507,Male,51.0,0,No,Yes,18,Yes,Yes,DSL,Yes,Yes,Yes,Yes,No,No,Month-to-month,No,Credit card,69.93,1194.005,No
C03674,Male,38.0,0,No,No,63,Yes,No,DSL,Yes,Yes,No,No,No,No,Two year,Yes,Credit card,43.97,2708.5,No
C05135,Female,37.0,0,No,No,28,No,No phone service,Fiber optic,No,No,No,No,Yes,No,Month-to-month,Yes,Electronic check,61.58,1708.6,No
C00473,Male,74.0,1,Yes,No,17,Yes,No,Fiber optic,No,Yes,Yes,No,No,No,Month-to-month,No,Electronic check,63.44,1058.75,No
C02577,Male,41.0,0,No,No,72,Yes,No,DSL,No,Yes,Yes,No,No,No,Two year,No,Mailed check,54.665,3019.12,No
C05648,Female,45.0,0,No,No,14,Yes,Yes,Fiber optic,Yes,No,No,Yes,No,No,One year,No,Credit card,72.15,1062.55,No
C05994,Female,58.0,0,Yes,No,1,Yes,No,Fiber optic,No,Yes,No,No,Yes,Yes,Month-to-month,Yes,Electronic check,68.14,146.02,Yes
C04451,Female,36.0,0,Yes,No,16,Yes,No,DSL,No,Yes,No,No,Yes,Yes,One year,No,Credit card,58.78,948.68,No
C04513,Female,46.0,0,No,No,11,Yes,No,Fiber optic,No,No,No,Yes,No,No,Month-to-month,No,Bank transfer,62.37,705.35,Yes
C05805,Male,40.0,0,No,No,21,Yes,Yes,Fiber optic,Yes,No,No,No,Yes,No,Month-to-month,Yes,Mailed check,71.63,1798.34,Yes
C05209,Female,67.0,1,Yes,Yes,25,Yes,No,DSL,Yes,No,No,No,No,No,Month-to-month,Yes,Mailed check,48.41,1250.76,No
C03628,Female,34.0,0,No,No,40,Yes,Yes,DSL,No,No,No,No,No,Yes,One year,Yes,Mailed check,56.97,2346.13,No
C01101,Male,26.0,0,No,No,8,Yes,No,DSL,Yes,No,No,Yes,Yes,No,Month-to-month,Yes,Mailed check,57.36,532.53,Yes
C03693,Female,37.0,0,No,No,67,No,No phone service,No,No internet service,No internet service,No internet service,No internet service,No internet service,No internet service,Month-to-month,No,Electronic check,18.0,1451.1,No
C00453,Female,41.0,0,No,No,23,Yes,Yes,No,No internet service,No internet service,No internet service,No internet service,No internet service,No internet service,Month-to-month,Yes,Electronic check,30.78,824.49,No
C05893,Female,66.0,1,No,No,15,No,No phone service,DSL,No,No,No,No,No,No,Month-to-month,Yes,Bank transfer,30.43,589.79,No
C04174,Male,53.0,0,No,Yes,24,Yes,No,Fiber optic,No,Yes,No,Yes,Yes,No,Month-to-month,Yes,Electronic check,66.04,1897.14,Yes
C05740,Male,38.0,0,No,No,37,Yes,Yes,No,No internet service,No internet service,No internet service,No internet service,No internet service,No internet service,Month-to-month,Yes,Electronic check,32.25,2380.09,No
C05556,Female,40.0,0,No,No,56,Yes,No,No,No internet service,No internet service,No internet service,No internet service,No internet service,No internet service,Month-to-month,No,Credit card,22.11,1155.65,No
C05229,Female,38.0,0,No,No,48,Yes,Yes,Fiber optic,No,Yes,No,No,Yes,Yes,Two year,Yes,Electronic check,77.91,3758.58,No
C00730,Male,44.0,0,No,No,35,Yes,No,Fiber optic,No,No,Yes,Yes,No,Yes,Month-to-month,No,Mailed check,63.5,2150.79,No
C04244,Female,19.0,0,No,No,46,Yes,Yes,No,No internet service,No internet service,No internet service,No internet service,No internet service,No internet service,Two year,No,Bank transfer,30.11,1503.77,No
C05959,Female,35.0,0,No,No,32,Yes,Yes,DSL,Yes,Yes,Yes,Yes,Yes,Yes,One year,Yes,Electronic check,86.73,3067.03,No
C03650,Female,42.0,0,No,No,0,Yes,No,DSL,Yes,No,No,No,Yes,No,Month-to-month,No,Electronic check,54.59,174.35,Yes
C03271,Male,27.0,0,No,No,33,Yes,Yes,No,No internet service,No internet service,No internet service,No internet service,No internet service,No internet service,Month-to-month,Yes,Electronic check,29.7,1116.26,No
C00965,Male,29.0,0,No,No,11,Yes,No,No,No internet service,No internet service,No internet service,No internet service,No internet service,No internet service,Month-to-month,Yes,Bank transfer,29.83,396.71,No
C00400,Female,46.0,0,Yes,No,64,Yes,Yes,DSL,No,Yes,No,No,No,Yes,One year,No,Bank transfer,52.11,4138.31,No
C01299,Female,42.0,0,No,No,15,No,No phone service,Fiber optic,No,No,No,No,No,No,Month-to-month,No,Electronic check,48.11,881.81,Yes
C04238,Male,37.0,0,No,No,8,Yes,No,DSL,No,Yes,No,No,No,No,One year,No,Credit card,30.87,321.44,No
C01354,Female,37.0,0,No,No,1,Yes,No,Fiber optic,No,Yes,No,No,Yes,No,Month-to-month,No,Electronic check,73.78,209.83,Yes
C06819,Female,80.0,1,No,No,12,Yes,Yes,DSL,No,No,No,No,Yes,No,Month-to-month,No,Credit card,50.04,592.53,No
C00308,Female,34.0,0,No,Yes,11,Yes,Yes,DSL,No,No,Yes,No,No,No,Month-to-month,Yes,Bank transfer,58.38,754.21,No
C04648,Male,80.0,1,No,Yes,16,Yes,Yes,DSL,No,Yes,Yes,Yes,No,Yes,One year,Yes,Mailed check,63.63,1179.21,Yes
C05510,Female,48.0,0,Yes,Yes,18,Yes,Yes,Fiber optic,Yes,Yes,No,No,No,No,Month-to-month,Yes,Mailed check,76.26,1474.41,No
C01454,Female,62.0,0,No,Yes,18,Yes,No,DSL,No,No,Yes,No,Yes,No,Month-to-month,No,Mailed check,54.665,823.07,No
C06557,Male,57.0,0,No,Yes,62,Yes,Yes,DSL,No,No,Yes,No,No,Yes,Two year,Yes,Credit card,59.62,3798.99,No
C03313,Female,34.0,0,Yes,No,48,Yes,Yes,Fiber optic,No,Yes,No,Yes,Yes,No,Two year,Yes,Credit card,77.05,3743.99,No
C05574,Female,35.0,0,Yes,Yes,32,Yes,Yes,Fiber optic,Yes,No,No,No,Yes,No,Month-to-month,No,Bank transfer,62.36,1879.33,No
C02536,Female,49.0,0,No,No,22,Yes,No,Fiber optic,No,Yes,No,No,No,No,One year,Yes,Credit card,58.7,1546.27,No
C02306,Female,62.0,0,No,No,29,Yes,Yes,No,No internet service,No internet service,No internet service,No internet service,No internet service,No internet service,Month-to-month,Yes,Mailed check,25.31,876.27,No
C01269,Male,26.0,0,Yes,No,2,Yes,No,No,No internet service,No internet service,No internet service,No internet service,No internet service,No internet service,One year,Yes,Credit card,21.65,197.31,No
C02715,Female,37.0,0,No,No,26,Yes,No,DSL,No,No,No,No,Yes,Yes,Month-to-month,No,Mailed check,58.8,1509.34,No
C05456,Female,43.0,0,Yes,No,55,No,No phone service,Fiber optic,No,No,Yes,No,No,No,Two year,Yes,Mailed check,58.29,3161.79,No
C04596,Female,37.0,0,No,No,29,Yes,Yes,DSL,No,No,Yes,No,No,Yes,Month-to-month,Yes,Electronic check,55.6,1552.24,No
C04204,Female,64.0,0,Yes,No,0,Yes,Yes,DSL,Yes,No,Yes,No,Yes,No,Month-to-month,No,Mailed check,62.1,27.23,No
C06587,Male,24.0,0,No,No,4,Yes,Yes,DSL,No,No,No,No,No,Yes,Month-to-month,No,Electronic check,45.69,257.55,Yes
C06235,Female,54.0,0,Yes,No,27,No,No phone service,Fiber optic,No,No,No,No,No,Yes,Month-to-month,No,Electronic check,51.42,1453.95,Yes
C01366,Male,22.0,0,No,No,45,Yes,No,No,No internet service,No internet service,No internet service,No internet service,No internet service,No internet service,Month-to-month,No,Credit card,22.69,932.79,No
C06030,Male,49.0,0,Yes,No,0,Yes,No,DSL,Yes,Yes,No,No,No,No,Month-to-month,Yes,Credit card,53.89,43.05,Yes
C03120,Male,39.0,0,No,No,0,Yes,No,Fiber optic,No,No,No,No,Yes,No,Month-to-month,No,Bank transfer,58.21,156.5,No
C05371,Male,25.0,0,No,No,34,Yes,Yes,DSL,No,Yes,No,Yes,Yes,Yes,One year,Yes,Electronic check,72.68,2582.68,No
C00994,Male,41.0,0,No,No,43,Yes,No,DSL,No,No,No,No,Yes,Yes,One year,Yes,Credit card,65.71,2696.91,No
C04091,Female,41.0,0,No,No,72,Yes,Yes,DSL,No,Yes,No,Yes,No,Yes,Two year,Yes,Mailed check,71.78,5003.34,No
C01020,Male,34.0,0,No,No,7,Yes,No,No,No internet service,No internet service,No internet service,No internet service,No internet service,No internet service,Month-to-month,Yes,Electronic check,21.67,293.66,No
C01787,Female,28.0,0,Yes,Yes,35,Yes,No,DSL,Yes,No,No,No,Yes,Yes,Month-to-month,Yes,Electronic check,51.8,1889.04,No
C01656,Male,53.0,0,Yes,Yes,0,Yes,Yes,Fiber optic,No,No,No,No,No,No,Month-to-month,Yes,Mailed check,62.14,5.51,Yes
C02327,Female,24.0,0,Yes,No,36,Yes,Yes,Fiber optic,Yes,Yes,No,No,No,Yes,Month-to-month,No,Bank transfer,88.45,3106.57,Yes
C03580,Female,18.0,0,No,No,43,Yes,No,Fiber optic,Yes,Yes,No,No,No,Yes,Two year,No,Credit card,68.9,2941.15,No
C06397,Female,71.0,1,Yes,No,68,Yes,No,Fiber optic,Yes,No,Yes,Yes,Yes,No,Two year,No,Credit card,73.87,5045.1,No
C04947,Female,32.0,0,No,No,15,Yes,No,Fiber optic,Yes,Yes,Yes,No,Yes,No,Month-to-month,Yes,Electronic check,74.85,1222.43,No
C04533,Female,46.0,0,Yes,No,18,No,No phone service,Fiber optic,No,No,No,No,No,Yes,Month-to-month,Yes,Bank transfer,57.23,1130.08,No
C01760,Female,44.0,0,No,No,54,Yes,Yes,DSL,No,No,No,Yes,No,No,One year,No,Electronic check,49.52,2651.91,No
C04735,Female,50.0,0,No,No,43,Yes,No,Fiber optic,No,No,No,No,No,No,Month-to-month,No,Electronic check,55.78,2583.02,No
C03607,Male,36.0,0,No,No,3,Yes,No,No,No internet service,No internet service,No internet service,No internet service,No internet service,No internet service,Month-to-month,Yes,Electronic check,22.04,144.92,No
C05938,Female,43.0,0,No,No,51,Yes,Yes,No,No internet service,No internet service,No internet service,No internet service,No internet service,No internet service,Two year,Yes,Mailed check,32.08,1719.42,No
C02525,Female,41.0,0,No,Yes,34,Yes,No,Fiber optic,Yes,Yes,No,No,Yes,No,Month-to-month,Yes,Electronic check,66.68,2498.66,No
C05076,Male,64.0,0,No,No,36,Yes,Yes,DSL,Yes,No,No,No,Yes,Yes,Month-to-month,No,Mailed check,64.65,2864.78,No
C04130,Male,57.0,0,Yes,No,16,Yes,No,DSL,No,Yes,No,No,No,No,Month-to-month,No,Bank transfer,36.72,686.11,No
C01021,Male,44.0,0,No,No,60,Yes,No,Fiber optic,No,Yes,No,No,Yes,No,Two year,Yes,Credit card,71.01,3767.76,No
C05467,Male,29.0,0,No,No,7,Yes,No,DSL,No,Yes,Yes,No,No,Yes,Month-to-month,Yes,Bank transfer,43.5,419.38,No
C02224,Female,64.0,0,Yes,Yes,72,Yes,Yes,DSL,No,No,Yes,No,No,Yes,One year,Yes,Electronic check,60.45,4442.78,No
C02054,Male,39.0,0,No,No,22,Yes,No,No,No internet service,No internet service,No internet service,No internet service,No internet service,No internet service,Month-to-month,No,Bank transfer,32.86,783.39,No
C04565,Female,32.0,0,Yes,No,21,Yes,Yes,Fiber optic,Yes,Yes,No,Yes,No,No,Month-to-month,Yes,Mailed check,85.52,2071.75,No
C02569,Female,46.0,0,No,No,42,Yes,No,No,No internet service,No internet service,No internet service,No internet service,No internet service,No internet service,One year,Yes,Electronic check,20.2,2505.96,No
C00371,Female,32.0,0,Yes,No,1,Yes,Yes,DSL,No,Yes,No,No,No,Yes,Month-to-month,No,Electronic check,59.22,169.29,Yes
C03978,Male,37.0,0,No,No,0,Yes,Yes,Fiber optic,Yes,No,No,No,No,Yes,Month-to-month,Yes,Electronic check,76.77,147.51,No
C00642,Female,58.0,0,Yes,No,52,Yes,Yes,DSL,No,No,No,No,Yes,Yes,Two year,Yes,Mailed check,64.53,3573.59,No
C01557,Female,59.0,0,Yes,Yes,22,Yes,Yes,No,No internet service,No internet service,No internet service,No internet service,No internet service,No internet service,One year,Yes,Credit card,23.16,418.51,No
C05760,Female,38.0,0,No,No,18,Yes,Yes,No,No internet service,No internet service,No internet service,No internet service,No internet service,No internet service,One year,No,Bank transfer,30.73,764.32,No
C02278,Female,35.0,0,No,No,42,Yes,Yes,No,No internet service,No internet service,No internet service,No internet service,No internet service,No internet service,Two year,Yes,Mailed check,33.14,2505.96,No
C00587,Female,18.0,0,No,No,64,Yes,Yes,Fiber optic,No,Yes,No,No,No,Yes,Two year,Yes,Mailed check,64.91,4190.24,No
C00431,Male,44.0,0,No,No,34,Yes,Yes,DSL,No,No,Yes,No,Yes,Yes,Month-to-month,No,Credit card,63.64,2488.12,No
C06808,Female,53.0,0,No,No,43,Yes,No,DSL,No,No,Yes,No,No,No,Two year,No,Electronic check,40.56,1608.3,No
C06405,Female,45.0,0,No,No,1,Yes,No,DSL,No,No,Yes,No,Yes,Yes,Month-to-month,Yes,Credit card,55.46,199.64,No
C00065,Female,46.0,0,Yes,No,57,Yes,Yes,No,No internet service,No internet service,No internet service,No internet service,No internet service,No internet service,One year,No,Electronic check,34.25,2406.97,No
C01390,Male,71.0,1,Yes,No,50,Yes,Yes,Fiber optic,No,Yes,No,Yes,Yes,No,One year,Yes,Electronic check,79.99,3715.28,No
C05755,Female,50.0,0,Yes,Yes,35,Yes,Yes,No,No internet service,No internet service,No internet service,No internet service,No internet service,No internet service,One year,Yes,Mailed check,41.89,1543.21,No
C05997,Female,26.0,0,Yes,No,0,Yes,No,Fiber optic,No,No,Yes,Yes,Yes,Yes,Month-to-month,Yes,Electronic check,83.91,93.36,Yes
C05757,Male,61.0,0,Yes,No,27,Yes,No,Fiber optic,No,Yes,No,Yes,No,No,Two year,Yes,Mailed check,70.81,2027.05,No
C01778,Female,45.0,0,No,Yes,16,Yes,Yes,Fiber optic,No,No,Yes,No,No,Yes,Month-to-month,No,Electronic check,67.47,1252.48,Yes
C00983,Female,40.0,0,No,No,36,Yes,No,DSL,No,No,Yes,No,Yes,No,Month-to-month,Yes,Mailed check,52.99,1941.31,No
C03465,Male,36.0,0,No,No,5,Yes,No,Fiber optic,No,No,No,No,No,No,Month-to-month,No,Electronic check,60.37,406.82,Yes
C00361,Male,37.0,0,No,No,65,Yes,No,No,No internet service,No internet service,No internet service,No internet service,No internet service,No internet service,Two year,Yes,Bank transfer,25.92,1987.32,No
C00262,Female,42.0,0,No,No,19,Yes,Yes,DSL,No,No,Yes,Yes,Yes,Yes,One year,Yes,Mailed check,64.14,1456.88,No
C01189,Male,36.0,0,Yes,Yes,34,Yes,Yes,DSL,No,Yes,No,No,No,Yes,Month-to-month,No,Bank transfer,52.09,2045.77,No
C02507,Male,45.0,0,No,Yes,27,Yes,No,Fiber optic,No,No,No,No,Yes,No,One year,Yes,Mailed check,61.18,1568.46,No
C06932,Male,26.0,0,No,Yes,0,Yes,No,Fiber optic,No,Yes,No,Yes,Yes,No,Month-to-month,Yes,Electronic check,79.79,167.24,Yes
C03538,Female,46.0,0,Yes,No,39,Yes,Yes,Fiber optic,No,Yes,No,No,Yes,No,Month-to-month,Yes,Electronic check,70.6,2908.34,No
C00102,Female,39.0,0,No,No,26,Yes,No,DSL,No,Yes,No,Yes,No,No,Month-to-month,Yes,Credit card,48.47,1344.1,Yes
C01075,Male,29.0,0,No,No,39,Yes,No,Fiber optic,Yes,No,No,Yes,No,Yes,One year,Yes,Mailed check,75.86,2977.56,No
C04663,Female,40.0,0,Yes,Yes,39,Yes,No,No,No internet service,No internet service,No internet service,No internet service,No internet service,No internet service,Month-to-month,Yes,Credit card,26.28,1260.37,No
C03389,Female,70.0,1,Yes,No,37,Yes,Yes,Fiber optic,No,Yes,Yes,Yes,No,No,Two year,Yes,Electronic check,69.75,2449.68,No
C04874,Male,78.0,1,Yes,Yes,11,Yes,No,Fiber optic,No,No,No,No,No,Yes,Month-to-month,Yes,Credit card,70.4,804.7,No
C03657,Male,44.0,0,No,No,50,Yes,No,Fiber optic,No,No,Yes,No,Yes,No,One year,No,Credit card,58.62,2830.96,No
C00899,Female,47.0,0,No,No,50,Yes,No,DSL,Yes,Yes,No,Yes,Yes,No,One year,Yes,Credit card,55.94,2722.33,No
C01014,Male,64.0,0,Yes,No,14,Yes,Yes,Fiber optic,Yes,No,Yes,No,No,Yes,Month-to-month,Yes,Mailed check,80.49,1143.97,Yes
C01288,Female,32.0,0,No,No,32,Yes,Yes,Fiber optic,Yes,Yes,No,No,No,Yes,Month-to-month,No,Electronic check,75.49,2531.24,Yes
C01816,Male,34.0,0,No,Yes,23,Yes,Yes,Fiber optic,Yes,Yes,Yes,No,Yes,No,One year,No,Mailed check,81.85,2052.66,No
C01116,Female,50.0,0,No,No,33,Yes,No,Fiber optic,No,No,No,No,No,No,Two year,No,Bank transfer,54.08,1666.14,No
C00094,Female,69.0,1,Yes,Yes,45,Yes,Yes,DSL,Yes,Yes,No,No,No,No,Two year,No,Electronic check,57.85,2389.8,No
C03459,Female,47.0,0,Yes,Yes,55,Yes,Yes,No,No internet service,No internet service,No internet service,No internet service,No internet service,No internet service,One year,Yes,Electronic check,34.21,1826.96,No
C05987,Female,35.0,0,Yes,Yes,14,Yes,Yes,No,No internet service,No internet service,No internet service,No internet service,No internet service,No internet service,Month-to-month,Yes,Electronic check,38.16,696.78,No
C00886,Female,20.0,0,No,Yes,15,No,No phone service,Fiber optic,No,No,Yes,No,Yes,No,One year,No,Credit card,61.76,1048.48,No
C02657,Male,29.0,0,No,No,72,Yes,Yes,No,No internet service,No internet service,No internet service,No internet service,No internet service,No internet service,Two year,No,Bank transfer,22.44,1722.06,No
C06627,Female,30.0,0,Yes,No,28,Yes,Yes,Fiber optic,Yes,Yes,No,No,Yes,Yes,Two year,No,Mailed check,82.97,2584.86,No
C06462,Female,48.0,0,No,No,31,Yes,No,Fiber optic,No,No,No,Yes,No,No,Two year,Yes,Bank transfer,63.29,1899.76,No
C05592,Female,38.0,0,No,No,17,Yes,Yes,DSL,No,No,No,No,Yes,No,Month-to-month,No,Electronic check,49.17,1025.14,No
C06076,Male,61.0,0,No,Yes,26,Yes,Yes,DSL,No,No,Yes,Yes,Yes,No,Month-to-month,Yes,Bank transfer,63.28,1697.6,No
C00638,Female,55.0,0,Yes,No,35,Yes,No,Fiber optic,Yes,No,No,No,No,Yes,Two year,Yes,Bank transfer,59.11,2050.6,No
C00013,Female,47.0,0,Yes,Yes,34,Yes,Yes,DSL,No,No,No,No,Yes,No,Month-to-month,Yes,Bank transfer,54.94,1857.06,No
C02350,Male,32.0,0,Yes,Yes,25,No,No phone service,Fiber optic,No,Yes,No,No,No,Yes,Month-to-month,Yes,Mailed check,61.78,1684.52,No
C02618,Female,56.0,0,No,No,62,Yes,Yes,DSL,Yes,Yes,Yes,No,No,Yes,One year,No,Bank transfer,54.63,3263.97,No
C05167,Male,28.0,0,Yes,No,55,Yes,No,Fiber optic,Yes,No,No,No,No,No,One year,Yes,Bank transfer,62.3,3413.11,No
C06505,Male,23.0,0,No,No,26,Yes,Yes,No,No internet service,No internet service,No internet service,No internet service,No internet service,No internet service,Month-to-month,No,Electronic check,36.44,1147.72,Yes
C01257,Female,50.0,0,No,No,19,Yes,No,Fiber optic,Yes,Yes,Yes,No,No,No,One year,No,Bank transfer,72.03,1474.2,No
C04979,Female,19.0,0,No,No,0,Yes,Yes,No,No internet service,No internet service,No internet service,No internet service,No internet service,No internet service,Month-to-month,Yes,Credit card,25.96,102.5,No
C06807,Female,72.0,1,Yes,No,17,No,No phone service,Fiber optic,No,No,No,Yes,No,No,One year,No,Credit card,48.64,860.33,No
C04653,Female,59.0,0,Yes,No,62,Yes,No,DSL,Yes,No,Yes,No,No,Yes,Month-to-month,No,Mailed check,54.665,3109.18,No
C05352,Male,60.0,0,Yes,No,33,Yes,No,No,No internet service,No internet service,No internet service,No internet service,No internet service,No internet service,One year,Yes,Mailed check,36.09,1290.28,No
C05946,Female,45.0,0,No,No,29,Yes,No,Fiber optic,No,Yes,Yes,No,Yes,No,Month-to-month,Yes,Bank transfer,78.28,2471.73,Yes
C06660,Male,19.0,0,No,No,29,No,No phone service,No,No internet service,No internet service,No internet service,No internet service,No internet service,No internet service,One year,Yes,Credit card,21.51,739.69,No
C04718,Male,52.0,0,Yes,Yes,67,No,No phone service,No,No internet service,No internet service,No internet service,No internet service,No internet service,No internet service,Two year,No,Electronic check,33.41,2230.99,No
C01153,Female,42.0,0,Yes,No,45,Yes,Yes,DSL,No,Yes,Yes,No,Yes,Yes,Two year,No,Electronic check,70.83,3328.82,No
C04152,Male,36.0,0,Yes,No,4,Yes,No,Fiber optic,Yes,No,Yes,Yes,No,Yes,One year,Yes,Bank transfer,76.76,420.97,No
C05495,Female,56.0,0,Yes,Yes,21,Yes,Yes,Fiber optic,No,No,No,No,Yes,Yes,Month-to-month,Yes,Credit card,69.32499999999999,1673.47,No
C03940,Female,30.0,0,No,No,0,Yes,Yes,No,No internet service,No internet service,No internet service,No internet service,No internet service,No internet service,Month-to-month,Yes,Bank transfer,38.01,151.35,No
C06668,Male,26.0,0,No,No,54,Yes,No,DSL,No,No,Yes,No,Yes,Yes,Two year,Yes,Electronic check,68.17,3568.01,No
C02919,Male,43.0,0,Yes,No,0,Yes,No,Fiber optic,Yes,No,No,Yes,No,No,Month-to-month,Yes,Bank transfer,71.08,98.5,No
C01577,Female,49.0,0,Yes,No,0,Yes,No,Fiber optic,No,Yes,Yes,No,Yes,No,Month-to-month,Yes,Electronic check,76.72,148.32,Yes
C02999,Male,26.0,0,No,No,42,Yes,Yes,DSL,No,No,No,No,Yes,No,Month-to-month,No,Electronic check,41.84,1795.66,Yes
C06952,Male,72.0,1,Yes,No,25,Yes,No,Fiber optic,No,Yes,No,No,Yes,No,Month-to-month,Yes,Credit card,71.89,2034.27,Yes
C04023,Male,35.0,0,No,No,39,Yes,Yes,No,No internet service,No internet service,No internet service,No internet service,No internet service,No internet service,Month-to-month,Yes,Credit card,40.42,2517.72,No
C06696,Male,33.0,0,No,No,21,Yes,No,DSL,Yes,No,No,No,Yes,No,Month-to-month,Yes,Mailed check,46.86,974.23,No
C07093,Male,50.0,0,No,No,43,Yes,Yes,DSL,No,Yes,No,Yes,Yes,No,One year,No,Electronic check,67.14,2783.57,No
C04399,Male,60.0,0,No,No,31,Yes,Yes,DSL,Yes,Yes,Yes,No,No,Yes,Month-to-month,Yes,Electronic check,71.71,2112.46,No
C05137,Male,27.0,0,Yes,No,66,No,No phone service,No,No internet service,No internet service,No internet service,No internet service,No internet service,No internet service,One year,Yes,Bank transfer,18.0,1192.94,No
C00393,Female,72.0,1,Yes,No,62,Yes,No,Fiber optic,No,No,Yes,No,No,No,Month-to-month,Yes,Bank transfer,45.76,2836.95,No
C04312,Female,55.0,0,Yes,No,35,No,No phone service,DSL,No,No,Yes,No,No,Yes,Two year,Yes,Electronic check,50.85,1779.46,Yes
C07009,Male,71.0,1,No,No,19,Yes,No,DSL,No,Yes,Yes,Yes,Yes,Yes,Month-to-month,Yes,Electronic check,67.62,1313.69,No
C03037,Male,43.0,0,No,No,36,Yes,No,Fiber optic,No,Yes,No,No,No,No,One year,Yes,Mailed check,67.02,2540.26,No
C02228,Female,35.0,0,No,No,38,Yes,Yes,Fiber optic,No,No,Yes,No,No,No,Two year,Yes,Credit card,70.25,2709.81,Yes
C01527,Male,50.0,0,No,No,10,Yes,Yes,DSL,No,No,Yes,No,No,No,Month-to-month,Yes,Electronic check,47.97,516.05,Yes
C04575,Male,28.0,0,No,No,44,Yes,No,Fiber optic,No,No,No,Yes,No,Yes,Month-to-month,Yes,Electronic check,74.1,3133.87,No
C01130,Male,55.0,0,No,No,72,Yes,Yes,No,No internet service,No internet service,No internet service,No internet service,No internet service,No internet service,Two year,No,Mailed check,30.59,2369.97,No
C04465,Male,47.0,0,No,No,0,Yes,No,Fiber optic,No,No,Yes,Yes,Yes,No,Month-to-month,Yes,Electronic check,68.95,134.93,Yes
C06400,Female,28.0,0,No,No,60,Yes,No,DSL,No,Yes,No,No,Yes,No,Two year,Yes,Bank transfer,49.03,2833.38,No
C05107,Male,42.0,0,Yes,No,4,Yes,Yes,Fiber optic,No,No,No,No,No,Yes,Month-to-month,No,Credit card,53.32,324.88,No
C05019,Male,50.0,0,Yes,No,22,Yes,Yes,Fiber optic,No,No,Yes,Yes,No,No,Month-to-month,No,Electronic check,60.67,1429.51,No
C04422,Male,58.0,0,No,No,70,Yes,No,Fiber optic,No,Yes,No,Yes,No,Yes,Two year,No,Bank transfer,68.53,4526.52,No
C05881,Female,40.0,0,No,No,54,Yes,Yes,No,No internet service,No internet service,No internet service,No internet service,No internet service,No internet service,Month-to-month,Yes,Bank transfer,40.13,2148.0,No
C00480,Female,42.0,0,Yes,No,25,Yes,No,Fiber optic,Yes,Yes,No,Yes,No,Yes,Month-to-month,No,Credit card,72.32,1738.2,No
C01330,Female,33.0,0,No,No,28,Yes,Yes,Fiber optic,No,No,Yes,No,Yes,No,Two year,No,Credit card,76.03,2324.34,No
C01198,Female,44.0,0,No,No,20,Yes,No,Fiber optic,Yes,Yes,No,Yes,Yes,Yes,One year,No,Electronic check,82.81,1902.34,Yes
C05951,Male,46.0,0,No,No,52,Yes,No,Fiber optic,No,No,Yes,No,No,No,Two year,Yes,Mailed check,58.6,3536.83,No
C05741,Female,28.0,0,No,No,0,Yes,No,Fiber optic,No,Yes,Yes,No,Yes,No,Month-to-month,Yes,Electronic check,70.16,0.42,Yes
C03057,Female,48.0,0,No,No,30,Yes,Yes,No,No internet service,No internet service,No internet service,No internet service,No internet service,No internet service,Two year,No,Credit card,22.28,829.18,No
C02721,Male,57.0,0,Yes,Yes,50,No,No phone service,DSL,Yes,No,No,No,Yes,Yes,Month-to-month,No,Electronic check,53.16,2559.04,Yes
C01707,Female,78.0,1,Yes,No,40,Yes,No,DSL,Yes,No,Yes,No,No,No,One year,Yes,Mailed check,43.69,2123.87,Yes
C01435,Male,18.0,0,No,No,0,Yes,No,DSL,No,No,Yes,No,No,Yes,Month-to-month,No,Mailed check,51.63,179.33,Yes
C03208,Female,33.0,0,No,No,25,Yes,Yes,Fiber optic,No,No,No,No,No,No,Month-to-month,Yes,Electronic check,52.71,1373.91,No
C01100,Female,80.0,1,No,No,14,Yes,No,Fiber optic,Yes,No,No,No,Yes,No,Two year,Yes,Bank transfer,63.89,867.59,No
C01591,Male,37.0,0,Yes,No,14,Yes,Yes,DSL,No,No,Yes,No,No,No,Month-to-month,No,Electronic check,37.38,687.19,Yes
C04603,Female,47.0,0,No,No,26,Yes,No,Fiber optic,No,No,No,No,No,No,Month-to-month,No,Electronic check,44.07,1179.78,No
C04169,Female,54.0,0,Yes,Yes,29,Yes,Yes,Fiber optic,Yes,Yes,No,No,Yes,Yes,Month-to-month,No,Credit card,70.79,2089.31,No
C04427,Female,19.0,0,No,No,31,Yes,No,DSL,Yes,Yes,Yes,Yes,No,Yes,Two year,No,Credit card,60.95,2160.5,No
C04219,Female,58.0,0,Yes,Yes,0,Yes,No,DSL,Yes,Yes,Yes,Yes,No,No,Month-to-month,Yes,Credit card,61.53,179.09,No
C02802,Male,38.0,0,No,No,42,Yes,Yes,DSL,No,Yes,Yes,Yes,Yes,No,Month-to-month,Yes,Bank transfer,68.53,2989.88,Yes
C05389,Male,30.0,0,No,No,18,Yes,Yes,DSL,No,No,Yes,No,Yes,Yes,Month-to-month,Yes,Credit card,68.5,1442.8,No
C05867,Male,48.0,0,Yes,Yes,42,Yes,Yes,DSL,No,No,No,No,No,No,Month-to-month,No,Mailed check,43.53,1733.48,No
C06603,Male,43.0,0,Yes,Yes,37,Yes,No,No,No internet service,No internet service,No internet service,No internet service,No internet service,No internet service,One year,Yes,Electronic check,23.88,929.02,Yes
C02183,Male,56.0,0,Yes,No,24,Yes,Yes,Fiber optic,No,No,No,Yes,No,No,One year,Yes,Electronic check,63.7,1675.53,No
C06968,Male,33.0,0,No,No,39,Yes,Yes,Fiber optic,No,No,Yes,No,Yes,Yes,Two year,Yes,Electronic check,85.79,3561.1,No
C02835,Male,62.0,0,No,No,12,Yes,No,Fiber optic,No,No,Yes,No,Yes,Yes,Month-to-month,Yes,Bank transfer,65.21,926.35,Yes
C05340,Female,32.0,0,No,No,1,No,No phone service,Fiber optic,No,Yes,No,No,No,No,Month-to-month,Yes,Credit card,50.85,70.58,Yes
C06335,Female,61.0,0,Yes,No,20,Yes,No,Fiber optic,No,Yes,No,No,No,No,Month-to-month,Yes,Mailed check,61.11,1346.61,No
C05335,Female,56.0,0,Yes,No,18,Yes,No,Fiber optic,Yes,No,Yes,No,No,No,Month-to-month,Yes,Bank transfer,70.43,1407.05,No
C02629,Male,45.0,0,Yes,Yes,34,Yes,No,DSL,No,No,No,No,Yes,Yes,Two year,No,Electronic check,64.11,2207.92,No
C00188,Male,62.0,0,Yes,No,44,Yes,No,Fiber optic,No,No,No,No,No,Yes,Month-to-month,No,Bank transfer,51.14,2357.62,Yes
C06309,Male,65.0,0,Yes,No,37,Yes,No,No,No internet service,No internet service,No internet service,No internet service,No internet service,No internet service,One year,Yes,Electronic check,25.63,1137.95,No
C01893,Male,33.0,0,Yes,No,12,Yes,Yes,Fiber optic,Yes,No,Yes,Yes,No,Yes,Month-to-month,Yes,Electronic check,82.42,1202.2,No
C04511,Male,37.0,0,No,Yes,20,Yes,No,No,No internet service,No internet service,No internet service,No internet service,No internet service,No internet service,One year,Yes,Electronic check,26.76,646.2,No
C06517,Male,27.0,0,No,No,60,Yes,Yes,Fiber optic,No,Yes,No,No,No,Yes,Two year,Yes,Mailed check,74.49,4688.52,No
C00875,Female,18.0,0,Yes,No,11,Yes,Yes,DSL,Yes,No,Yes,No,Yes,Yes,Month-to-month,Yes,Mailed check,67.75,852.46,Yes
C04824,Male,29.0,0,Yes,No,19,Yes,No,No,No internet service,No internet service,No internet service,No internet service,No internet service,No internet service,One year,Yes,Bank transfer,29.23,589.48,No
C03005,Male,18.0,0,No,No,14,Yes,Yes,DSL,No,Yes,No,Yes,No,Yes,Month-to-month,No,Bank transfer,63.23,1008.24,No
C01095,Female,55.0,0,Yes,No,61,Yes,No,DSL,No,Yes,Yes,No,Yes,No,Two year,No,Mailed check,58.9,3360.73,No
C02501,Female,53.0,0,No,No,15,Yes,No,Fiber optic,Yes,No,Yes,No,No,No,Month-to-month,Yes,Electronic check,63.47,880.27,Yes
C06849,Male,50.0,0,No,Yes,18,Yes,No,Fiber optic,Yes,No,Yes,No,No,Yes,One year,Yes,Bank transfer,67.33,1369.21,No
C02001,Female,34.0,0,No,No,19,Yes,Yes,Fiber optic,Yes,No,No,No,No,Yes,Month-to-month,Yes,Mailed check,66.8,1081.3,Yes
C05581,Male,18.0,0,No,No,25,Yes,No,Fiber optic,No,No,Yes,No,No,Yes,One year,No,Mailed check,61.45,1581.81,Yes
C06174,Female,33.0,0,No,No,27,Yes,Yes,DSL,No,No,Yes,No,No,Yes,Month-to-month,Yes,Mailed check,47.88,1302.49,No
C01233,Male,65.0,0,Yes,Yes,0,Yes,No,DSL,Yes,Yes,Yes,No,No,No,Month-to-month,Yes,Electronic check,55.75,37.28,Yes
C01829,Female,54.0,0,Yes,Yes,12,Yes,No,DSL,Yes,Yes,No,No,No,Yes,Month-to-month,Yes,Bank transfer,47.01,570.5,Yes
C06804,Female,18.0,0,Yes,No,40,Yes,Yes,DSL,Yes,No,No,No,No,No,Two year,No,Credit card,39.8,1624.27,No
C00649,Female,55.0,0,No,No,0,Yes,No,Fiber optic,No,Yes,No,No,No,No,Month-to-month,No,Mailed check,57.65,173.24,No
C00500,Male,50.0,0,Yes,Yes,52,Yes,Yes,DSL,No,No,No,Yes,No,No,Month-to-month,Yes,Credit card,50.43,2927.88,No
C05536,Female,42.0,0,No,Yes,66,Yes,Yes,No,No internet service,No internet service,No internet service,No internet service,No internet service,No internet service,One year,No,Electronic check,26.6,4192.62,No
C03150,Male,27.0,0,No,No,20,Yes,No,DSL,No,No,No,No,Yes,No,Month-to-month,No,Credit card,39.42,951.73,Yes
C04025,Female,33.0,0,Yes,No,0,Yes,Yes,DSL,No,No,Yes,No,No,Yes,Month-to-month,No,Bank transfer,48.7,123.26,No
C04155,Female,33.0,0,Yes,No,37,Yes,No,Fiber optic,Yes,Yes,No,No,Yes,No,Month-to-month,Yes,Bank transfer,69.03,2722.71,No
C03822,Female,67.0,1,Yes,Yes,44,Yes,No,Fiber optic,No,No,Yes,No,No,No,Month-to-month,No,Mailed check,57.98,2408.64,No
C03688,Male,50.0,0,No,No,6,Yes,Yes,No,No internet service,No internet service,No internet service,No internet service,No internet service,No internet service,Month-to-month,No,Mailed check,43.08,293.55,No
C05765,Male,38.0,0,No,No,57,Yes,Yes,Fiber optic,No,No,Yes,No,Yes,Yes,Two year,No,Bank transfer,67.86,4221.16,No
C04794,Female,40.0,0,No,Yes,9,Yes,Yes,DSL,No,Yes,No,No,No,No,Month-to-month,Yes,Credit card,48.89,498.46,No
C02651,Male,50.0,0,No,No,24,Yes,Yes,Fiber optic,No,No,No,No,No,Yes,Month-to-month,Yes,Electronic check,68.47,1714.85,Yes
C04908,Male,32.0,0,No,No,50,Yes,Yes,Fiber optic,Yes,No,No,No,Yes,No,Month-to-month,Yes,Electronic check,73.57,4205.77,No
C03083,Male,54.0,0,Yes,Yes,43,Yes,Yes,Fiber optic,Yes,Yes,No,No,No,Yes,One year,No,Electronic check,74.14,3283.65,No
C06826,Female,51.0,0,Yes,No,61,Yes,Yes,No,No internet service,No internet service,No internet service,No internet service,No internet service,No internet service,One year,No,Mailed check,24.9,1439.74,No
C05112,Male,27.0,0,No,No,41,Yes,No,Fiber optic,Yes,No,No,No,No,No,Two year,Yes,Bank transfer,66.36,2854.98,No
C00048,Female,42.0,0,Yes,No,41,Yes,No,Fiber optic,Yes,No,No,No,No,No,Two year,Yes,Bank transfer,52.68,2159.35,No
C00884,Male,41.0,0,Yes,No,72,Yes,Yes,Fiber optic,No,Yes,No,Yes,Yes,No,Two year,No,Credit card,73.23,5560.39,No
C03750,Male,46.0,0,No,No,33,Yes,No,DSL,Yes,Yes,Yes,Yes,Yes,Yes,One year,Yes,Electronic check,71.71,2198.24,No
C00666,Male,41.0,0,Yes,No,9,Yes,Yes,No,No internet service,No internet service,No internet service,No internet service,No internet service,No internet service,Month-to-month,Yes,Credit card,35.49,449.42,Yes
C04975,Female,26.0,0,No,No,17,Yes,No,DSL,No,No,No,Yes,Yes,Yes,Month-to-month,Yes,Credit card,65.91,1215.91,No
C01073,Female,21.0,0,No,No,25,Yes,No,Fiber optic,No,No,No,Yes,No,No,Month-to-month,No,Mailed check,61.71,1844.54,Yes
C02467,Female,38.0,0,No,No,49,Yes,No,DSL,Yes,No,No,No,No,Yes,Two year,Yes,Electronic check,53.05,2656.25,No
C04072,Female,18.0,0,No,No,29,Yes,Yes,Fiber optic,Yes,Yes,No,No,No,No,Month-to-month,Yes,Electronic check,64.42,2009.66,No
C04460,Female,53.0,0,No,No,36,Yes,No,Fiber optic,Yes,No,Yes,No,No,Yes,One year,Yes,Credit card,75.97,2690.58,No
C02482,Male,20.0,0,No,No,45,Yes,Yes,DSL,No,No,Yes,Yes,No,No,Two year,Yes,Electronic check,53.2,2136.72,No
C07080,Female,46.0,0,No,Yes,44,No,No phone service,No,No internet service,No internet service,No internet service,No internet service,No internet service,No internet service,Two year,No,Bank transfer,21.9,1062.89,No
C03418,Female,54.0,0,Yes,No,27,Yes,Yes,No,No internet service,No internet service,No internet service,No internet service,No internet service,No internet service,One year,Yes,Electronic check,33.0,918.09,No
C04821,Female,65.0,0,Yes,Yes,72,Yes,Yes,Fiber optic,Yes,Yes,No,No,No,No,Two year,Yes,Credit card,71.24,5293.31,Yes
C00897,Male,43.0,0,No,No,54,Yes,Yes,Fiber optic,No,No,No,No,No,No,Two year,Yes,Mailed check,54.57,3305.41,No
C00346,Male,38.0,0,Yes,No,42,No,No phone service,Fiber optic,No,No,Yes,No,Yes,No,Two year,Yes,Bank transfer,63.81,2645.11,No
C04731,Male,36.0,0,No,No,48,No,No phone service,Fiber optic,No,Yes,No,Yes,No,No,One year,No,Bank transfer,52.4,2736.31,No
C03309,Male,55.0,0,No,No,72,Yes,No,No,No internet service,No internet service,No internet service,No internet service,No internet service,No internet service,Two year,Yes,Mailed check,25.99,1892.67,No
C04509,Female,56.0,0,No,No,24,Yes,Yes,Fiber optic,No,Yes,No,No,No,Yes,Month-to-month,Yes,Electronic check,74.01,1781.95,No
C05243,Female,24.0,0,No,No,9,Yes,No,Fiber optic,Yes,No,No,Yes,No,No,Month-to-month,No,Bank transfer,64.09,498.2,No
C00527,Male,55.0,0,Yes,Yes,43,Yes,No,Fiber optic,Yes,No,Yes,No,No,No,Month-to-month,No,Bank transfer,64.77,3101.51,No
C04647,Female,30.0,0,No,No,13,Yes,Yes,DSL,Yes,No,No,No,No,Yes,Month-to-month,No,Bank transfer,50.96,644.32,Yes
C04281,Male,24.0,0,Yes,No,49,Yes,Yes,Fiber optic,No,No,No,No,No,No,Month-to-month,Yes,Credit card,69.74,3537.64,No
C06597,Female,33.0,0,No,No,59,Yes,No,Fiber optic,No,No,No,No,No,No,Two year,Yes,Mailed check,56.77,3632.74,No
C06220,Female,57.0,0,No,No,49,No,No phone service,Fiber optic,No,No,No,No,No,No,One year,Yes,Electronic check,52.1,2412.23,No
C03376,Female,18.0,0,No,No,42,Yes,Yes,Fiber optic,No,No,No,No,No,Yes,Two year,No,Electronic check,62.01,2422.72,No
C01825,Female,54.0,0,No,No,36,Yes,Yes,DSL,No,Yes,No,Yes,No,No,Month-to-month,Yes,Electronic check,45.58,1931.89,Yes
C05838,Female,18.0,0,No,No,34,Yes,Yes,Fiber optic,No,Yes,Yes,Yes,Yes,No,Month-to-month,Yes,Electronic check,83.31,2904.73,Yes
C01473,Female,58.0,0,No,No,38,Yes,No,No,No internet service,No internet service,No internet service,No internet service,No internet service,No internet service,Two year,No,Electronic check,27.8,1201.96,No
C05310,Male,39.0,0,Yes,No,16,Yes,No,No,No internet service,No internet service,No internet service,No internet service,No internet service,No internet service,Month-to-month,Yes,Credit card,26.18,594.31,No
C05016,Female,39.0,0,Yes,No,14,Yes,No,No,No internet service,No internet service,No internet service,No internet service,No internet service,No internet service,Month-to-month,Yes,Credit card,27.48,399.3,No
C03621,Male,46.0,0,No,Yes,8,Yes,No,DSL,Yes,No,No,Yes,No,Yes,Month-to-month,No,Bank transfer,48.21,464.1,No
C06023,Female,41.0,0,Yes,No,41,Yes,No,Fiber optic,Yes,No,No,No,No,Yes,One year,No,Electronic check,65.6,2557.98,No
C06766,Female,50.0,0,Yes,No,17,Yes,Yes,No,No internet service,No internet service,No internet service,No internet service,No internet service,No internet service,Month-to-month,Yes,Electronic check,26.67,595.37,No
C00525,Male,39.0,0,Yes,No,20,Yes,Yes,No,No internet service,No internet service,No internet service,No internet service,No internet service,No internet service,Month-to-month,No,Electronic check,31.9,787.22,No
C03351,Male,26.0,0,Yes,No,27,Yes,Yes,Fiber optic,No,No,No,No,No,No,Month-to-month,Yes,Electronic check,56.53,1481.62,Yes
C04859,Male,54.0,0,Yes,Yes,63,Yes,Yes,DSL,No,Yes,No,Yes,No,No,Two year,Yes,Credit card,60.7,3817.94,No
C01297,Male,70.0,1,No,Yes,14,Yes,Yes,Fiber optic,No,No,No,No,No,No,One year,No,Credit card,55.09,822.6,Yes
C00471,Male,44.0,0,Yes,Yes,47,Yes,Yes,Fiber optic,No,No,Yes,No,No,Yes,One year,No,Credit card,64.89,2956.72,No
C03913,Female,45.0,0,Yes,No,49,Yes,No,Fiber optic,No,Yes,Yes,No,No,No,Two year,No,Mailed check,66.19,3418.95,No
C00247,Female,51.0,0,No,Yes,48,Yes,Yes,DSL,Yes,Yes,No,No,No,Yes,Two year,Yes,Electronic check,66.41,3268.11,No
C03877,Male,25.0,0,No,No,63,Yes,Yes,DSL,No,Yes,Yes,No,No,Yes,Month-to-month,No,Bank transfer,54.04,3851.46,No
C02009,Male,18.0,0,No,No,19,Yes,No,Fiber optic,No,Yes,No,No,Yes,Yes,Month-to-month,No,Electronic check,73.5,1381.3,No
C03102,Female,56.0,0,No,No,58,Yes,Yes,Fiber optic,Yes,No,No,No,Yes,Yes,One year,Yes,Bank transfer,77.92,4123.14,Yes
C04339,Male,42.0,0,Yes,No,61,Yes,Yes,DSL,No,Yes,No,Yes,Yes,No,Month-to-month,No,Mailed check,50.48,3157.81,No
C02413,Female,28.0,0,No,No,30,Yes,Yes,No,No internet service,No internet service,No internet service,No internet service,No internet service,No internet service,Month-to-month,Yes,Electronic check,37.97,975.31,No
C04207,Female,30.0,0,No,No,25,Yes,Yes,DSL,No,No,Yes,No,No,Yes,Month-to-month,Yes,Electronic check,51.94,1437.04,Yes
C00296,Male,22.0,0,No,No,52,Yes,Yes,Fiber optic,No,No,No,No,Yes,No,Two year,No,Electronic check,69.22,3767.25,No
C07028,Female,20.0,0,No,No,41,No,No phone service,Fiber optic,No,No,Yes,Yes,Yes,No,Month-to-month,No,Bank transfer,71.76,2951.17,No
C05615,Female,40.0,0,Yes,No,13,Yes,Yes,Fiber optic,No,Yes,No,No,Yes,Yes,Month-to-month,No,Electronic check,79.13,977.88,Yes
C07079,Female,39.0,0,Yes,No,16,Yes,Yes,Fiber optic,Yes,No,Yes,Yes,No,Yes,Month-to-month,No,Bank transfer,83.05,1656.71,Yes
C06503,Male,26.0,0,No,Yes,41,Yes,Yes,DSL,No,No,No,Yes,Yes,No,Month-to-month,No,Bank transfer,56.54,2512.36,No
C02390,Male,34.0,0,No,No,25,Yes,Yes,No,No internet service,No internet service,No internet service,No internet service,No internet service,No internet service,Month-to-month,Yes,Electronic check,31.47,774.16,No
C05454,Female,33.0,0,Yes,No,39,Yes,No,Fiber optic,No,No,No,Yes,No,No,Month-to-month,Yes,Electronic check,65.76,2494.66,No
C00812,Female,32.0,0,No,No,2,Yes,No,Fiber optic,Yes,Yes,Yes,Yes,Yes,No,Month-to-month,No,Electronic check,82.01,296.55,Yes
C03535,Female,55.0,0,No,No,15,Yes,No,Fiber optic,No,No,Yes,No,No,No,Month-to-month,Yes,Credit card,53.89,872.48,Yes
C07190,Male,43.0,0,Yes,No,17,Yes,No,No,No internet service,No internet service,No internet service,No internet service,No internet service,No internet service,Month-to-month,Yes,Credit card,31.29,695.28,No
C06787,Female,57.0,0,Yes,No,9,Yes,No,Fiber optic,No,No,No,No,No,No,Month-to-month,Yes,Electronic check,57.03,704.37,No
C03027,Male,31.0,0,Yes,Yes,36,Yes,No,Fiber optic,Yes,No,Yes,Yes,No,Yes,Month-to-month,No,Electronic check,71.45,2694.71,No
C00749,Female,57.0,0,No,No,4,Yes,No,DSL,No,Yes,No,No,No,No,Month-to-month,Yes,Bank transfer,42.53,284.47,Yes
C05828,Female,20.0,0,No,No,21,Yes,No,DSL,No,No,No,No,Yes,No,Month-to-month,No,Electronic check,38.82,853.58,Yes
C04844,Male,37.0,0,Yes,Yes,55,No,No phone service,DSL,Yes,Yes,Yes,No,Yes,No,One year,Yes,Electronic check,65.02,3984.07,No
C03215,Male,48.0,0,No,No,53,Yes,No,DSL,No,No,No,Yes,No,Yes,Month-to-month,Yes,Credit card,47.98,2559.73,No
C03639,Female,21.0,0,Yes,Yes,17,Yes,No,DSL,No,Yes,No,No,Yes,Yes,Month-to-month,No,Credit card,53.51,827.78,No
C04329,Female,34.0,0,No,No,43,No,No phone service,DSL,No,Yes,Yes,No,Yes,No,Month-to-month,Yes,Electronic check,58.91,2357.54,No
C06050,Female,32.0,0,Yes,No,36,Yes,Yes,DSL,No,No,No,No,Yes,Yes,Two year,No,Bank transfer,53.83,1984.86,No
C04337,Female,58.0,0,No,No,24,Yes,No,Fiber optic,No,No,Yes,Yes,No,Yes,Month-to-month,Yes,Mailed check,75.61,1858.92,Yes
C01475,Male,20.0,0,No,No,30,Yes,No,Fiber optic,No,No,Yes,No,Yes,No,One year,Yes,Bank transfer,66.18,2009.53,No
C06283,Female,57.0,0,Yes,Yes,12,Yes,Yes,DSL,Yes,No,No,No,No,No,Month-to-month,Yes,Electronic check,58.58,758.66,No
C02111,Female,42.0,0,Yes,No,14,Yes,No,Fiber optic,Yes,No,No,Yes,Yes,No,Month-to-month,No,Electronic check,75.55,1035.65,Yes
C07029,Male,36.0,0,No,No,13,Yes,No,DSL,No,No,No,Yes,No,Yes,Month-to-month,Yes,Electronic check,59.31,868.65,No
C00694,Female,63.0,0,No,No,10,Yes,No,No,No internet service,No internet service,No internet service,No internet service,No internet service,No internet service,Month-to-month,Yes,Bank transfer,25.49,355.49,No
C00107,Male,18.0,0,No,No,12,No,No phone service,No,No internet service,No internet service,No internet service,No internet service,No internet service,No internet service,Two year,Yes,Electronic check,18.0,201.89,No
C03669,Male,39.0,0,Yes,Yes,24,Yes,No,DSL,No,No,No,No,No,No,Two year,No,Electronic check,40.66,1059.74,No
C06633,Female,46.0,0,No,No,39,Yes,Yes,Fiber optic,No,No,No,No,Yes,No,Two year,No,Credit card,59.57,2162.43,No
C03483,Male,70.0,1,No,No,27,Yes,No,Fiber optic,No,No,No,Yes,Yes,No,Month-to-month,Yes,Mailed check,67.86,1948.36,No
C02608,Female,43.0,0,No,No,52,Yes,Yes,DSL,Yes,No,No,Yes,Yes,No,Month-to-month,No,Credit card,65.89,3626.69,No
C03154,Female,18.0,0,No,No,12,No,No phone service,Fiber optic,Yes,No,No,No,No,No,Month-to-month,Yes,Bank transfer,61.37,837.2,Yes
C04138,Female,55.0,0,Yes,Yes,0,Yes,Yes,DSL,No,No,Yes,No,No,No,Month-to-month,No,Credit card,50.42,18.71,Yes
C01355,Female,51.0,0,Yes,No,64,Yes,No,DSL,Yes,No,No,No,Yes,Yes,One year,Yes,Electronic check,73.46,4569.67,No
C05423,Female,38.0,0,Yes,No,11,Yes,Yes,DSL,No,No,No,No,Yes,Yes,Month-to-month,Yes,Electronic check,58.8,635.75,Yes
C07231,Male,53.0,0,Yes,No,6,Yes,Yes,DSL,Yes,No,No,Yes,No,No,Month-to-month,No,Bank transfer,55.55,436.59,No
C03579,Male,44.0,0,Yes,Yes,45,No,No phone service,DSL,No,No,Yes,No,Yes,Yes,Month-to-month,No,Electronic check,62.4,2688.13,No
C04445,Male,50.0,0,No,Yes,58,Yes,No,Fiber optic,No,No,Yes,No,No,Yes,Month-to-month,No,Mailed check,63.04,4649.06,No
C04304,Female,43.0,0,Yes,No,45,Yes,No,DSL,No,No,Yes,Yes,Yes,No,Month-to-month,Yes,Bank transfer,53.65,2511.52,No
C06138,Male,44.0,0,No,Yes,0,Yes,Yes,Fiber optic,No,No,No,Yes,No,Yes,Month-to-month,Yes,Mailed check,83.46,98.1,Yes
C02003,Female,40.0,0,Yes,No,63,Yes,No,Fiber optic,No,No,No,No,No,Yes,Two year,Yes,Bank transfer,57.37,3554.57,No
C04615,Male,30.0,0,Yes,Yes,31,Yes,Yes,DSL,No,No,Yes,No,No,Yes,Month-to-month,No,Electronic check,60.63,1780.42,Yes
C02414,Female,33.0,0,Yes,No,7,Yes,No,DSL,Yes,Yes,No,No,No,No,Month-to-month,Yes,Electronic check,55.52,536.53,No
C00475,Female,47.0,0,No,Yes,13,Yes,No,No,No internet service,No internet service,No internet service,No internet service,No internet service,No internet service,Month-to-month,No,Bank transfer,22.29,417.11,Yes
C00249,Female,49.0,0,Yes,Yes,49,Yes,Yes,No,No internet service,No internet service,No internet service,No internet service,No internet service,No internet service,Month-to-month,Yes,Credit card,30.86,1518.87,Yes
C03855,Male,40.0,0,No,No,0,Yes,No,Fiber optic,Yes,No,No,No,No,Yes,Month-to-month,No,Mailed check,65.83,127.51,No
C05212,Female,18.0,0,No,No,63,Yes,No,No,No internet service,No internet service,No internet service,No internet service,No internet service,No internet service,Two year,No,Credit card,20.32,1290.34,No
C01041,Male,40.0,0,No,No,0,Yes,Yes,Fiber optic,No,No,No,No,No,No,Month-to-month,No,Bank transfer,64.42,40.62,Yes
C03415,Female,18.0,0,No,No,50,No,No phone service,DSL,Yes,No,Yes,No,Yes,No,Month-to-month,No,Credit card,50.38,2549.89,Yes
C04012,Female,46.0,0,No,Yes,41,Yes,No,No,No internet service,No internet service,No internet service,No internet service,No internet service,No internet service,Two year,Yes,Electronic check,30.02,1228.08,No
C03452,Male,24.0,0,No,No,0,Yes,No,Fiber optic,No,No,No,No,No,Yes,Month-to-month,Yes,Mailed check,53.06,133.18,Yes
C01526,Male,18.0,0,No,No,0,Yes,No,DSL,No,Yes,No,Yes,Yes,Yes,Month-to-month,Yes,Bank transfer,63.5,47.91,No
C06711,Female,43.0,0,Yes,Yes,18,Yes,Yes,No,No internet service,No internet service,No internet service,No internet service,No internet service,No internet service,Month-to-month,Yes,Bank transfer,36.26,630.78,No
C04764,Female,53.0,0,Yes,No,34,Yes,Yes,Fiber optic,Yes,No,Yes,No,Yes,No,Two year,No,Credit card,72.9,2663.51,No
C00929,Male,49.0,0,No,Yes,42,Yes,No,Fiber optic,Yes,No,No,Yes,No,No,Two year,No,Electronic check,60.66,2738.77,No
C05311,Female,36.0,0,No,No,29,Yes,No,Fiber optic,No,Yes,No,No,Yes,Yes,One year,No,Electronic check,77.86,2629.97,No
C05282,Male,32.0,0,No,No,9,Yes,Yes,DSL,No,No,No,No,No,Yes,Month-to-month,No,Electronic check,47.71,471.78,Yes
C01084,Male,46.0,0,No,Yes,61,Yes,Yes,Fiber optic,No,No,Yes,Yes,No,Yes,Two year,No,Mailed check,80.95,5157.83,No
C05469,Female,51.0,0,Yes,Yes,28,Yes,Yes,DSL,Yes,No,No,No,Yes,No,Month-to-month,Yes,Bank transfer,57.86,1806.42,Yes
C01583,Female,18.0,0,Yes,No,20,Yes,No,DSL,No,Yes,No,No,No,Yes,One year,No,Credit card,49.89,1096.63,No
C00277,Male,48.0,0,No,Yes,20,No,No phone service,DSL,No,Yes,Yes,No,No,No,One year,Yes,Mailed check,51.81,1121.86,No
C00854,Male,48.0,0,No,No,10,Yes,Yes,DSL,No,No,Yes,No,No,Yes,Two year,No,Electronic check,55.94,632.93,No
C01016,Male,38.0,0,Yes,No,0,Yes,No,Fiber optic,Yes,No,No,Yes,No,No,Month-to-month,No,Bank transfer,68.68,177.5,Yes
C03722,Male,43.0,0,Yes,Yes,34,Yes,No,DSL,No,Yes,Yes,Yes,No,No,Month-to-month,No,Mailed check,47.46,1648.07,No
C04946,Male,59.0,0,No,Yes,42,Yes,No,Fiber optic,Yes,Yes,No,Yes,Yes,No,One year,Yes,Bank transfer,75.56,3633.85,No
C00354,Female,39.0,0,Yes,No,45,Yes,No,Fiber optic,No,No,No,No,Yes,No,Two year,No,Mailed check,48.24,2341.06,No
C06399,Male,55.0,0,No,Yes,60,Yes,No,DSL,No,No,No,Yes,Yes,No,Two year,Yes,Electronic check,51.88,3063.76,No
C00033,Female,30.0,0,No,No,0,No,No phone service,Fiber optic,No,Yes,Yes,Yes,No,No,Month-to-month,Yes,Electronic check,68.16,152.29,Yes
C05109,Female,51.0,0,Yes,No,14,Yes,Yes,DSL,No,Yes,No,No,Yes,Yes,Month-to-month,Yes,Electronic check,62.04,944.03,Yes
C01220,Male,41.0,0,No,No,32,Yes,Yes,Fiber optic,No,Yes,No,No,No,Yes,One year,Yes,Bank transfer,73.33,2346.6,No
C06425,Female,59.0,0,No,Yes,9,Yes,No,DSL,No,Yes,No,No,No,No,Month-to-month,Yes,Bank transfer,37.69,411.97,No
C03811,Female,43.0,0,Yes,No,14,Yes,Yes,Fiber optic,Yes,Yes,No,No,Yes,No,One year,Yes,Electronic check,83.78,1408.05,No
C01312,Female,63.0,0,No,No,63,Yes,Yes,Fiber optic,No,No,Yes,No,No,Yes,One year,Yes,Credit card,72.14,4733.67,No
C06200,Male,57.0,0,No,Yes,11,Yes,No,Fiber optic,Yes,Yes,No,Yes,Yes,No,Month-to-month,Yes,Electronic check,77.63,1016.37,Yes
C06382,Female,80.0,1,Yes,Yes,35,Yes,Yes,DSL,Yes,No,No,Yes,No,No,One year,Yes,Bank transfer,53.78,1769.46,No
C03608,Female,31.0,0,Yes,Yes,45,Yes,No,No,No internet service,No internet service,No internet service,No internet service,No internet service,No internet service,One year,Yes,Credit card,26.81,1366.18,No
C06564,Female,18.0,0,No,No,8,Yes,Yes,Fiber optic,No,No,Yes,No,No,No,Month-to-month,Yes,Bank transfer,59.78,464.46,Yes
C00242,Male,39.0,0,No,No,45,Yes,Yes,DSL,Yes,No,Yes,No,No,No,Two year,Yes,Bank transfer,63.33,2968.19,No
C01177,Female,21.0,0,No,No,69,Yes,No,Fiber optic,Yes,No,No,No,Yes,Yes,Two year,Yes,Mailed check,84.61,6672.02,No
C01718,Male,41.0,0,Yes,No,20,Yes,No,Fiber optic,No,Yes,No,No,No,No,Month-to-month,Yes,Bank transfer,51.1,1231.33,No
C05774,Male,25.0,0,Yes,Yes,9,Yes,No,No,No internet service,No internet service,No internet service,No internet service,No internet service,No internet service,Month-to-month,No,Electronic check,31.61,373.34,No
C05289,Female,59.0,0,Yes,No,38,Yes,Yes,DSL,Yes,No,No,No,No,Yes,Month-to-month,Yes,Electronic check,57.18,2445.33,Yes
C05929,Female,61.0,0,Yes,Yes,18,Yes,No,DSL,Yes,No,No,No,No,Yes,One year,No,Credit card,53.2,972.39,No
C00834,Female,52.0,0,No,Yes,4,Yes,Yes,DSL,No,No,No,No,No,Yes,Month-to-month,Yes,Bank transfer,48.97,259.71,No
C01665,Male,71.0,1,Yes,Yes,18,Yes,No,Fiber optic,No,No,Yes,No,No,No,Month-to-month,No,Bank transfer,59.72,1217.67,No
C02158,Male,35.0,0,Yes,Yes,21,Yes,Yes,DSL,Yes,No,Yes,No,No,No,Two year,No,Credit card,46.8,1139.76,No
C06843,Female,64.0,0,No,No,47,Yes,Yes,DSL,No,Yes,No,Yes,No,No,One year,No,Mailed check,54.11,2641.6,No
C02675,Male,31.0,0,Yes,Yes,17,No,No phone service,DSL,Yes,Yes,Yes,No,No,No,Month-to-month,No,Electronic check,38.24,755.95,No
C06641,Male,37.0,0,No,No,30,Yes,No,Fiber optic,No,No,No,Yes,No,No,Two year,Yes,Bank transfer,62.8,2047.05,No
C07041,Female,37.0,0,No,Yes,46,Yes,No,Fiber optic,No,Yes,Yes,No,No,Yes,One year,No,Bank transfer,78.92,3905.48,No
C00077,Male,37.0,0,Yes,No,44,Yes,Yes,Fiber optic,No,Yes,No,No,No,Yes,Two year,Yes,Credit card,74.36,3259.26,No
C05120,Female,47.0,0,Yes,No,1,No,No phone service,Fiber optic,Yes,Yes,Yes,Yes,No,No,One year,Yes,Bank transfer,73.18,150.27,No
C07132,Female,36.0,0,No,No,14,Yes,No,Fiber optic,No,No,No,Yes,No,Yes,Month-to-month,No,Mailed check,66.78,901.75,No
C05238,Male,49.0,0,No,No,12,No,No phone service,DSL,No,No,No,No,No,No,Month-to-month,Yes,Electronic check,43.94,635.39,No
C02471,Female,55.0,0,No,No,36,Yes,Yes,Fiber optic,No,No,No,No,Yes,No,Two year,Yes,Bank transfer,72.73,2762.02,No
C05694,Female,30.0,0,No,No,37,Yes,No,DSL,No,No,Yes,No,Yes,Yes,Month-to-month,Yes,Electronic check,61.29,2215.08,Yes
C05188,Male,72.0,1,No,No,0,Yes,No,DSL,No,No,No,No,Yes,Yes,Month-to-month,Yes,Credit card,60.4,98.84,Yes
C02918,Male,36.0,0,No,No,18,Yes,No,Fiber optic,No,Yes,Yes,No,Yes,No,Month-to-month,Yes,Bank transfer,69.32,1312.93,No
C04359,Female,42.0,0,No,No,45,Yes,No,Fiber optic,No,Yes,Yes,No,Yes,Yes,Month-to-month,No,Electronic check,71.33,2856.04,No
C00330,Female,75.0,1,Yes,No,32,No,No phone service,DSL,No,Yes,No,Yes,No,No,Month-to-month,Yes,Mailed check,48.0,1453.6,No
C03113,Female,38.0,0,No,No,23,No,No phone service,Fiber optic,No,Yes,Yes,No,No,Yes,Month-to-month,Yes,Credit card,54.59,1635.46,Yes
C01143,Male,30.0,0,Yes,No,31,Yes,Yes,DSL,No,No,No,Yes,No,Yes,Month-to-month,Yes,Credit card,58.59,1787.73,No
C00993,Male,62.0,0,No,No,33,Yes,No,DSL,No,No,No,No,Yes,No,One year,Yes,Mailed check,43.87,1464.85,No
C05949,Male,72.0,1,Yes,No,11,Yes,Yes,DSL,No,Yes,Yes,No,Yes,Yes,One year,No,Mailed check,66.01,723.6,No
C00422,Male,18.0,0,No,No,33,Yes,No,DSL,No,Yes,No,Yes,No,No,Month-to-month,No,Electronic check,46.85,1823.55,No
C06631,Male,38.0,0,Yes,No,46,Yes,No,No,No internet service,No internet service,No internet service,No internet service,No internet service,No internet service,Month-to-month,Yes,Electronic check,31.36,1717.7,No
C05876,Female,45.0,0,No,No,63,Yes,No,DSL,No,Yes,No,No,No,Yes,Two year,No,Mailed check,46.29,3084.4,No
C00798,Male,29.0,0,No,No,68,No,No phone service,Fiber optic,No,Yes,No,Yes,No,No,One year,Yes,Credit card,72.95,5608.72,No
C00771,Male,56.0,0,No,Yes,56,Yes,No,No,No internet service,No internet service,No internet service,No internet service,No internet service,No internet service,One year,No,Electronic check,22.83,1358.17,No
C00879,Female,51.0,0,No,No,36,No,No phone service,Fiber optic,No,No,No,Yes,No,Yes,One year,No,Electronic check,66.28,2780.31,No
C01162,Male,39.0,0,Yes,No,16,Yes,Yes,Fiber optic,No,Yes,No,No,Yes,No,Month-to-month,No,Credit card,73.35,1284.13,Yes
C00784,Female,43.0,0,No,No,8,Yes,No,Fiber optic,No,No,No,No,No,No,Month-to-month,No,Credit card,52.41,527.37,Yes
C05380,Female,75.0,1,No,No,36,Yes,Yes,DSL,No,No,No,No,Yes,No,Month-to-month,Yes,Mailed check,48.83,1812.93,Yes
C06853,Male,59.0,0,Yes,Yes,37,Yes,No,Fiber optic,Yes,No,Yes,Yes,No,Yes,Month-to-month,Yes,Mailed check,75.74,2727.19,No
C03896,Male,71.0,1,No,Yes,30,Yes,Yes,Fiber optic,No,No,No,No,Yes,No,Month-to-month,Yes,Electronic check,68.16,2283.28,No
C03187,Female,34.0,0,No,No,26,Yes,No,Fiber optic,No,Yes,Yes,Yes,Yes,Yes,Month-to-month,Yes,Credit card,93.1,2641.0,No
C04948,Male,39.0,0,No,No,13,Yes,No,DSL,No,Yes,No,No,Yes,No,Month-to-month,No,Mailed check,46.43,713.54,No
C05153,Male,35.0,0,No,No,11,Yes,No,Fiber optic,No,No,No,Yes,Yes,No,Month-to-month,Yes,Bank transfer,62.55,757.33,No
C04563,Female,51.0,0,No,Yes,0,Yes,Yes,No,No internet service,No internet service,No internet service,No internet service,No internet service,No internet service,Month-to-month,Yes,Credit card,33.11,13.44,No
C03576,Female,64.0,0,No,Yes,68,Yes,Yes,DSL,No,No,Yes,No,No,Yes,One year,Yes,Mailed check,58.01,3857.72,No
C06716,Male,31.0,0,Yes,No,0,Yes,Yes,No,No internet service,No internet service,No internet service,No internet service,No internet service,No internet service,Month-to-month,Yes,Credit card,33.61,56.76,No
C05713,Male,49.0,0,No,Yes,20,Yes,Yes,No,No internet service,No internet service,No internet service,No internet service,No internet service,No internet service,Month-to-month,Yes,Bank transfer,34.22,789.18,No
C04153,Female,51.0,0,No,No,50,Yes,No,Fiber optic,No,Yes,Yes,No,No,No,Two year,Yes,Credit card,65.8,2951.24,No
C05225,Female,19.0,0,Yes,No,10,No,No phone service,DSL,No,No,Yes,No,No,No,Month-to-month,No,Electronic check,44.64,406.14,No
C02603,Female,31.0,0,Yes,No,48,Yes,Yes,No,No internet service,No internet service,No internet service,No internet service,No internet service,No internet service,Two year,No,Bank transfer,30.14,1790.08,No
C02408,Male,31.0,0,Yes,Yes,1,Yes,Yes,Fiber optic,No,No,No,No,No,No,One year,No,Electronic check,53.75,95.52,No
C04085,Female,38.0,0,No,No,8,Yes,Yes,DSL,No,No,No,Yes,No,Yes,One year,Yes,Bank transfer,67.96,562.37,No
C02927,Female,50.0,0,Yes,Yes,9,Yes,No,Fiber optic,Yes,Yes,No,Yes,No,No,Month-to-month,Yes,Electronic check,75.28,709.96,No
C00606,Male,68.0,1,No,Yes,51,Yes,Yes,Fiber optic,No,No,No,No,No,Yes,Two year,Yes,Credit card,70.56,4265.4,No
C03008,Female,67.0,1,Yes,Yes,18,Yes,Yes,DSL,Yes,Yes,No,Yes,No,Yes,Month-to-month,Yes,Credit card,59.6,1264.18,No
C04701,Female,32.0,0,Yes,No,67,Yes,Yes,DSL,No,No,No,No,Yes,No,Two year,No,Bank transfer,44.81,2729.43,No
C04139,Male,47.0,0,Yes,Yes,5,Yes,No,DSL,Yes,No,No,Yes,Yes,Yes,Month-to-month,Yes,Mailed check,68.86,414.89,No
C01405,Male,22.0,0,No,No,13,No,No phone service,DSL,No,No,No,Yes,Yes,Yes,Month-to-month,No,Electronic check,48.94,671.02,No
C03073,Male,40.0,0,No,No,43,Yes,No,DSL,Yes,Yes,No,No,No,Yes,Month-to-month,Yes,Bank transfer,48.83,2062.82,No
C05855,Female,40.0,0,Yes,Yes,0,Yes,Yes,Fiber optic,No,No,No,No,Yes,No,Month-to-month,No,Credit card,59.64,73.39,Yes
C00451,Female,63.0,0,No,No,11,No,No phone service,DSL,No,Yes,No,No,No,No,Month-to-month,No,Credit card,36.9,427.42,No
C03696,Female,33.0,0,No,No,21,Yes,No,Fiber optic,Yes,Yes,Yes,No,Yes,Yes,Month-to-month,Yes,Electronic check,89.67,1816.77,Yes
C02164,Male,45.0,0,No,No,48,Yes,No,DSL,No,No,No,No,Yes,Yes,Two year,No,Mailed check,54.1,2698.19,No
C01714,Female,34.0,0,Yes,No,0,Yes,Yes,Fiber optic,Yes,Yes,Yes,Yes,Yes,No,Month-to-month,No,Credit card,82.06,40.17,Yes
C05123,Male,52.0,0,No,No,31,Yes,Yes,DSL,Yes,No,Yes,No,No,No,Month-to-month,No,Electronic check,43.62,1399.06,No
C03222,Male,42.0,0,No,No,28,No,No phone service,Fiber optic,No,No,No,No,Yes,Yes,One year,No,Credit card,61.4,1694.73,No
C04610,Male,49.0,0,No,Yes,32,Yes,Yes,No,No internet service,No internet service,No internet service,No internet service,No internet service,No internet service,One year,No,Electronic check,38.93,1200.72,No
C01542,Male,18.0,0,Yes,No,0,Yes,No,DSL,Yes,No,No,No,Yes,No,Month-to-month,No,Credit card,45.92,112.93,No
C00290,Female,45.0,0,Yes,No,0,No,No phone service,Fiber optic,No,No,No,No,No,Yes,Month-to-month,Yes,Mailed check,65.24,155.87,No
C06756,Female,68.0,1,No,No,65,Yes,Yes,Fiber optic,Yes,No,No,Yes,No,No,Two year,Yes,Mailed check,75.6,4692.44,No
C03469,Male,46.0,0,No,No,40,Yes,No,DSL,Yes,No,No,No,No,No,Month-to-month,No,Bank transfer,46.7,2059.66,No
C06856,Female,34.0,0,No,No,17,Yes,Yes,Fiber optic,No,No,No,No,Yes,Yes,Month-to-month,Yes,Credit card,80.01,1370.82,No
C01515,Male,18.0,0,No,No,15,Yes,Yes,Fiber optic,No,No,No,No,No,No,Month-to-month,Yes,Electronic check,59.58,1020.75,Yes
C00581,Female,53.0,0,No,No,46,Yes,No,Fiber optic,Yes,Yes,No,Yes,No,Yes,Two year,Yes,Electronic check,73.23,3419.29,No
C06374,Male,39.0,0,No,No,32,Yes,Yes,DSL,No,No,No,No,No,No,Month-to-month,No,Credit card,37.55,1128.12,No
C06672,Female,23.0,0,No,No,71,Yes,Yes,Fiber optic,No,Yes,Yes,No,Yes,No,Two year,Yes,Mailed check,79.87,5293.5,No
C02227,Female,51.0,0,No,No,3,Yes,Yes,DSL,No,Yes,Yes,No,Yes,No,Month-to-month,Yes,Credit card,63.05,325.99,No
C04999,Male,42.0,0,Yes,No,0,Yes,Yes,Fiber optic,No,No,Yes,No,Yes,No,Month-to-month,No,Credit card,72.62,9.73,Yes
C07001,Male,40.0,0,No,No,0,Yes,Yes,Fiber optic,No,Yes,Yes,Yes,No,No,Month-to-month,No,Credit card,75.43,28.59,Yes
C01692,Female,66.0,1,No,No,32,Yes,Yes,Fiber optic,Yes,No,No,No,Yes,No,Two year,Yes,Mailed check,70.38,2091.91,No
C04342,Male,39.0,0,No,No,11,Yes,No,Fiber optic,Yes,No,No,No,Yes,No,Month-to-month,No,Electronic check,55.64,747.0,No
C05405,Female,45.0,0,Yes,No,22,Yes,Yes,DSL,No,No,No,No,Yes,No,Month-to-month,No,Credit card,46.21,1089.3,No
C05277,Female,37.0,0,No,No,53,Yes,No,No,No internet service,No internet service,No internet service,No internet service,No internet service,No internet service,Two year,Yes,Bank transfer,31.97,1721.17,No
C02783,Male,35.0,0,Yes,No,26,Yes,No,Fiber optic,No,Yes,No,No,No,Yes,Month-to-month,Yes,Electronic check,71.77,2036.31,Yes
C04760,Female,56.0,0,Yes,No,32,Yes,Yes,DSL,No,No,Yes,No,No,No,Two year,No,Electronic check,48.14,1712.62,No
C00586,Female,46.0,0,No,Yes,17,Yes,Yes,No,No internet service,No internet service,No internet service,No internet service,No internet service,No internet service,Month-to-month,Yes,Bank transfer,21.19,386.25,No
C02890,Male,18.0,0,No,No,54,Yes,No,DSL,Yes,Yes,Yes,Yes,Yes,Yes,Two year,Yes,Electronic check,88.96,5235.5,No
C04940,Male,20.0,0,Yes,No,37,Yes,Yes,Fiber optic,No,No,Yes,No,No,No,Month-to-month,Yes,Credit card,64.87,2449.63,No
C04435,Male,38.0,0,No,No,35,Yes,No,DSL,No,No,No,No,No,No,Month-to-month,No,Electronic check,41.45,1707.55,No
C06940,Male,29.0,0,No,No,19,Yes,No,DSL,Yes,No,No,Yes,No,Yes,Two year,No,Bank transfer,52.6,1144.86,No
C03558,Male,43.0,0,No,Yes,28,Yes,Yes,Fiber optic,Yes,No,No,Yes,No,No,Two year,Yes,Credit card,67.92,1992.91,No
C04972,Female,29.0,0,Yes,No,5,No,No phone service,Fiber optic,No,Yes,No,Yes,Yes,Yes,Month-to-month,Yes,Electronic check,75.97,347.23,Yes
C00425,Female,69.0,1,Yes,No,37,Yes,No,Fiber optic,Yes,No,No,No,No,No,One year,Yes,Mailed check,66.5,2522.47,No
C04374,Male,54.0,0,Yes,Yes,72,Yes,Yes,Fiber optic,No,No,No,No,No,No,Two year,Yes,Credit card,58.12,4103.57,No
C05614,Male,74.0,1,Yes,No,6,Yes,No,DSL,No,No,No,Yes,No,Yes,Month-to-month,No,Electronic check,50.91,266.26,No
C05441,Male,42.0,0,No,Yes,23,Yes,No,Fiber optic,No,No,No,No,No,Yes,One year,Yes,Electronic check,68.85,1434.87,No
C06311,Male,72.0,1,Yes,Yes,29,Yes,Yes,Fiber optic,Yes,No,Yes,Yes,Yes,No,One year,Yes,Bank transfer,84.29,2334.63,No
C07145,Female,51.0,0,Yes,No,33,Yes,No,No,No internet service,No internet service,No internet service,No internet service,No internet service,No internet service,Two year,Yes,Bank transfer,23.37,871.18,No
C04060,Female,59.0,0,Yes,No,26,Yes,Yes,Fiber optic,No,Yes,Yes,No,Yes,No,One year,Yes,Mailed check,81.14,2143.35,No
C04095,Male,30.0,0,No,No,52,Yes,No,Fiber optic,No,Yes,No,No,No,No,Two year,No,Bank transfer,44.41,2768.38,No
C04725,Male,27.0,0,No,No,35,No,No phone service,Fiber optic,Yes,Yes,Yes,No,No,Yes,One year,No,Electronic check,58.63,2596.04,No
C02254,Male,75.0,1,Yes,No,54,Yes,No,No,No internet service,No internet service,No internet service,No internet service,No internet service,No internet service,One year,Yes,Mailed check,19.22,1220.19,No
C04869,Male,59.0,0,Yes,Yes,17,Yes,Yes,DSL,No,No,Yes,Yes,Yes,No,Month-to-month,Yes,Electronic check,69.93,1264.93,No
C00596,Female,54.0,0,Yes,No,5,Yes,No,DSL,No,No,Yes,Yes,No,Yes,Month-to-month,No,Electronic check,47.67,329.98,Yes
C04243,Female,35.0,0,Yes,Yes,39,No,No phone service,Fiber optic,Yes,No,Yes,Yes,No,No,Two year,No,Electronic check,64.72,2615.26,No
C06149,Female,28.0,0,Yes,No,8,Yes,Yes,Fiber optic,No,No,No,Yes,No,No,Month-to-month,Yes,Electronic check,65.0,523.99,Yes
C01885,Female,47.0,0,Yes,No,10,Yes,Yes,Fiber optic,Yes,No,No,No,Yes,Yes,Month-to-month,No,Bank transfer,83.9,869.65,No
C00725,Male,18.0,0,No,No,57,Yes,No,Fiber optic,Yes,No,Yes,No,Yes,No,Two year,Yes,Bank transfer,69.15,3888.07,No
C06928,Female,33.0,0,No,No,0,Yes,Yes,Fiber optic,Yes,Yes,No,No,No,No,Month-to-month,No,Electronic check,67.77,36.84,Yes
C01449,Female,33.0,0,No,No,41,No,No phone service,Fiber optic,Yes,No,No,No,Yes,Yes,Month-to-month,Yes,Bank transfer,64.7,2674.26,No
C04421,Male,44.0,0,Yes,No,41,Yes,No,Fiber optic,No,Yes,No,No,Yes,Yes,Month-to-month,No,Credit card,59.71,2446.3,Yes
C04148,Male,32.0,0,Yes,No,43,Yes,No,DSL,Yes,Yes,No,No,No,Yes,Two year,Yes,Mailed check,51.53,1999.28,No
C02316,Female,50.0,0,No,No,27,Yes,No,Fiber optic,Yes,Yes,Yes,No,Yes,No,Month-to-month,Yes,Electronic check,73.59,2216.53,Yes
C06732,Female,42.0,0,No,No,16,Yes,Yes,Fiber optic,Yes,No,No,No,Yes,No,Month-to-month,No,Mailed check,68.98,1240.62,No
C02475,Female,52.0,0,Yes,Yes,27,Yes,No,DSL,No,Yes,Yes,No,No,Yes,One year,Yes,Mailed check,44.25,1187.44,No
C03848,Female,48.0,0,Yes,No,15,Yes,Yes,No,No internet service,No internet service,No internet service,No internet service,No internet service,No internet service,One year,Yes,Bank transfer,42.99,708.08,No
C03695,Male,29.0,0,No,No,21,Yes,No,No,No internet service,No internet service,No internet service,No internet service,No internet service,No internet service,Month-to-month,Yes,Electronic check,25.3,635.79,No
C01849,Male,47.0,0,No,No,0,Yes,Yes,Fiber optic,Yes,No,Yes,No,No,No,Month-to-month,Yes,Electronic check,73.22,159.07,Yes
C05647,Female,79.0,1,Yes,No,0,No,No phone service,Fiber optic,Yes,Yes,No,No,No,No,Month-to-month,No,Mailed check,61.82,144.81,Yes
C00402,Male,56.0,0,No,Yes,32,Yes,Yes,Fiber optic,No,No,Yes,Yes,No,Yes,Month-to-month,Yes,Bank transfer,78.19,2632.32,Yes
C00307,Male,38.0,0,Yes,No,43,Yes,Yes,DSL,No,Yes,No,Yes,No,Yes,Two year,Yes,Mailed check,58.0,2345.79,No
C00325,Male,46.0,0,No,No,22,Yes,No,Fiber optic,No,No,No,No,Yes,Yes,Month-to-month,Yes,Credit card,66.95,1476.24,Yes
C04384,Male,66.0,1,Yes,No,11,Yes,Yes,Fiber optic,No,Yes,Yes,Yes,Yes,No,Month-to-month,Yes,Electronic check,90.32,972.81,Yes
C04296,Female,42.0,0,No,No,17,Yes,No,Fiber optic,No,Yes,No,No,Yes,No,Month-to-month,Yes,Electronic check,79.12,1480.12,Yes
C06004,Female,38.0,0,Yes,Yes,48,Yes,Yes,Fiber optic,No,No,No,No,No,No,Two year,Yes,Bank transfer,60.83,2663.28,No
C00156,Female,45.0,0,Yes,Yes,46,Yes,Yes,DSL,Yes,No,No,Yes,No,No,One year,Yes,Electronic check,60.93,2651.26,No
C06037,Female,18.0,0,No,No,20,No,No phone service,No,No internet service,No internet service,No internet service,No internet service,No internet service,No internet service,Month-to-month,Yes,Credit card,32.32,723.87,No
C00543,Male,34.0,0,No,Yes,31,Yes,Yes,DSL,No,Yes,No,Yes,Yes,No,One year,No,Electronic check,62.77,2025.27,No
C00534,Female,42.0,0,Yes,No,21,Yes,No,Fiber optic,No,Yes,No,No,Yes,Yes,Month-to-month,Yes,Bank transfer,72.1,1572.43,Yes
C01499,Male,73.0,1,Yes,No,0,Yes,No,Fiber optic,Yes,Yes,No,No,No,Yes,Month-to-month,Yes,Mailed check,77.93,78.43,Yes
C02733,Male,52.0,0,No,Yes,5,Yes,No,Fiber optic,No,Yes,No,Yes,Yes,Yes,Month-to-month,Yes,Bank transfer,83.02,478.44,Yes
C04556,Male,39.0,0,Yes,Yes,35,Yes,No,Fiber optic,No,No,No,Yes,No,No,Month-to-month,No,Electronic check,57.44,2316.2,No
C02249,Female,31.0,0,Yes,Yes,38,Yes,Yes,Fiber optic,Yes,Yes,Yes,No,Yes,No,Month-to-month,Yes,Bank transfer,81.47,3327.44,No
C02659,Male,50.0,0,No,No,3,Yes,No,Fiber optic,No,Yes,No,Yes,Yes,No,Month-to-month,Yes,Mailed check,83.14,308.28,No
C01149,Female,18.0,0,No,No,15,Yes,Yes,Fiber optic,No,No,No,Yes,No,Yes,Month-to-month,Yes,Electronic check,70.18,1112.58,Yes
C01443,Male,44.0,0,Yes,No,18,No,No phone service,DSL,Yes,Yes,No,No,Yes,Yes,Month-to-month,No,Mailed check,56.4,1294.81,Yes
C02080,Male,67.0,1,Yes,Yes,46,Yes,No,DSL,Yes,Yes,No,No,No,Yes,One year,No,Electronic check,46.3,2283.83,No
C03038,Male,43.0,0,No,Yes,0,Yes,Yes,DSL,No,No,No,No,No,No,Month-to-month,Yes,Bank transfer,38.23,13.3,Yes
C02270,Male,42.0,0,No,No,11,Yes,Yes,DSL,No,Yes,No,No,Yes,Yes,Month-to-month,Yes,Mailed check,62.07,856.66,No
C05313,Female,35.0,0,No,No,24,Yes,No,DSL,No,No,Yes,No,No,Yes,One year,Yes,Electronic check,48.95,1339.26,No
C02374,Female,18.0,0,No,No,44,Yes,Yes,No,No internet service,No internet service,No internet service,No internet service,No internet service,No internet service,One year,No,Electronic check,33.75,1483.57,No
C03358,Female,64.0,0,Yes,No,30,Yes,No,No,No internet service,No internet service,No internet service,No internet service,No internet service,No internet service,Two year,No,Credit card,27.14,850.9,No
C05131,Male,56.0,0,Yes,Yes,15,Yes,Yes,Fiber optic,Yes,No,No,No,No,No,Month-to-month,No,Bank transfer,57.86,1097.16,Yes
C05803,Male,18.0,0,No,Yes,21,Yes,No,DSL,No,Yes,Yes,Yes,No,No,One year,No,Credit card,62.25,1452.16,No
C05180,Female,56.0,0,No,No,13,Yes,No,DSL,No,Yes,No,Yes,No,No,Month-to-month,No,Credit card,50.91,714.74,No
C00062,Male,35.0,0,No,No,64,Yes,No,DSL,No,No,No,No,Yes,Yes,One year,Yes,Electronic check,58.15,3622.18,No
C02090,Female,39.0,0,No,No,39,Yes,No,Fiber optic,Yes,No,No,No,No,No,Two year,Yes,Bank transfer,57.1,2612.91,No
C00579,Male,29.0,0,No,No,9,Yes,Yes,Fiber optic,Yes,Yes,No,Yes,Yes,Yes,Month-to-month,Yes,Mailed check,97.71,935.58,Yes
C02295,Male,51.0,0,No,No,38,Yes,No,No,No internet service,No internet service,No internet service,No internet service,No internet service,No internet service,One year,No,Electronic check,27.2,1189.63,No
C04793,Male,25.0,0,Yes,No,44,Yes,Yes,DSL,No,No,No,No,No,No,Month-to-month,Yes,Electronic check,47.21,2211.61,Yes
C03468,Male,39.0,0,No,No,50,Yes,No,Fiber optic,Yes,Yes,No,Yes,No,No,Two year,Yes,Bank transfer,70.31,3963.86,No
C05825,Female,42.0,0,Yes,No,72,Yes,No,DSL,Yes,No,Yes,No,No,No,Month-to-month,Yes,Mailed check,46.48,3699.94,No
C04158,Female,51.0,0,No,No,39,Yes,No,Fiber optic,Yes,No,No,Yes,No,No,One year,Yes,Mailed check,74.42,2998.51,No
C06938,Female,41.0,0,Yes,No,37,Yes,Yes,No,No internet service,No internet service,No internet service,No internet service,No internet service,No internet service,One year,No,Mailed check,27.45,1067.38,No
C04326,Female,55.0,0,Yes,No,34,Yes,No,No,No internet service,No internet service,No internet service,No internet service,No internet service,No internet service,Two year,Yes,Electronic check,24.7,873.94,No
C00690,Female,54.0,0,Yes,No,72,Yes,No,DSL,Yes,No,No,No,Yes,Yes,Two year,No,Mailed check,49.38,4408.87,No
C01743,Female,30.0,0,No,No,49,Yes,Yes,DSL,No,Yes,No,Yes,Yes,No,Month-to-month,Yes,Bank transfer,62.69,3595.03,No
C05827,Male,69.0,1,Yes,No,68,Yes,No,DSL,No,Yes,Yes,No,Yes,Yes,Two year,Yes,Credit card,59.38,3935.23,No
C06182,Male,52.0,0,No,No,47,Yes,Yes,No,No internet service,No internet service,No internet service,No internet service,No internet service,No internet service,Month-to-month,No,Bank transfer,39.87,2037.24,Yes
C02069,Female,29.0,0,No,No,15,Yes,Yes,No,No internet service,No internet service,No internet service,No internet service,No internet service,No internet service,Month-to-month,Yes,Electronic check,30.31,552.85,No
C04838,Female,23.0,0,No,No,51,Yes,Yes,DSL,Yes,No,No,No,Yes,Yes,Month-to-month,Yes,Credit card,72.92,4303.48,No
C00482,Female,40.0,0,No,Yes,17,Yes,No,Fiber optic,Yes,No,No,No,Yes,No,Two year,Yes,Credit card,69.64,1196.95,Yes
C04514,Male,48.0,0,Yes,No,34,Yes,Yes,DSL,Yes,Yes,No,No,No,No,Month-to-month,Yes,Credit card,53.78,2107.2,No
C02943,Male,59.0,0,Yes,No,40,Yes,Yes,Fiber optic,No,No,Yes,Yes,No,No,One year,No,Mailed check,67.02,2357.98,No
C05518,Male,63.0,0,Yes,No,61,Yes,No,DSL,No,No,Yes,Yes,No,No,One year,No,Electronic check,58.41,3398.81,No
C06818,Female,21.0,0,Yes,No,25,Yes,Yes,DSL,No,No,No,Yes,No,No,Month-to-month,Yes,Bank transfer,55.02,1181.49,No
C02432,Female,40.0,0,No,Yes,62,Yes,Yes,No,No internet service,No internet service,No internet service,No internet service,No internet service,No internet service,One year,Yes,Credit card,29.12,1618.74,No
C05351,Male,61.0,0,Yes,Yes,27,Yes,Yes,DSL,No,No,No,Yes,Yes,Yes,One year,Yes,Bank transfer,69.75,1790.7,Yes
C06438,Female,38.0,0,No,No,51,Yes,No,Fiber optic,No,Yes,No,No,Yes,No,Two year,Yes,Bank transfer,70.3,3210.34,No
C04455,Female,50.0,0,Yes,Yes,55,Yes,No,Fiber optic,No,No,No,Yes,No,Yes,One year,Yes,Electronic check,62.74,3493.47,Yes
C04594,Female,29.0,0,No,No,22,Yes,Yes,Fiber optic,No,No,No,No,Yes,Yes,Two year,Yes,Electronic check,68.6,1505.74,No
C03217,Male,64.0,0,Yes,No,0,Yes,No,No,No internet service,No internet service,No internet service,No internet service,No internet service,No internet service,Month-to-month,Yes,Mailed check,33.87,4.08,No
C05558,Female,51.0,0,No,No,57,Yes,No,No,No internet service,No internet service,No internet service,No internet service,No internet service,No internet service,One year,No,Bank transfer,18.82,1035.07,No
C06870,Male,53.0,0,No,No,14,Yes,No,Fiber optic,Yes,Yes,Yes,No,Yes,Yes,Month-to-month,No,Credit card,80.39,1200.76,No
C01301,Female,19.0,0,No,No,25,Yes,No,Fiber optic,No,Yes,No,No,No,No,Month-to-month,Yes,Credit card,69.32499999999999,1447.52,Yes
C05547,Male,41.0,0,Yes,No,34,Yes,Yes,DSL,No,No,Yes,Yes,No,No,Month-to-month,No,Credit card,57.55,1960.94,No
C05051,Female,51.0,0,Yes,Yes,33,Yes,Yes,DSL,Yes,No,Yes,No,No,Yes,Month-to-month,No,Bank transfer,64.69,2239.95,No
C02820,Male,37.0,0,No,Yes,72,Yes,No,Fiber optic,No,No,Yes,No,No,No,Two year,No,Credit card,59.58,4307.83,No
C02160,Male,61.0,0,Yes,Yes,56,Yes,No,Fiber optic,No,Yes,Yes,No,No,Yes,Two year,No,Mailed check,75.06,4642.64,No
C02523,Female,49.0,0,No,No,2,Yes,No,DSL,Yes,No,No,No,No,Yes,Month-to-month,Yes,Bank transfer,42.72,201.75,Yes
C00341,Female,60.0,0,Yes,No,43,Yes,Yes,No,No internet service,No internet service,No internet service,No internet service,No internet service,No internet service,One year,Yes,Bank transfer,25.11,1059.04,No
C06568,Male,52.0,0,No,No,1,Yes,Yes,Fiber optic,Yes,No,Yes,Yes,Yes,Yes,Month-to-month,No,Bank transfer,91.41,134.15,No
C05376,Female,71.0,1,No,Yes,38,Yes,No,No,No internet service,No internet service,No internet service,No internet service,No internet service,No internet service,One year,No,Electronic check,27.21,1138.52,No
C03131,Male,55.0,0,No,No,20,Yes,Yes,No,No internet service,No internet service,No internet service,No internet service,No internet service,No internet service,Month-to-month,No,Electronic check,30.82,677.58,No
C02575,Female,49.0,0,No,No,16,Yes,Yes,DSL,No,No,No,Yes,Yes,Yes,One year,Yes,Bank transfer,69.2,1041.38,No
C00403,Female,55.0,0,Yes,No,42,Yes,Yes,DSL,No,Yes,No,Yes,No,No,Two year,Yes,Bank transfer,44.05,1504.52,No
C02420,Female,42.0,0,Yes,No,39,Yes,No,DSL,No,No,Yes,No,No,Yes,Two year,Yes,Electronic check,46.66,1724.58,No
C00178,Female,36.0,0,Yes,Yes,30,Yes,Yes,Fiber optic,Yes,No,No,Yes,No,No,Month-to-month,Yes,Bank transfer,83.12,2564.7,No
C05023,Female,56.0,0,No,No,72,Yes,Yes,Fiber optic,No,No,No,No,Yes,Yes,Two year,Yes,Electronic check,80.97,6368.57,No
C06827,Male,37.0,0,Yes,No,23,Yes,Yes,Fiber optic,Yes,No,Yes,Yes,No,No,One year,No,Electronic check,64.28,1358.24,No
C05043,Female,34.0,0,No,No,24,No,No phone service,DSL,No,No,Yes,Yes,Yes,Yes,Month-to-month,No,Bank transfer,59.13,1442.08,Yes
C01171,Male,42.0,0,Yes,Yes,0,Yes,No,Fiber optic,No,No,No,No,No,Yes,Month-to-month,Yes,Electronic check,65.94,92.2,Yes
C04990,Female,48.0,0,Yes,Yes,2,Yes,Yes,DSL,No,No,No,Yes,Yes,No,Two year,Yes,Credit card,60.2,231.97,No
C01094,Female,18.0,0,No,No,46,Yes,No,DSL,No,No,No,No,Yes,Yes,Two year,No,Electronic check,57.64,2682.19,No
C01865,Male,53.0,0,Yes,Yes,44,No,No phone service,Fiber optic,No,Yes,Yes,No,Yes,No,Two year,Yes,Bank transfer,78.51,3987.43,No
C03605,Male,36.0,0,No,No,24,No,No phone service,Fiber optic,Yes,No,No,Yes,No,Yes,Month-to-month,No,Electronic check,74.54,1587.79,No
C01698,Female,40.0,0,Yes,No,14,Yes,No,No,No internet service,No internet service,No internet service,No internet service,No internet service,No internet service,Month-to-month,Yes,Credit card,18.0,401.05,No
C05643,Male,48.0,0,Yes,Yes,9,Yes,Yes,Fiber optic,No,No,Yes,No,No,No,One year,No,Bank transfer,72.66,637.46,No
C05013,Female,38.0,0,Yes,No,17,Yes,No,No,No internet service,No internet service,No internet service,No internet service,No internet service,No internet service,Month-to-month,Yes,Mailed check,29.06,694.37,No
C06510,Female,37.0,0,Yes,Yes,41,Yes,No,Fiber optic,No,Yes,No,No,No,Yes,Month-to-month,Yes,Bank transfer,60.92,2639.34,Yes
C03480,Female,48.0,0,Yes,Yes,18,No,No phone service,Fiber optic,Yes,No,No,Yes,No,No,Month-to-month,Yes,Electronic check,61.28,997.54,Yes
C06487,Male,53.0,0,No,Yes,14,Yes,Yes,DSL,Yes,No,No,No,No,Yes,Month-to-month,No,Bank transfer,59.78,863.33,No
C06783,Male,44.0,0,Yes,Yes,7,Yes,No,DSL,No,No,No,No,Yes,No,Month-to-month,No,Mailed check,36.16,368.94,Yes
C03246,Female,37.0,0,No,No,57,No,No phone service,Fiber optic,Yes,Yes,No,Yes,Yes,No,One year,No,Bank transfer,72.04,3865.11,No
C00722,Male,56.0,0,No,Yes,41,Yes,Yes,No,No internet service,No internet service,No internet service,No internet service,No internet service,No internet service,Two year,Yes,Credit card,29.46,1199.68,No
C02415,Female,54.0,0,No,No,49,Yes,No,Fiber optic,No,Yes,No,Yes,No,No,Two year,No,Bank transfer,63.66,3408.15,No
C04671,Male,55.0,0,Yes,No,0,No,No phone service,DSL,Yes,No,Yes,No,No,No,Month-to-month,No,Credit card,54.665,143.31,No
C05038,Male,18.0,0,No,No,38,No,No phone service,DSL,Yes,No,Yes,No,No,Yes,Month-to-month,Yes,Electronic check,58.57,2504.63,Yes
C02340,Female,21.0,0,No,No,72,Yes,Yes,DSL,No,No,No,No,No,No,Two year,No,Electronic check,34.54,2614.38,No
C06851,Male,45.0,0,No,Yes,37,Yes,Yes,Fiber optic,No,No,No,No,Yes,No,Month-to-month,Yes,Credit card,71.88,2711.03,Yes
C03049,Female,48.0,0,No,No,10,Yes,No,Fiber optic,No,Yes,No,No,Yes,Yes,Month-to-month,No,Electronic check,78.51,835.94,Yes
C02770,Female,50.0,0,No,Yes,20,Yes,No,Fiber optic,No,Yes,No,Yes,No,No,Month-to-month,Yes,Electronic check,65.15,1340.64,No
C06196,Female,69.0,1,No,No,25,Yes,No,Fiber optic,Yes,No,Yes,No,Yes,Yes,Two year,Yes,Credit card,69.32499999999999,2206.7,No
C00254,Male,43.0,0,No,No,28,Yes,No,Fiber optic,No,No,Yes,No,Yes,No,Month-to-month,No,Electronic check,59.41,1929.59,Yes
C07004,Female,67.0,1,Yes,No,56,No,No phone service,No,No internet service,No internet service,No internet service,No internet service,No internet service,No internet service,Two year,Yes,Electronic check,26.03,1409.77,No
C01580,Female,80.0,1,Yes,Yes,19,No,No phone service,Fiber optic,No,No,No,No,No,Yes,Month-to-month,Yes,Electronic check,55.52,1199.75,No
C01958,Female,32.0,0,Yes,No,0,Yes,Yes,DSL,No,No,No,No,No,Yes,Month-to-month,No,Bank transfer,47.07,43.39,Yes
C06444,Male,28.0,0,Yes,Yes,18,Yes,No,Fiber optic,No,No,Yes,Yes,No,No,Month-to-month,No,Electronic check,53.94,1118.17,No
C04164,Female,34.0,0,Yes,No,2,Yes,Yes,Fiber optic,No,No,Yes,No,No,No,Month-to-month,Yes,Electronic check,65.21,157.67,No
C06759,Female,57.0,0,Yes,No,37,Yes,Yes,No,No internet service,No internet service,No internet service,No internet service,No internet service,No internet service,Month-to-month,Yes,Credit card,31.09,1211.95,No
C02352,Female,73.0,1,Yes,Yes,35,Yes,No,No,No internet service,No internet service,No internet service,No internet service,No internet service,No internet service,One year,Yes,Mailed check,30.48,1044.52,No
C02493,Female,39.0,0,Yes,No,72,No,No phone service,Fiber optic,No,No,No,No,No,No,Two year,No,Electronic check,38.91,2944.22,No
C02937,Female,36.0,0,Yes,No,5,Yes,No,Fiber optic,Yes,Yes,No,No,No,No,Month-to-month,Yes,Bank transfer,65.01,396.03,Yes
C03332,Female,54.0,0,Yes,Yes,0,Yes,Yes,Fiber optic,Yes,No,Yes,Yes,No,Yes,Two year,No,Mailed check,73.44,111.82,Yes
C01452,Female,42.0,0,No,No,24,No,No phone service,DSL,Yes,No,No,No,Yes,Yes,Two year,No,Bank transfer,52.76,1254.49,No
C04185,Male,45.0,0,Yes,No,10,Yes,No,DSL,No,No,No,No,No,Yes,Month-to-month,Yes,Credit card,46.13,549.28,No
C06313,Male,47.0,0,No,Yes,34,Yes,Yes,Fiber optic,No,Yes,No,No,No,No,One year,No,Credit card,64.56,2223.57,No
C05303,Female,36.0,0,No,No,36,Yes,No,DSL,Yes,No,No,No,Yes,No,Month-to-month,Yes,Bank transfer,59.42,2216.36,No
C03753,Female,60.0,0,Yes,No,0,Yes,No,DSL,Yes,Yes,No,No,No,Yes,Month-to-month,Yes,Electronic check,60.89,89.175,Yes
C01463,Male,21.0,0,Yes,No,21,Yes,No,Fiber optic,Yes,No,No,No,Yes,Yes,Month-to-month,No,Bank transfer,73.73,1732.56,Yes
C05233,Male,47.0,0,Yes,No,64,Yes,No,Fiber optic,No,Yes,No,Yes,No,No,Two year,No,Mailed check,66.92,3915.98,No
C06423,Male,48.0,0,No,No,2,Yes,Yes,No,No internet service,No internet service,No internet service,No internet service,No internet service,No internet service,Month-to-month,Yes,Electronic check,37.72,149.93,No
C07106,Male,58.0,0,Yes,No,49,Yes,Yes,No,No internet service,No internet service,No internet service,No internet service,No internet service,No internet service,Month-to-month,Yes,Electronic check,35.54,2012.34,No
C05727,Female,36.0,0,Yes,No,32,Yes,No,DSL,No,Yes,No,Yes,Yes,Yes,Two year,Yes,Electronic check,68.49,2524.95,No
C01447,Female,61.0,0,No,No,0,Yes,Yes,Fiber optic,Yes,No,No,No,No,Yes,Month-to-month,Yes,Electronic check,71.51,163.76,Yes
C05127,Female,48.0,0,Yes,No,42,Yes,Yes,Fiber optic,No,No,No,No,Yes,No,Month-to-month,No,Electronic check,62.0,2521.87,No
C03241,Female,41.0,0,No,No,27,Yes,Yes,Fiber optic,No,Yes,No,No,No,No,Two year,No,Mailed check,62.42,1856.66,No
C04973,Male,61.0,0,No,No,0,Yes,Yes,DSL,No,Yes,Yes,No,Yes,Yes,Month-to-month,No,Credit card,73.29,151.6,Yes
C01401,Male,46.0,0,No,No,39,Yes,Yes,Fiber optic,No,No,No,Yes,No,No,Two year,Yes,Credit card,72.59,2999.85,No
C04171,Female,63.0,0,No,No,36,Yes,No,DSL,No,No,No,Yes,Yes,No,Two year,Yes,Mailed check,55.14,1870.13,Yes
C06291,Female,38.0,0,No,Yes,0,Yes,Yes,DSL,Yes,No,Yes,No,Yes,No,Month-to-month,Yes,Electronic check,55.12,67.36,No
C02866,Female,47.0,0,No,Yes,9,Yes,No,Fiber optic,Yes,Yes,No,No,Yes,Yes,Month-to-month,No,Credit card,77.83,866.29,Yes
C00486,Male,61.0,0,Yes,No,54,Yes,Yes,Fiber optic,No,No,No,Yes,No,No,Two year,No,Bank transfer,48.58,2384.17,No
C00986,Female,28.0,0,No,No,27,No,No phone service,DSL,No,No,No,No,No,Yes,Month-to-month,No,Electronic check,32.14,882.12,Yes
C03990,Male,47.0,0,Yes,No,59,Yes,Yes,Fiber optic,No,No,No,No,No,No,One year,Yes,Mailed check,67.7,3724.76,No
C07065,Female,26.0,0,No,No,3,Yes,Yes,DSL,Yes,No,Yes,No,No,No,Month-to-month,Yes,Credit card,66.05,222.72,Yes
C06903,Female,32.0,0,No,No,45,Yes,No,No,No internet service,No internet service,No internet service,No internet service,No internet service,No internet service,One year,No,Credit card,22.63,1208.19,No
C02592,Female,61.0,0,Yes,Yes,27,Yes,Yes,DSL,No,Yes,Yes,No,No,Yes,Month-to-month,Yes,Bank transfer,60.49,1500.48,No
C00619,Female,37.0,0,Yes,No,68,Yes,No,No,No internet service,No internet service,No internet service,No internet service,No internet service,No internet service,Two year,No,Mailed check,20.55,1593.6,No
C00531,Female,64.0,0,No,No,0,Yes,No,Fiber optic,Yes,No,No,No,No,No,Month-to-month,Yes,Electronic check,61.52,131.87,Yes
C05338,Male,45.0,0,No,Yes,50,Yes,No,DSL,No,No,No,No,Yes,No,Two year,No,Electronic check,42.96,2134.17,No
C03378,Male,31.0,0,Yes,No,35,Yes,No,No,No internet service,No internet service,No internet service,No internet service,No internet service,No internet service,Month-to-month,Yes,Bank transfer,33.14,1254.12,No
C07103,Female,55.0,0,Yes,Yes,19,Yes,Yes,Fiber optic,No,No,No,Yes,No,No,Month-to-month,Yes,Electronic check,68.14,1343.32,No
C03224,Male,53.0,0,No,No,45,Yes,No,Fiber optic,No,Yes,Yes,No,Yes,No,Month-to-month,Yes,Electronic check,78.09,3431.27,Yes
C02392,Male,23.0,0,No,No,0,Yes,No,Fiber optic,Yes,No,Yes,No,Yes,No,Month-to-month,No,Mailed check,77.6,120.75,Yes
C05818,Male,28.0,0,No,No,45,Yes,No,DSL,No,Yes,No,No,Yes,Yes,Two year,No,Electronic check,57.39,2943.66,No
C04953,Female,43.0,0,No,Yes,72,Yes,Yes,DSL,No,Yes,Yes,No,No,Yes,Two year,Yes,Electronic check,58.32,4122.79,No
C00736,Female,47.0,0,No,No,0,Yes,Yes,DSL,No,No,No,Yes,Yes,Yes,Month-to-month,No,Bank transfer,62.75,127.23,No
C04708,Female,18.0,0,No,No,42,Yes,No,No,No internet service,No internet service,No internet service,No internet service,No internet service,No internet service,Two year,No,Bank transfer,18.24,794.6,No
C04950,Male,40.0,0,Yes,Yes,4,Yes,No,DSL,Yes,Yes,Yes,No,No,No,Month-to-month,Yes,Electronic check,54.73,329.85,No
C00687,Female,68.0,1,Yes,No,20,No,No phone service,Fiber optic,No,Yes,No,No,Yes,No,Month-to-month,No,Bank transfer,62.66,1276.03,Yes
C02498,Male,30.0,0,No,Yes,12,Yes,Yes,Fiber optic,No,No,No,Yes,No,Yes,Month-to-month,Yes,Mailed check,75.05,940.97,Yes
C06230,Male,41.0,0,No,No,5,No,No phone service,No,No internet service,No internet service,No internet service,No internet service,No internet service,No internet service,Month-to-month,Yes,Electronic check,22.5,184.26,No
C01194,Female,61.0,0,No,No,22,Yes,No,Fiber optic,No,No,Yes,Yes,Yes,No,One year,Yes,Bank transfer,70.76,1726.95,No
C01818,Male,33.0,0,Yes,Yes,0,Yes,No,DSL,No,No,No,No,No,No,One year,Yes,Mailed check,41.22,33.15,No
C01358,Male,46.0,0,No,No,30,Yes,No,Fiber optic,No,Yes,Yes,No,No,Yes,Month-to-month,Yes,Electronic check,64.13,1916.48,No
C01733,Male,24.0,0,No,No,26,Yes,No,Fiber optic,No,No,No,No,Yes,Yes,Month-to-month,No,Credit card,66.07,1889.28,Yes
C03801,Female,51.0,0,Yes,No,29,Yes,No,Fiber optic,Yes,No,No,No,No,No,Month-to-month,No,Mailed check,56.37,1517.29,No
C03232,Female,44.0,0,Yes,No,56,Yes,No,Fiber optic,Yes,Yes,Yes,Yes,No,No,One year,Yes,Electronic check,78.44,5130.72,No
C00831,Female,39.0,0,No,No,26,Yes,No,DSL,No,Yes,No,Yes,No,Yes,Month-to-month,Yes,Electronic check,49.08,1358.82,No
C05696,Male,27.0,0,No,No,68,Yes,Yes,Fiber optic,Yes,No,Yes,No,No,Yes,One year,Yes,Bank transfer,78.57,5488.34,Yes
C03754,Female,18.0,0,No,No,18,Yes,No,Fiber optic,No,Yes,Yes,No,No,No,Month-to-month,Yes,Electronic check,62.42,1202.74,Yes
C05961,Female,42.0,0,Yes,No,30,Yes,No,DSL,No,Yes,No,No,No,Yes,Month-to-month,No,Credit card,37.84,1237.85,No
C06702,Female,21.0,0,No,Yes,21,Yes,No,Fiber optic,No,Yes,No,Yes,Yes,Yes,Two year,Yes,Mailed check,82.06,1929.92,No
C02041,Female,18.0,0,No,No,54,Yes,Yes,Fiber optic,Yes,Yes,Yes,No,No,No,One year,Yes,Electronic check,77.35,3714.01,No
C04387,Male,47.0,0,No,No,25,Yes,No,No,No internet service,No internet service,No internet service,No internet service,No internet service,No internet service,Month-to-month,Yes,Electronic check,22.83,578.12,No
C00323,Male,64.0,0,Yes,No,0,Yes,Yes,Fiber optic,No,No,No,No,No,No,Month-to-month,Yes,Mailed check,65.9,163.06,Yes
C03374,Female,23.0,0,No,No,20,Yes,No,Fiber optic,No,No,No,No,Yes,Yes,Month-to-month,Yes,Bank transfer,65.52,1361.56,No
C02568,Male,57.0,0,Yes,Yes,72,Yes,Yes,No,No internet service,No internet service,No internet service,No internet service,No internet service,No internet service,Month-to-month,Yes,Electronic check,37.2,2350.5,No
C03174,Male,66.0,1,Yes,No,49,No,No phone service,Fiber optic,Yes,Yes,No,No,Yes,No,Two year,No,Credit card,67.02,3533.65,No
C01892,Female,70.0,1,Yes,Yes,5,Yes,Yes,DSL,Yes,No,No,No,No,No,Month-to-month,Yes,Electronic check,49.86,243.62,No
C05616,Female,34.0,0,No,No,5,Yes,Yes,Fiber optic,No,Yes,No,No,No,No,Month-to-month,Yes,Credit card,62.71,390.58,No
C01987,Female,48.0,0,No,No,0,Yes,No,Fiber optic,Yes,Yes,Yes,Yes,No,No,Month-to-month,Yes,Bank transfer,74.8,29.71,No
C02135,Female,51.0,0,Yes,No,21,Yes,No,Fiber optic,No,Yes,No,Yes,Yes,No,One year,No,Credit card,64.98,1561.23,No
C02329,Male,55.0,0,Yes,No,15,Yes,No,DSL,Yes,No,No,Yes,Yes,No,Month-to-month,Yes,Bank transfer,58.21,852.45,No
C05045,Male,32.0,0,Yes,No,29,Yes,No,No,No internet service,No internet service,No internet service,No internet service,No internet service,No internet service,Month-to-month,No,Credit card,29.25,947.42,No
C05460,Male,76.0,1,Yes,No,38,Yes,No,DSL,No,No,Yes,No,Yes,No,Two year,No,Mailed check,47.95,1927.01,No
C01368,Female,56.0,0,No,No,31,Yes,No,Fiber optic,No,No,No,Yes,No,No,Month-to-month,Yes,Electronic check,57.29,1677.14,No
C02217,Male,40.0,0,No,No,37,Yes,Yes,Fiber optic,No,No,Yes,No,No,No,Month-to-month,No,Mailed check,62.91,2126.99,No
C02522,Male,42.0,0,Yes,No,22,Yes,Yes,Fiber optic,No,Yes,No,Yes,Yes,Yes,Month-to-month,Yes,Electronic check,89.52,2280.88,No
C06088,Male,23.0,0,No,No,0,Yes,No,Fiber optic,Yes,No,Yes,No,Yes,Yes,Month-to-month,Yes,Electronic check,82.3,9.08,Yes
C00382,Female,53.0,0,Yes,Yes,27,Yes,Yes,DSL,Yes,No,No,No,Yes,No,Month-to-month,Yes,Electronic check,53.28,1232.42,No
C07138,Female,49.0,0,Yes,No,33,Yes,Yes,Fiber optic,Yes,No,No,No,Yes,No,Month-to-month,Yes,Electronic check,72.06,2619.87,Yes
C07196,Female,51.0,0,Yes,No,62,Yes,Yes,DSL,No,No,Yes,Yes,Yes,Yes,One year,Yes,Credit card,69.26,4789.47,No
C04567,Male,44.0,0,Yes,No,3,Yes,No,Fiber optic,Yes,Yes,Yes,No,No,Yes,Month-to-month,No,Credit card,79.0,267.31,No
C03181,Male,35.0,0,Yes,No,34,Yes,No,No,No internet service,No internet service,No internet service,No internet service,No internet service,No internet service,Month-to-month,Yes,Electronic check,20.52,697.83,No
C01133,Female,46.0,0,No,No,31,Yes,No,DSL,No,Yes,No,No,Yes,No,Two year,No,Mailed check,52.55,1812.57,No
C05497,Female,34.0,0,Yes,No,33,Yes,Yes,DSL,No,Yes,No,Yes,No,No,Month-to-month,Yes,Electronic check,58.23,1717.12,No
C04110,Female,56.0,0,Yes,No,72,Yes,No,DSL,Yes,No,No,No,Yes,Yes,One year,Yes,Electronic check,60.92,4370.64,No
C02396,Male,32.0,0,Yes,No,7,No,No phone service,No,No internet service,No internet service,No internet service,No internet service,No internet service,No internet service,Month-to-month,Yes,Electronic check,19.3,263.63,No
C04963,Female,18.0,0,No,No,42,No,No phone service,Fiber optic,No,No,No,No,Yes,No,Month-to-month,Yes,Bank transfer,66.04,3071.74,Yes
C06434,Male,18.0,0,No,No,19,Yes,Yes,DSL,No,Yes,Yes,No,No,No,Month-to-month,Yes,Bank transfer,53.99,1181.62,No
C06860,Female,57.0,0,Yes,No,23,Yes,Yes,Fiber optic,No,No,No,Yes,Yes,No,Month-to-month,Yes,Credit card,77.15,1800.81,No
C04937,Female,31.0,0,No,No,16,Yes,No,Fiber optic,No,No,Yes,No,Yes,No,Month-to-month,Yes,Credit card,65.49,1052.97,No
C00963,Male,18.0,0,No,No,22,Yes,Yes,Fiber optic,Yes,Yes,Yes,No,No,Yes,Month-to-month,Yes,Credit card,90.35,2034.66,No
C03871,Female,50.0,0,No,No,48,Yes,No,Fiber optic,No,No,No,No,Yes,Yes,Two year,No,Electronic check,63.87,3050.03,No
C00941,Female,28.0,0,No,No,48,Yes,No,Fiber optic,No,No,Yes,Yes,Yes,Yes,Two year,No,Electronic check,72.79,4192.58,No
C02065,Male,31.0,0,No,No,38,Yes,Yes,DSL,Yes,Yes,No,No,Yes,Yes,One year,No,Electronic check,77.9,3275.99,Yes
C02865,Female,31.0,0,Yes,No,23,Yes,No,No,No internet service,No internet service,No internet service,No internet service,No internet service,No internet service,Month-to-month,Yes,Electronic check,20.68,497.75,No
C00988,Male,44.0,0,Yes,Yes,22,Yes,Yes,Fiber optic,No,No,Yes,No,No,Yes,Month-to-month,No,Mailed check,65.77,1604.02,Yes
C02513,Male,50.0,0,Yes,No,14,Yes,No,Fiber optic,No,No,Yes,No,No,No,Two year,No,Credit card,57.21,832.56,No
C00233,Male,22.0,0,No,No,50,Yes,No,DSL,No,No,No,No,Yes,Yes,Month-to-month,Yes,Electronic check,47.04,2306.04,No
C05073,Male,51.0,0,Yes,No,29,Yes,No,Fiber optic,No,Yes,No,No,Yes,No,One year,No,Electronic check,62.25,2142.1,Yes
C01855,Female,63.0,0,Yes,No,21,Yes,No,No,No internet service,No internet service,No internet service,No internet service,No internet service,No internet service,Month-to-month,No,Electronic check,33.03,864.81,No
C06767,Female,26.0,0,No,No,45,Yes,Yes,Fiber optic,No,No,No,No,No,No,Month-to-month,No,Mailed check,50.73,2370.37,Yes
C05336,Female,18.0,0,No,No,30,Yes,No,DSL,No,Yes,Yes,Yes,Yes,No,One year,No,Bank transfer,58.94,1855.36,Yes
C04839,Male,68.0,1,Yes,Yes,37,Yes,No,DSL,No,Yes,No,No,No,Yes,One year,Yes,Mailed check,52.86,2122.66,No
C06814,Male,51.0,0,Yes,No,38,Yes,Yes,Fiber optic,Yes,Yes,No,No,No,Yes,One year,No,Mailed check,65.67,2659.79,No
C07205,Male,18.0,0,No,No,22,Yes,No,No,No internet service,No internet service,No internet service,No internet service,No internet service,No internet service,One year,Yes,Bank transfer,24.53,521.78,No
C06590,Female,36.0,0,No,No,56,Yes,No,Fiber optic,Yes,No,No,No,No,No,One year,Yes,Credit card,60.36,3626.04,Yes
C00535,Male,57.0,0,No,No,18,Yes,Yes,Fiber optic,Yes,No,Yes,Yes,No,Yes,One year,Yes,Credit card,83.67,1682.58,No
C03638,Male,53.0,0,Yes,No,35,Yes,No,No,No internet service,No internet service,No internet service,No internet service,No internet service,No internet service,One year,No,Credit card,25.17,1031.06,No
C02601,Male,51.0,0,No,No,30,Yes,Yes,No,No internet service,No internet service,No internet service,No internet service,No internet service,No internet service,Month-to-month,Yes,Mailed check,28.84,903.49,No
C05837,Male,35.0,0,Yes,No,19,No,No phone service,DSL,No,No,No,No,Yes,Yes,Month-to-month,No,Electronic check,51.53,947.92,No
C05753,Female,53.0,0,No,No,10,Yes,No,Fiber optic,No,No,No,No,Yes,Yes,Month-to-month,Yes,Bank transfer,74.77,944.22,No
C01599,Male,49.0,0,No,No,29,Yes,Yes,Fiber optic,No,Yes,No,No,Yes,No,One year,Yes,Electronic check,75.31,2229.87,No
C06965,Female,53.0,0,No,No,60,Yes,No,Fiber optic,No,Yes,No,No,Yes,No,Month-to-month,Yes,Bank transfer,75.08,4579.26,No
C02400,Female,57.0,0,No,Yes,32,Yes,No,Fiber optic,Yes,Yes,No,Yes,Yes,No,Month-to-month,Yes,Bank transfer,80.99,2566.42,No
C00379,Male,44.0,0,No,No,0,Yes,Yes,No,No internet service,No internet service,No internet service,No internet service,No internet service,No internet service,Month-to-month,Yes,Bank transfer,20.84,169.56,No
C01114,Male,30.0,0,No,No,12,Yes,No,Fiber optic,Yes,No,No,Yes,No,Yes,Month-to-month,No,Electronic check,79.06,1167.67,Yes
C02004,Male,35.0,0,Yes,Yes,55,Yes,Yes,Fiber optic,Yes,Yes,No,No,No,Yes,Two year,No,Electronic check,76.84,4075.23,No
C04256,Male,41.0,0,No,No,34,Yes,Yes,DSL,Yes,Yes,No,No,Yes,No,Month-to-month,No,Electronic check,61.21,2162.24,No
C01458,Male,34.0,0,No,No,44,Yes,Yes,DSL,Yes,No,Yes,No,Yes,No,One year,Yes,Electronic check,66.2,3181.69,No
C02933,Female,64.0,0,Yes,No,14,Yes,No,Fiber optic,No,No,Yes,No,Yes,Yes,Month-to-month,Yes,Electronic check,69.62,964.56,Yes
C01846,Male,49.0,0,Yes,Yes,63,Yes,Yes,No,No internet service,No internet service,No internet service,No internet service,No internet service,No internet service,Two year,Yes,Bank transfer,31.03,2160.78,No
C07163,Female,52.0,0,No,No,46,Yes,Yes,DSL,No,No,No,No,Yes,Yes,Month-to-month,No,Electronic check,51.9,2524.65,No
C04390,Female,45.0,0,No,No,38,Yes,No,No,No internet service,No internet service,No internet service,No internet service,No internet service,No internet service,Month-to-month,No,Credit card,25.57,998.68,No
C01966,Male,69.0,1,No,Yes,23,Yes,Yes,No,No internet service,No internet service,No internet service,No internet service,No internet service,No internet service,One year,Yes,Credit card,36.94,954.03,No
C03124,Male,50.0,0,No,No,0,Yes,No,Fiber optic,Yes,No,No,No,No,Yes,Month-to-month,Yes,Bank transfer,57.85,0.78,Yes
C06162,Male,55.0,0,Yes,No,24,Yes,Yes,No,No internet service,No internet service,No internet service,No internet service,No internet service,No internet service,One year,No,Credit card,39.14,1096.22,No
C04032,Female,48.0,0,No,Yes,32,Yes,No,Fiber optic,Yes,No,No,No,No,No,Month-to-month,Yes,Bank transfer,66.54,2422.35,No
C04378,Male,18.0,0,Yes,No,34,No,No phone service,No,No internet service,No internet service,No internet service,No internet service,No internet service,No internet service,Month-to-month,No,Electronic check,25.21,768.01,No
C05063,Male,41.0,0,No,No,69,Yes,No,DSL,Yes,No,Yes,Yes,Yes,No,Two year,No,Bank transfer,55.51,3611.89,No
C00101,Male,22.0,0,Yes,Yes,0,Yes,No,No,No internet service,No internet service,No internet service,No internet service,No internet service,No internet service,Month-to-month,No,Credit card,20.68,14.27,No
C04483,Female,63.0,0,Yes,No,64,Yes,Yes,DSL,No,No,No,Yes,No,No,Two year,No,Bank transfer,43.07,2621.02,No
C04180,Male,27.0,0,No,No,30,Yes,Yes,No,No internet service,No internet service,No internet service,No internet service,No internet service,No internet service,Month-to-month,No,Credit card,32.24,1146.9,No
C01069,Male,34.0,0,No,Yes,43,No,No phone service,DSL,No,Yes,Yes,Yes,Yes,No,One year,No,Mailed check,58.75,2322.9,No
C06108,Female,47.0,0,No,Yes,35,Yes,No,No,No internet service,No internet service,No internet service,No internet service,No internet service,No internet service,Two year,Yes,Electronic check,29.35,1077.82,No
C00774,Female,18.0,0,No,No,8,Yes,Yes,Fiber optic,Yes,No,No,No,Yes,No,Month-to-month,No,Credit card,64.3,629.16,Yes
C07122,Female,70.0,1,Yes,No,7,Yes,No,Fiber optic,No,No,No,Yes,Yes,Yes,Month-to-month,No,Bank transfer,75.72,675.7,Yes
C00855,Male,34.0,0,Yes,Yes,57,Yes,No,No,No internet service,No internet service,No internet service,No internet service,No internet service,No internet service,Two year,No,Mailed check,25.48,1598.4,No
C00311,Female,32.0,0,No,No,40,No,No phone service,DSL,No,Yes,No,Yes,Yes,No,Month-to-month,Yes,Electronic check,59.22,2253.59,No
C05360,Male,61.0,0,Yes,No,3,Yes,No,DSL,No,No,No,No,No,Yes,Month-to-month,No,Electronic check,38.16,217.5,No
C01482,Female,41.0,0,No,No,28,Yes,Yes,Fiber optic,Yes,No,No,Yes,No,No,Month-to-month,Yes,Mailed check,70.01,1919.41,No
C05030,Male,46.0,0,No,Yes,8,Yes,Yes,Fiber optic,Yes,Yes,No,Yes,Yes,No,One year,Yes,Bank transfer,92.26,720.21,No
C01867,Male,67.0,1,No,No,22,Yes,No,DSL,Yes,Yes,No,Yes,No,No,Two year,Yes,Electronic check,56.42,1379.4,No
C01231,Male,45.0,0,No,No,17,Yes,No,Fiber optic,Yes,No,Yes,No,Yes,Yes,Two year,No,Credit card,78.2,1462.7,Yes
C01374,Female,55.0,0,Yes,Yes,35,Yes,No,Fiber optic,Yes,Yes,Yes,Yes,No,No,Month-to-month,No,Electronic check,73.56,2528.6,No
C00229,Female,53.0,0,Yes,No,46,No,No phone service,DSL,No,No,No,No,No,Yes,One year,No,Bank transfer,54.665,1894.73,No
C01805,Female,21.0,0,No,No,30,No,No phone service,No,No internet service,No internet service,No internet service,No internet service,No internet service,No internet service,One year,Yes,Credit card,18.0,775.82,No
C02736,Male,39.0,0,No,No,14,Yes,Yes,DSL,No,Yes,No,No,Yes,Yes,Month-to-month,No,Electronic check,61.92,1055.76,Yes
C03475,Female,18.0,0,No,No,11,Yes,Yes,DSL,Yes,Yes,No,Yes,No,Yes,Month-to-month,Yes,Mailed check,68.35,740.87,No
C01555,Female,70.0,1,Yes,Yes,12,Yes,Yes,DSL,No,Yes,Yes,Yes,No,No,Month-to-month,Yes,Electronic check,61.81,802.94,No
C01264,Female,43.0,0,No,Yes,37,Yes,No,No,No internet service,No internet service,No internet service,No internet service,No internet service,No internet service,Month-to-month,Yes,Electronic check,31.55,1355.03,No
C00299,Male,57.0,0,Yes,No,0,Yes,No,Fiber optic,Yes,No,No,Yes,Yes,No,Month-to-month,Yes,Credit card,75.37,101.18,No
C03152,Female,29.0,0,No,No,17,Yes,No,DSL,Yes,Yes,No,No,Yes,Yes,One year,No,Credit card,60.29,1185.79,No
C05800,Female,22.0,0,Yes,No,6,Yes,No,Fiber optic,Yes,Yes,Yes,Yes,No,No,Month-to-month,Yes,Credit card,76.17,561.92,No
C05436,Female,55.0,0,No,No,36,Yes,Yes,No,No internet service,No internet service,No internet service,No internet service,No internet service,No internet service,Month-to-month,Yes,Credit card,36.63,1466.02,No
C04016,Female,49.0,0,No,No,36,No,No phone service,Fiber optic,No,Yes,Yes,No,Yes,No,Month-to-month,Yes,Electronic check,61.89,2010.22,Yes
C04923,Female,28.0,0,No,No,60,Yes,No,DSL,No,Yes,No,No,No,No,Month-to-month,Yes,Electronic check,53.21,3424.45,No
C04680,Male,69.0,1,Yes,Yes,5,Yes,Yes,Fiber optic,No,No,Yes,No,No,Yes,Month-to-month,Yes,Credit card,71.1,464.35,Yes
C03612,Female,25.0,0,No,No,54,Yes,Yes,No,No internet service,No internet service,No internet service,No internet service,No internet service,No internet service,One year,No,Credit card,32.82,1892.91,No
C01676,Male,33.0,0,No,No,33,Yes,No,Fiber optic,Yes,Yes,Yes,No,Yes,No,Month-to-month,No,Electronic check,86.41,2567.75,Yes
C05402,Male,49.0,0,Yes,No,14,Yes,No,No,No internet service,No internet service,No internet service,No internet service,No internet service,No internet service,Month-to-month,No,Credit card,19.62,373.03,No
C02906,Female,49.0,0,Yes,Yes,13,Yes,Yes,DSL,Yes,Yes,No,No,No,Yes,Month-to-month,Yes,Electronic check,63.67,906.28,No
C00358,Female,24.0,0,Yes,No,13,Yes,No,DSL,No,No,No,Yes,Yes,No,Month-to-month,Yes,Electronic check,55.71,833.63,Yes
C00572,Male,56.0,0,Yes,Yes,49,Yes,No,No,No internet service,No internet service,No internet service,No internet service,No internet service,No internet service,Month-to-month,No,Electronic check,30.61,1605.61,No
C02876,Female,39.0,0,Yes,No,52,Yes,No,Fiber optic,No,No,Yes,Yes,Yes,No,One year,No,Mailed check,67.99,3869.58,No
C00053,Male,66.0,1,No,Yes,34,No,No phone service,Fiber optic,No,Yes,No,No,No,Yes,One year,No,Mailed check,60.24,2171.87,No
C04600,Female,33.0,0,No,No,66,Yes,Yes,Fiber optic,No,No,Yes,No,No,No,Two year,Yes,Bank transfer,69.35,5160.52,No
C05171,Male,44.0,0,Yes,Yes,48,Yes,No,Fiber optic,No,No,No,Yes,No,No,Two year,Yes,Electronic check,60.78,2966.43,No
C01920,Female,61.0,0,No,No,64,Yes,No,No,No internet service,No internet service,No internet service,No internet service,No internet service,No internet service,One year,Yes,Credit card,28.41,1976.18,No
C00657,Male,43.0,0,Yes,No,51,Yes,Yes,DSL,Yes,Yes,Yes,No,No,Yes,Two year,No,Mailed check,70.81,4052.17,No
C03705,Female,30.0,0,No,No,31,Yes,No,Fiber optic,No,No,No,No,No,No,Month-to-month,Yes,Mailed check,56.13,1448.3,No
C02333,Female,51.0,0,No,No,0,Yes,Yes,Fiber optic,No,Yes,No,Yes,No,No,Month-to-month,No,Credit card,81.06,88.94,Yes
C04866,Female,36.0,0,Yes,No,3,Yes,No,Fiber optic,No,Yes,No,No,Yes,No,Month-to-month,No,Electronic check,67.03,283.22,Yes
C05880,Female,31.0,0,No,No,34,Yes,Yes,Fiber optic,No,Yes,No,No,Yes,Yes,One year,Yes,Credit card,77.55,2748.54,Yes
C04942,Male,41.0,0,Yes,Yes,40,Yes,Yes,DSL,No,Yes,Yes,Yes,Yes,No,Two year,Yes,Credit card,66.92,2800.94,No
C03757,Male,44.0,0,No,No,45,Yes,No,DSL,No,Yes,Yes,No,No,No,One year,Yes,Mailed check,44.95,2103.6,No
C06635,Male,80.0,1,Yes,Yes,5,Yes,Yes,Fiber optic,No,No,Yes,No,No,Yes,One year,No,Mailed check,70.39,426.18,No
C06721,Male,42.0,0,No,Yes,8,Yes,No,DSL,No,No,Yes,Yes,No,Yes,Month-to-month,Yes,Bank transfer,48.86,423.38,No
C01498,Male,80.0,1,Yes,Yes,34,Yes,No,Fiber optic,Yes,No,Yes,No,No,No,Two year,No,Electronic check,63.8,2231.73,No
C06549,Male,33.0,0,No,No,23,Yes,No,Fiber optic,No,No,No,No,No,No,Month-to-month,No,Electronic check,48.29,1337.97,No
C00012,Female,46.0,0,Yes,No,1,Yes,No,Fiber optic,Yes,No,Yes,No,No,No,Month-to-month,Yes,Electronic check,72.71,131.05,Yes
C05559,Female,45.0,0,No,No,0,Yes,No,Fiber optic,No,No,No,Yes,No,No,Month-to-month,No,Electronic check,58.55,178.11,Yes
C07010,Female,28.0,0,No,No,18,Yes,Yes,Fiber optic,No,No,No,No,No,Yes,Month-to-month,No,Credit card,70.08,1464.09,Yes
C05279,Female,61.0,0,Yes,No,54,Yes,No,Fiber optic,No,No,No,No,No,Yes,Month-to-month,Yes,Credit card,51.91,2965.79,No
C06910,Male,54.0,0,No,No,61,Yes,Yes,Fiber optic,No,No,No,No,No,No,Two year,Yes,Electronic check,50.76,3507.42,No
C05969,Male,38.0,0,Yes,No,16,Yes,No,DSL,No,No,Yes,No,No,Yes,Month-to-month,No,Electronic check,57.03,927.81,Yes
C00063,Female,37.0,0,No,No,38,Yes,No,Fiber optic,No,Yes,No,Yes,No,No,Two year,Yes,Mailed check,71.68,3162.24,No
C07104,Female,48.0,0,No,No,53,Yes,No,No,No internet service,No internet service,No internet service,No internet service,No internet service,No internet service,One year,No,Bank transfer,21.86,1074.02,No
C00761,Female,32.0,0,Yes,Yes,20,Yes,No,No,No internet service,No internet service,No internet service,No internet service,No internet service,No internet service,Month-to-month,Yes,Credit card,31.82,644.53,No
C03809,Male,44.0,0,No,No,17,Yes,No,Fiber optic,Yes,No,No,No,Yes,No,Month-to-month,Yes,Credit card,64.05,1105.83,No
C02477,Female,35.0,0,No,No,43,No,No phone service,Fiber optic,No,No,No,Yes,No,No,One year,Yes,Credit card,53.38,2459.21,Yes
C05762,Male,56.0,0,No,No,0,Yes,Yes,DSL,Yes,No,Yes,No,No,Yes,Month-to-month,Yes,Electronic check,68.49,94.37,Yes
C00318,Male,27.0,0,Yes,No,61,Yes,No,No,No internet service,No internet service,No internet service,No internet service,No internet service,No internet service,Two year,Yes,Electronic check,24.2,1647.9,No
C03841,Male,42.0,0,Yes,No,32,Yes,Yes,No,No internet service,No internet service,No internet service,No internet service,No internet service,No internet service,Month-to-month,No,Electronic check,26.69,871.09,No
C00733,Female,39.0,0,No,Yes,44,Yes,No,No,No internet service,No internet service,No internet service,No internet service,No internet service,No internet service,Two year,Yes,Mailed check,29.63,1517.62,No
C07137,Female,45.0,0,Yes,No,0,Yes,No,No,No internet service,No internet service,No internet service,No internet service,No internet service,No internet service,Month-to-month,No,Bank transfer,20.72,60.57,No
C00906,Female,33.0,0,No,No,60,Yes,No,Fiber optic,No,No,Yes,Yes,No,No,One year,Yes,Electronic check,71.25,4266.92,Yes
C07061,Male,32.0,0,No,No,0,Yes,No,Fiber optic,Yes,Yes,No,No,No,Yes,Month-to-month,Yes,Mailed check,75.5,171.43,No
C00621,Male,38.0,0,Yes,No,41,Yes,No,Fiber optic,Yes,No,No,Yes,Yes,No,Two year,Yes,Bank transfer,83.65,3652.96,No
C03966,Female,76.0,1,Yes,No,12,Yes,No,Fiber optic,No,Yes,No,Yes,No,No,Month-to-month,Yes,Mailed check,64.63,809.51,No
C02053,Male,44.0,0,Yes,Yes,29,Yes,No,Fiber optic,Yes,No,No,No,No,No,One year,Yes,Credit card,62.32,1805.36,No
C06418,Male,26.0,0,No,No,58,Yes,Yes,DSL,No,Yes,No,No,No,Yes,One year,Yes,Bank transfer,60.44,3597.79,Yes
C07128,Male,51.0,0,No,Yes,10,Yes,No,Fiber optic,No,No,No,No,No,Yes,Month-to-month,No,Electronic check,61.8,648.81,Yes
C03763,Male,57.0,0,Yes,No,40,Yes,Yes,DSL,Yes,Yes,No,Yes,No,Yes,Month-to-month,Yes,Electronic check,67.87,2704.5,No
C07242,Female,39.0,0,Yes,No,0,Yes,No,DSL,No,No,Yes,No,Yes,Yes,Month-to-month,Yes,Bank transfer,57.23,80.78,No
C05537,Male,47.0,0,No,Yes,35,Yes,No,Fiber optic,No,No,No,Yes,No,No,One year,Yes,Electronic check,64.62,2349.96,No
C00825,Female,29.0,0,No,Yes,21,Yes,Yes,DSL,No,No,Yes,No,No,No,Month-to-month,No,Credit card,57.48,973.7,Yes
C02319,Female,62.0,0,Yes,No,23,Yes,No,Fiber optic,No,Yes,Yes,No,No,Yes,Month-to-month,Yes,Mailed check,62.82,1389.29,No
C05319,Female,44.0,0,No,No,41,Yes,Yes,DSL,No,Yes,No,Yes,Yes,Yes,Two year,No,Credit card,67.01,3117.7,No
C05964,Female,33.0,0,No,No,42,Yes,No,DSL,No,No,Yes,Yes,Yes,Yes,One year,No,Bank transfer,64.76,2796.76,No
C05119,Male,76.0,1,Yes,No,7,Yes,No,DSL,No,Yes,No,No,No,Yes,Month-to-month,No,Mailed check,51.71,380.85,No
C05693,Male,48.0,0,No,No,32,Yes,No,Fiber optic,No,No,Yes,No,Yes,Yes,One year,Yes,Electronic check,75.1,2718.52,No
C00763,Male,41.0,0,No,No,17,No,No phone service,Fiber optic,No,No,No,Yes,No,No,Month-to-month,No,Electronic check,58.84,1044.3,Yes
C07058,Female,29.0,0,No,No,15,Yes,No,Fiber optic,No,No,No,Yes,No,Yes,One year,Yes,Mailed check,77.78,1093.39,No
C04111,Male,35.0,0,No,Yes,9,Yes,No,Fiber optic,No,Yes,No,No,Yes,Yes,Two year,Yes,Bank transfer,70.44,731.86,No
C05857,Male,57.0,0,No,No,33,No,No phone service,Fiber optic,No,No,Yes,No,No,Yes,Month-to-month,Yes,Credit card,63.02,2225.26,No
C02229,Female,18.0,0,No,No,53,Yes,No,Fiber optic,No,Yes,Yes,No,Yes,No,Two year,Yes,Mailed check,72.8,4096.7,No
C02317,Female,33.0,0,No,No,59,Yes,No,No,No internet service,No internet service,No internet service,No internet service,No internet service,No internet service,Month-to-month,Yes,Electronic check,24.78,1700.11,No
C04274,Female,27.0,0,No,No,40,Yes,Yes,DSL,No,No,No,Yes,Yes,Yes,Month-to-month,No,Electronic check,69.01,2640.38,No
C02663,Female,54.0,0,No,No,39,Yes,Yes,Fiber optic,No,No,No,Yes,Yes,Yes,Month-to-month,Yes,Electronic check,79.33,3258.32,Yes
C01518,Female,67.0,1,Yes,Yes,35,Yes,Yes,Fiber optic,Yes,Yes,No,No,No,No,Month-to-month,Yes,Bank transfer,72.78,2142.11,No
C03798,Male,39.0,0,Yes,No,10,Yes,Yes,No,No internet service,No internet service,No internet service,No internet service,No internet service,No internet service,Month-to-month,Yes,Electronic check,37.55,496.41,No
C00205,Male,25.0,0,No,No,12,Yes,Yes,Fiber optic,No,Yes,No,Yes,Yes,No,Month-to-month,Yes,Credit card,84.04,1233.18,Yes
C04684,Female,49.0,0,Yes,Yes,28,Yes,No,DSL,No,No,Yes,Yes,Yes,Yes,Month-to-month,Yes,Bank transfer,59.46,1636.09,No
C00085,Female,26.0,0,Yes,No,7,Yes,No,Fiber optic,No,Yes,No,No,No,No,Month-to-month,Yes,Electronic check,45.76,376.02,No
C05679,Female,29.0,0,No,Yes,32,Yes,No,DSL,No,No,No,No,No,Yes,Two year,No,Credit card,40.99,1485.13,No
C07084,Female,38.0,0,No,Yes,62,Yes,No,DSL,Yes,No,No,No,No,Yes,One year,No,Bank transfer,54.29,3662.29,No
C05308,Female,40.0,0,No,No,27,Yes,Yes,DSL,No,No,No,Yes,No,No,One year,No,Electronic check,55.95,1767.89,No
C02564,Male,37.0,0,No,No,22,Yes,Yes,No,No internet service,No internet service,No internet service,No internet service,No internet service,No internet service,Month-to-month,No,Electronic check,26.45,610.76,No
C05145,Female,30.0,0,No,No,32,Yes,Yes,No,No internet service,No internet service,No internet service,No internet service,No internet service,No internet service,One year,Yes,Credit card,28.73,1121.44,No
C07220,Male,54.0,0,No,No,16,Yes,No,Fiber optic,Yes,Yes,Yes,Yes,No,No,Month-to-month,Yes,Mailed check,78.32,1461.1,No
C07233,Male,31.0,0,Yes,Yes,33,Yes,No,No,No internet service,No internet service,No internet service,No internet service,No internet service,No internet service,Two year,Yes,Electronic check,25.83,976.01,No
C05452,Female,34.0,0,No,No,50,Yes,No,Fiber optic,Yes,No,No,No,No,No,Two year,Yes,Mailed check,58.92,2964.65,No
C02971,Male,55.0,0,No,No,23,Yes,Yes,Fiber optic,No,Yes,Yes,No,Yes,No,Month-to-month,Yes,Electronic check,84.7,2108.14,No
C00759,Male,18.0,0,No,No,29,Yes,No,Fiber optic,No,Yes,No,Yes,No,No,Two year,Yes,Electronic check,75.19,1743.055,No
C02741,Female,21.0,0,No,No,14,Yes,Yes,DSL,No,No,No,No,No,No,Month-to-month,No,Credit card,42.85,544.92,No
C03138,Female,20.0,0,No,No,26,Yes,Yes,Fiber optic,Yes,No,No,No,No,No,Month-to-month,Yes,Electronic check,67.35,1835.27,No
C03226,Male,45.0,0,No,No,2,Yes,No,Fiber optic,No,No,Yes,No,Yes,No,Month-to-month,Yes,Mailed check,66.26,264.72,No
C01199,Male,53.0,0,Yes,No,15,Yes,Yes,DSL,Yes,No,Yes,Yes,Yes,Yes,Month-to-month,No,Electronic check,77.6,1306.11,No
C03268,Male,24.0,0,No,No,1,Yes,Yes,Fiber optic,No,No,No,Yes,Yes,Yes,Month-to-month,No,Electronic check,88.86,235.42,Yes
C04997,Male,27.0,0,Yes,Yes,49,Yes,No,Fiber optic,Yes,Yes,No,No,No,No,One year,Yes,Electronic check,60.11,3260.19,No
C04051,Male,67.0,1,No,No,44,Yes,No,Fiber optic,No,Yes,Yes,No,Yes,No,Two year,No,Credit card,63.71,2920.14,No
C07096,Male,40.0,0,Yes,Yes,0,Yes,No,No,No internet service,No internet service,No internet service,No internet service,No internet service,No internet service,Month-to-month,Yes,Credit card,21.3,33.87,Yes
C04490,Female,49.0,0,No,No,39,Yes,Yes,Fiber optic,Yes,No,Yes,No,No,Yes,One year,Yes,Electronic check,79.06,3177.43,Yes
C00046,Male,24.0,0,Yes,Yes,53,Yes,Yes,Fiber optic,Yes,Yes,No,Yes,Yes,Yes,Month-to-month,No,Electronic check,94.39,4897.27,No
C05367,Male,66.0,1,Yes,No,3,Yes,No,Fiber optic,No,No,Yes,No,No,No,Month-to-month,No,Bank transfer,53.22,167.32,No
C01062,Female,44.0,0,No,No,37,Yes,No,DSL,Yes,Yes,No,Yes,Yes,No,Month-to-month,Yes,Mailed check,67.52,2608.54,No
C06003,Female,44.0,0,No,Yes,19,Yes,No,No,No internet service,No internet service,No internet service,No internet service,No internet service,No internet service,Month-to-month,No,Credit card,26.21,678.76,No
C01648,Male,63.0,0,No,Yes,15,Yes,No,Fiber optic,No,Yes,Yes,No,Yes,Yes,Month-to-month,Yes,Electronic check,89.76,1295.24,Yes
C04011,Male,60.0,0,No,Yes,2,Yes,No,Fiber optic,Yes,No,Yes,No,No,Yes,Month-to-month,Yes,Mailed check,72.59,119.76,Yes
C06478,Female,43.0,0,No,No,32,Yes,No,Fiber optic,Yes,No,No,No,Yes,No,Two year,No,Bank transfer,57.18,1790.41,No
C04101,Male,42.0,0,No,No,0,Yes,No,DSL,No,No,Yes,Yes,Yes,No,One year,No,Mailed check,54.79,158.9,No
C01123,Male,68.0,1,Yes,No,72,Yes,No,DSL,No,No,No,No,Yes,Yes,One year,Yes,Bank transfer,59.75,3867.46,No
C05276,Female,54.0,0,No,No,47,Yes,No,DSL,No,No,No,No,Yes,Yes,Month-to-month,No,Electronic check,55.28,2456.41,Yes
C05015,Male,34.0,0,Yes,No,38,Yes,No,Fiber optic,No,No,No,Yes,No,Yes,Two year,No,Electronic check,66.07,2395.76,No
C00145,Female,41.0,0,Yes,No,2,Yes,Yes,DSL,No,No,Yes,No,Yes,No,Month-to-month,Yes,Electronic check,58.68,260.89,Yes
C06971,Female,39.0,0,No,No,41,Yes,Yes,No,No internet service,No internet service,No internet service,No internet service,No internet service,No internet service,Two year,No,Credit card,27.09,1191.07,No
C01391,Male,45.0,0,Yes,Yes,10,Yes,No,DSL,Yes,No,Yes,No,Yes,No,Two year,No,Mailed check,49.21,442.13,No
C06223,Male,32.0,0,Yes,No,54,Yes,No,No,No internet service,No internet service,No internet service,No internet service,No internet service,No internet service,Two year,No,Bank transfer,22.67,1340.68,No
C03228,Female,59.0,0,Yes,No,13,Yes,No,Fiber optic,No,No,Yes,No,No,Yes,Month-to-month,No,Electronic check,70.38,982.75,No
C02494,Female,39.0,0,No,Yes,55,Yes,No,DSL,No,No,No,Yes,No,Yes,Month-to-month,Yes,Electronic check,63.38,3437.49,No
C01700,Male,26.0,0,No,No,59,Yes,No,Fiber optic,Yes,No,No,Yes,No,Yes,Two year,No,Mailed check,69.36,3859.15,No
C02034,Female,42.0,0,Yes,Yes,19,Yes,No,DSL,Yes,No,Yes,Yes,Yes,No,Month-to-month,Yes,Bank transfer,63.58,1320.38,Yes
C04352,Female,24.0,0,No,No,32,Yes,No,DSL,No,No,No,No,No,No,Month-to-month,No,Credit card,32.94,1046.18,No
C01943,Male,60.0,0,Yes,No,35,Yes,Yes,No,No internet service,No internet service,No internet service,No internet service,No internet service,No internet service,Month-to-month,Yes,Credit card,22.56,784.7,No
C00461,Female,38.0,0,No,No,16,Yes,Yes,No,No internet service,No internet service,No internet service,No internet service,No internet service,No internet service,Month-to-month,No,Electronic check,25.99,389.77,No
C05468,Male,51.0,0,No,No,7,Yes,No,Fiber optic,No,No,Yes,Yes,No,No,Month-to-month,Yes,Electronic check,66.84,641.99,Yes
C02496,Female,44.0,0,Yes,No,17,Yes,Yes,Fiber optic,No,No,Yes,No,No,Yes,One year,Yes,Bank transfer,73.38,1357.19,No
C04809,Female,64.0,0,Yes,Yes,21,Yes,No,No,No internet service,No internet service,No internet service,No internet service,No internet service,No internet service,Month-to-month,Yes,Electronic check,29.48,737.51,No
C00724,Female,58.0,0,Yes,No,27,Yes,Yes,DSL,No,No,No,Yes,Yes,No,Month-to-month,Yes,Bank transfer,58.01,1521.07,No
C02991,Female,45.0,0,No,No,30,Yes,Yes,Fiber optic,No,Yes,Yes,No,Yes,Yes,One year,Yes,Bank transfer,79.65,2531.73,No
C04886,Female,43.0,0,No,No,30,No,No phone service,Fiber optic,No,Yes,Yes,No,Yes,No,Month-to-month,No,Electronic check,73.2,1981.95,Yes
C04845,Female,31.0,0,Yes,Yes,48,Yes,No,No,No internet service,No internet service,No internet service,No internet service,No internet service,No internet service,Two year,No,Electronic check,26.83,1286.06,No
C07091,Female,38.0,0,Yes,No,25,Yes,Yes,Fiber optic,No,Yes,No,Yes,Yes,Yes,Month-to-month,Yes,Electronic check,88.34,2415.24,No
C05599,Female,27.0,0,No,No,0,Yes,Yes,No,No internet service,No internet service,No internet service,No internet service,No internet service,No internet service,Month-to-month,No,Credit card,42.92,91.36,No
C01488,Male,63.0,0,Yes,Yes,32,Yes,Yes,DSL,No,No,No,No,No,Yes,Month-to-month,No,Bank transfer,48.05,1250.4,No
C00089,Male,20.0,0,Yes,No,20,Yes,Yes,DSL,Yes,No,No,No,Yes,No,One year,Yes,Electronic check,59.48,1300.64,No
C00265,Female,58.0,0,No,Yes,11,Yes,No,Fiber optic,No,No,No,No,Yes,Yes,Month-to-month,Yes,Electronic check,79.25,1022.32,Yes
C03689,Male,51.0,0,No,No,20,Yes,No,DSL,No,No,Yes,Yes,Yes,Yes,Month-to-month,No,Bank transfer,65.71,1504.03,No
C00301,Male,32.0,0,Yes,No,11,Yes,No,Fiber optic,No,Yes,No,No,Yes,No,Month-to-month,Yes,Electronic check,63.5,820.0,Yes
C05820,Male,33.0,0,No,Yes,47,Yes,Yes,DSL,No,No,No,No,No,No,One year,Yes,Bank transfer,41.94,1988.97,No
C02646,Male,48.0,0,Yes,No,56,Yes,Yes,Fiber optic,No,Yes,Yes,No,No,No,One year,No,Electronic check,64.22,3219.5,Yes
C00971,Male,47.0,0,Yes,No,23,Yes,Yes,Fiber optic,Yes,No,Yes,No,No,No,Month-to-month,Yes,Bank transfer,77.56,1787.64,No
C03507,Male,50.0,0,No,No,29,Yes,No,Fiber optic,No,Yes,Yes,Yes,No,Yes,Two year,No,Credit card,74.76,2606.5,No
C03171,Male,47.0,0,No,No,30,Yes,No,DSL,No,No,No,No,Yes,No,One year,Yes,Bank transfer,48.95,1603.79,No
C05307,Female,19.0,0,No,No,57,Yes,Yes,Fiber optic,Yes,No,Yes,Yes,Yes,Yes,Month-to-month,No,Credit card,81.27,4838.27,Yes
C03667,Female,27.0,0,Yes,No,0,Yes,Yes,DSL,Yes,No,No,Yes,Yes,Yes,Month-to-month,Yes,Bank transfer,67.24,89.175,No
C00363,Female,18.0,0,Yes,No,7,Yes,No,Fiber optic,Yes,No,No,Yes,No,No,One year,Yes,Credit card,62.05,472.69,Yes
C00026,Male,27.0,0,No,Yes,5,No,No phone service,Fiber optic,No,Yes,Yes,No,No,No,One year,Yes,Bank transfer,58.1,392.51,No
C00639,Male,43.0,0,No,No,12,Yes,Yes,Fiber optic,No,No,No,Yes,No,Yes,Two year,No,Electronic check,68.56,873.66,No
C02535,Female,49.0,0,No,Yes,0,No,No phone service,Fiber optic,Yes,No,No,Yes,No,Yes,Month-to-month,No,Mailed check,70.9,27.9,Yes
C03946,Female,18.0,0,No,No,33,No,No phone service,No,No internet service,No internet service,No internet service,No internet service,No internet service,No internet service,Month-to-month,No,Bank transfer,18.44,730.33,No
C03943,Male,67.0,1,No,No,7,Yes,Yes,Fiber optic,No,No,Yes,No,No,No,Month-to-month,No,Bank transfer,58.66,474.31,No
C00678,Female,55.0,0,No,No,22,Yes,Yes,DSL,Yes,No,Yes,Yes,No,Yes,Month-to-month,Yes,Bank transfer,74.09,1724.98,No
C03976,Female,18.0,0,Yes,Yes,24,Yes,No,Fiber optic,No,Yes,Yes,No,Yes,Yes,Month-to-month,Yes,Bank transfer,73.78,1928.1,Yes
C05424,Male,20.0,0,No,No,22,Yes,No,Fiber optic,Yes,No,Yes,Yes,No,No,Month-to-month,No,Electronic check,67.06,1495.35,No
C02161,Female,35.0,0,Yes,No,5,Yes,No,DSL,Yes,No,No,No,Yes,No,Month-to-month,No,Electronic check,51.99,313.73,No
C05294,Male,54.0,0,Yes,No,11,No,No phone service,Fiber optic,No,No,No,No,No,No,Month-to-month,Yes,Electronic check,51.93,700.66,Yes
C03652,Female,42.0,0,Yes,No,41,Yes,No,Fiber optic,No,Yes,Yes,No,No,No,Month-to-month,No,Bank transfer,62.8,2896.68,No
C07225,Male,59.0,0,Yes,Yes,1,Yes,No,No,No internet service,No internet service,No internet service,No internet service,No internet service,No internet service,One year,Yes,Mailed check,22.06,55.68,No
C05365,Male,57.0,0,Yes,No,30,Yes,No,Fiber optic,No,Yes,Yes,No,Yes,No,Month-to-month,Yes,Mailed check,70.42,2314.61,No
C00706,Male,58.0,0,Yes,No,7,Yes,Yes,No,No internet service,No internet service,No internet service,No internet service,No internet service,No internet service,Month-to-month,Yes,Electronic check,34.18,296.71,Yes
C03981,Male,33.0,0,No,No,15,Yes,No,DSL,Yes,No,No,No,No,Yes,Month-to-month,No,Bank transfer,48.23,875.7,No
C01662,Male,37.0,0,Yes,Yes,42,No,No phone service,No,No internet service,No internet service,No internet service,No internet service,No internet service,No internet service,Month-to-month,No,Bank transfer,27.97,1182.72,No
C05764,Male,38.0,0,No,No,54,No,No phone service,No,No internet service,No internet service,No internet service,No internet service,No internet service,No internet service,One year,Yes,Electronic check,29.01,1640.0,No
C00947,Male,45.0,0,Yes,No,28,Yes,No,Fiber optic,No,Yes,No,Yes,No,Yes,Month-to-month,No,Electronic check,67.67,2077.91,No
C01728,Female,50.0,0,Yes,Yes,21,Yes,Yes,Fiber optic,No,No,No,No,No,No,One year,No,Electronic check,50.24,1319.28,No
C02994,Female,45.0,0,Yes,No,17,Yes,No,Fiber optic,No,No,No,No,No,Yes,Month-to-month,Yes,Electronic check,59.29,1084.3,Yes
C00936,Male,49.0,0,No,No,0,No,No phone service,Fiber optic,Yes,No,No,No,Yes,No,Month-to-month,No,Electronic check,69.32499999999999,22.34,Yes
C04316,Female,57.0,0,Yes,No,43,Yes,Yes,Fiber optic,No,Yes,No,Yes,No,No,Two year,No,Bank transfer,70.26,2812.14,No
C03951,Female,59.0,0,No,No,52,Yes,No,DSL,No,No,Yes,No,Yes,Yes,One year,No,Electronic check,56.52,3899.51,No
C03250,Male,70.0,1,No,No,13,Yes,No,DSL,Yes,Yes,Yes,No,Yes,No,Month-to-month,Yes,Electronic check,62.0,950.18,Yes
C02929,Male,48.0,0,Yes,No,27,Yes,No,Fiber optic,Yes,Yes,Yes,No,No,No,Month-to-month,Yes,Electronic check,71.58,2136.48,Yes
C02959,Male,35.0,0,Yes,No,2,Yes,No,Fiber optic,Yes,No,No,No,Yes,No,Month-to-month,No,Bank transfer,66.0,270.68,Yes
C00499,Male,47.0,0,No,No,46,No,No phone service,Fiber optic,Yes,No,Yes,Yes,No,No,Month-to-month,No,Credit card,68.56,3578.55,No
C01769,Female,66.0,1,Yes,No,50,Yes,No,DSL,No,No,Yes,Yes,No,No,One year,Yes,Credit card,47.49,2579.89,No
C03548,Female,34.0,0,Yes,No,0,Yes,No,Fiber optic,Yes,No,No,No,Yes,Yes,Month-to-month,Yes,Credit card,84.99,34.6,No
C05183,Female,21.0,0,No,No,50,No,No phone service,DSL,Yes,No,No,No,No,Yes,One year,Yes,Electronic check,48.61,2510.61,No
C00118,Male,22.0,0,No,No,6,Yes,Yes,No,No internet service,No internet service,No internet service,No internet service,No internet service,No internet service,Month-to-month,Yes,Electronic check,43.13,351.85,No
C03051,Male,52.0,0,Yes,No,34,Yes,Yes,Fiber optic,Yes,Yes,No,Yes,Yes,Yes,One year,No,Mailed check,92.89,3207.06,No
C04823,Male,39.0,0,No,No,0,Yes,No,DSL,Yes,No,Yes,No,Yes,Yes,Month-to-month,Yes,Electronic check,61.15,140.75,Yes
C02565,Female,28.0,0,No,No,8,No,No phone service,Fiber optic,No,Yes,Yes,Yes,Yes,No,Month-to-month,Yes,Mailed check,75.25,729.35,Yes
C05613,Male,34.0,0,No,Yes,63,Yes,Yes,DSL,No,No,No,No,No,Yes,Two year,Yes,Electronic check,60.27,3648.66,No
C03239,Female,49.0,0,Yes,No,70,Yes,Yes,No,No internet service,No internet service,No internet service,No internet service,No internet service,No internet service,Two year,Yes,Electronic check,37.96,2783.92,No
C07159,Male,50.0,0,Yes,No,27,Yes,No,DSL,No,No,Yes,Yes,No,No,One year,Yes,Bank transfer,47.72,1439.9,No
C06582,Female,47.0,0,No,No,54,Yes,Yes,No,No internet service,No internet service,No internet service,No internet service,No internet service,No internet service,One year,Yes,Electronic check,28.82,1640.83,No
C03778,Female,26.0,0,No,No,40,No,No phone service,DSL,Yes,Yes,Yes,No,No,No,Month-to-month,No,Electronic check,46.66,1993.92,No
C05579,Male,49.0,0,Yes,No,0,Yes,No,DSL,No,Yes,Yes,Yes,No,Yes,Month-to-month,No,Electronic check,51.27,168.71,No
C07000,Male,35.0,0,No,No,38,Yes,No,No,No internet service,No internet service,No internet service,No internet service,No internet service,No internet service,Month-to-month,Yes,Electronic check,30.89,1338.29,No
C00970,Female,49.0,0,Yes,Yes,35,No,No phone service,No,No internet service,No internet service,No internet service,No internet service,No internet service,No internet service,Two year,No,Bank transfer,18.9,658.77,No
C01015,Female,56.0,0,Yes,Yes,30,Yes,No,DSL,Yes,No,Yes,No,Yes,Yes,One year,No,Electronic check,64.81,2587.67,No
C03794,Female,69.0,1,Yes,Yes,48,Yes,No,DSL,No,No,Yes,No,Yes,Yes,Two year,Yes,Credit card,67.74,3246.96,No
C05284,Male,64.0,0,Yes,No,62,Yes,No,Fiber optic,No,No,Yes,Yes,No,No,Month-to-month,Yes,Electronic check,69.6,4320.59,No
C04762,Male,59.0,0,No,No,39,Yes,No,DSL,No,Yes,Yes,No,Yes,No,One year,Yes,Electronic check,63.67,2589.26,No
C03247,Male,48.0,0,Yes,No,29,Yes,Yes,Fiber optic,Yes,No,No,Yes,Yes,No,Month-to-month,No,Credit card,69.32499999999999,2545.99,Yes
C02071,Male,49.0,0,Yes,No,22,Yes,No,Fiber optic,No,No,No,No,No,No,Month-to-month,No,Mailed check,47.18,1074.51,No
C07037,Male,56.0,0,Yes,Yes,22,Yes,No,Fiber optic,Yes,Yes,No,No,Yes,No,Month-to-month,No,Electronic check,69.78,1840.49,No
C06509,Male,49.0,0,Yes,No,22,Yes,Yes,DSL,No,No,No,No,Yes,No,Two year,Yes,Electronic check,42.38,1124.59,No
C05688,Female,56.0,0,No,Yes,18,Yes,Yes,DSL,No,No,Yes,Yes,No,No,Two year,Yes,Bank transfer,65.45,1194.005,No
C03886,Male,28.0,0,No,No,0,Yes,Yes,Fiber optic,Yes,No,Yes,No,Yes,No,Month-to-month,No,Credit card,72.19,134.17,Yes
C07239,Male,63.0,0,Yes,No,26,Yes,No,DSL,No,Yes,Yes,No,Yes,No,Month-to-month,Yes,Electronic check,55.05,1466.83,Yes
C04690,Female,51.0,0,Yes,No,50,Yes,Yes,DSL,No,Yes,No,Yes,No,No,Two year,Yes,Bank transfer,53.12,2921.61,No
C00516,Male,54.0,0,Yes,No,12,Yes,Yes,Fiber optic,No,Yes,Yes,Yes,Yes,No,One year,Yes,Credit card,85.47,1095.58,No
C00843,Female,54.0,0,Yes,Yes,54,Yes,Yes,No,No internet service,No internet service,No internet service,No internet service,No internet service,No internet service,Two year,No,Bank transfer,31.59,1780.27,No
C05138,Female,51.0,0,No,Yes,51,Yes,No,Fiber optic,No,Yes,No,Yes,No,No,Two year,No,Electronic check,59.23,3439.72,No
C04420,Male,27.0,0,Yes,Yes,55,Yes,Yes,Fiber optic,No,No,Yes,Yes,Yes,Yes,Month-to-month,Yes,Credit card,93.69,5521.47,Yes
C00245,Female,31.0,0,Yes,Yes,22,Yes,Yes,DSL,Yes,Yes,No,No,No,No,Month-to-month,No,Bank transfer,54.96,1173.42,No
C06583,Male,42.0,0,Yes,No,41,No,No phone service,DSL,No,No,No,No,Yes,No,One year,Yes,Credit card,43.08,1848.4,No
C04996,Male,46.0,0,No,Yes,21,Yes,Yes,Fiber optic,No,No,No,No,Yes,No,Month-to-month,No,Bank transfer,61.5,1322.16,No
C00037,Female,48.0,0,No,No,35,Yes,No,DSL,No,No,No,No,No,Yes,Month-to-month,No,Credit card,33.27,1293.44,No
C02561,Male,37.0,0,Yes,No,47,Yes,No,No,No internet service,No internet service,No internet service,No internet service,No internet service,No internet service,Two year,No,Bank transfer,18.79,991.82,No
C03203,Male,28.0,0,Yes,Yes,8,Yes,No,Fiber optic,Yes,Yes,No,Yes,No,No,Month-to-month,No,Credit card,68.12,472.73,No
C05270,Male,62.0,0,No,No,44,Yes,No,DSL,Yes,Yes,No,No,Yes,No,One year,No,Credit card,50.25,2256.27,No
C06688,Male,67.0,1,Yes,No,32,Yes,Yes,Fiber optic,No,No,Yes,No,No,No,Month-to-month,Yes,Credit card,64.91,2472.07,Yes
C00663,Male,55.0,0,Yes,Yes,4,Yes,Yes,DSL,Yes,No,Yes,No,No,Yes,Month-to-month,No,Electronic check,65.93,301.78,Yes
C02175,Male,50.0,0,Yes,No,0,Yes,Yes,DSL,Yes,No,Yes,No,No,No,Month-to-month,Yes,Bank transfer,63.45,105.33,No
C00011,Male,50.0,0,No,No,56,Yes,No,Fiber optic,Yes,Yes,No,Yes,Yes,No,Two year,Yes,Bank transfer,72.71,4091.81,No
C02067,Female,49.0,0,No,Yes,1,Yes,Yes,Fiber optic,No,No,No,No,No,No,Month-to-month,Yes,Bank transfer,63.66,211.99,Yes
C01868,Female,44.0,0,Yes,Yes,18,Yes,No,Fiber optic,No,No,No,Yes,Yes,Yes,One year,No,Electronic check,68.74,1357.8,No
C02669,Male,36.0,0,No,No,0,Yes,No,Fiber optic,No,No,Yes,No,Yes,No,Month-to-month,Yes,Bank transfer,75.87,1.31,No
C03690,Female,18.0,0,No,No,5,Yes,No,DSL,No,No,No,No,No,Yes,One year,No,Electronic check,59.46,275.13,No
C06455,Male,49.0,0,Yes,Yes,21,Yes,Yes,DSL,No,No,No,No,Yes,No,One year,Yes,Credit card,48.2,1014.36,No
C07150,Female,43.0,0,Yes,Yes,0,Yes,No,Fiber optic,No,Yes,No,Yes,No,No,Month-to-month,No,Electronic check,58.89,165.85,No
C03987,Male,44.0,0,Yes,No,40,Yes,No,DSL,Yes,No,No,Yes,No,Yes,One year,No,Bank transfer,52.82,2092.43,No
C01546,Male,35.0,0,No,No,42,Yes,No,No,No internet service,No internet service,No internet service,No internet service,No internet service,No internet service,One year,No,Bank transfer,28.34,1316.09,No
C03655,Female,47.0,0,Yes,Yes,1,Yes,Yes,Fiber optic,No,Yes,Yes,Yes,No,No,Month-to-month,No,Electronic check,76.37,119.11,No
C02152,Female,34.0,0,No,Yes,46,Yes,Yes,DSL,No,Yes,No,No,Yes,No,Two year,Yes,Mailed check,58.56,2767.67,No
C01002,Male,20.0,0,No,No,16,Yes,No,DSL,No,Yes,No,No,Yes,No,One year,No,Electronic check,47.37,895.6,No
C06129,Male,33.0,0,No,No,15,Yes,Yes,Fiber optic,No,No,No,No,No,No,Month-to-month,Yes,Electronic check,56.94,817.98,No
C02367,Male,49.0,0,No,Yes,26,Yes,No,Fiber optic,No,Yes,Yes,No,Yes,No,Month-to-month,No,Electronic check,67.85,1673.86,Yes
C00260,Female,27.0,0,No,No,15,Yes,No,No,No internet service,No internet service,No internet service,No internet service,No internet service,No internet service,Month-to-month,Yes,Mailed check,30.52,493.88,No
C02092,Male,53.0,0,Yes,No,15,Yes,Yes,Fiber optic,No,No,No,No,No,Yes,Month-to-month,Yes,Electronic check,68.42,1190.28,Yes
C00840,Female,43.0,0,No,Yes,24,Yes,Yes,Fiber optic,Yes,No,No,No,No,No,Month-to-month,Yes,Electronic check,77.66,1778.49,Yes
C01880,Male,32.0,0,No,No,52,Yes,No,DSL,No,No,No,Yes,Yes,No,Two year,No,Electronic check,48.27,2854.7,No
C00925,Female,72.0,1,No,Yes,10,No,No phone service,Fiber optic,No,No,No,Yes,No,No,Two year,Yes,Mailed check,61.33,746.25,No
C03904,Female,37.0,0,No,No,38,No,No phone service,DSL,No,Yes,Yes,No,No,No,Two year,Yes,Bank transfer,46.09,1942.7,Yes
C02532,Male,18.0,0,Yes,No,32,Yes,No,DSL,No,Yes,No,No,Yes,Yes,Month-to-month,Yes,Bank transfer,52.18,1943.6,Yes
C02300,Male,55.0,0,Yes,Yes,32,Yes,No,Fiber optic,No,Yes,No,No,Yes,No,One year,No,Electronic check,64.09,2088.33,No
C05256,Female,44.0,0,Yes,No,61,Yes,No,Fiber optic,Yes,Yes,Yes,No,Yes,Yes,Two year,No,Bank transfer,82.2,5008.45,Yes
C01588,Female,62.0,0,Yes,No,6,Yes,Yes,Fiber optic,No,No,No,No,Yes,Yes,Month-to-month,Yes,Electronic check,68.96,464.36,No
C07116,Female,26.0,0,No,No,0,Yes,Yes,Fiber optic,No,No,No,No,No,No,Month-to-month,Yes,Mailed check,60.58,89.175,Yes
C02458,Female,54.0,0,Yes,Yes,27,Yes,No,Fiber optic,No,No,No,No,No,No,Month-to-month,No,Bank transfer,69.32499999999999,1258.09,No
C07237,Female,30.0,0,No,No,20,Yes,No,Fiber optic,Yes,No,No,Yes,No,No,Month-to-month,Yes,Bank transfer,72.63,1353.64,No
C06143,Female,23.0,0,No,No,36,Yes,Yes,Fiber optic,No,Yes,No,No,Yes,No,One year,No,Credit card,63.24,2284.99,No
C02926,Male,80.0,1,Yes,Yes,19,Yes,Yes,Fiber optic,No,Yes,No,No,No,No,Month-to-month,No,Electronic check,60.68,1060.27,No
C02773,Male,45.0,0,No,No,2,Yes,No,Fiber optic,No,No,No,Yes,No,No,Month-to-month,Yes,Bank transfer,57.86,210.35,No
C06643,Female,44.0,0,Yes,No,15,Yes,Yes,No,No internet service,No internet service,No internet service,No internet service,No internet service,No internet service,Month-to-month,Yes,Bank transfer,40.14,665.04,No
C03190,Male,37.0,0,Yes,No,37,Yes,Yes,DSL,Yes,No,Yes,No,No,No,One year,Yes,Credit card,51.23,1861.49,No
C02126,Male,51.0,0,No,No,33,No,No phone service,Fiber optic,Yes,No,Yes,No,No,No,Month-to-month,No,Electronic check,66.93,2376.15,No
C00066,Male,30.0,0,No,No,0,Yes,No,DSL,No,Yes,No,No,Yes,No,Month-to-month,No,Mailed check,41.84,166.71,No
C05830,Female,42.0,0,Yes,No,14,Yes,Yes,Fiber optic,No,Yes,No,No,Yes,No,Month-to-month,No,Electronic check,79.28,1119.76,No
C03443,Female,28.0,0,No,No,8,Yes,Yes,DSL,No,Yes,Yes,No,Yes,Yes,One year,No,Electronic check,79.05,823.21,No
C03088,Male,59.0,0,Yes,Yes,5,Yes,Yes,No,No internet service,No internet service,No internet service,No internet service,No internet service,No internet service,Month-to-month,Yes,Electronic check,30.14,159.62,No
C03708,Male,26.0,0,No,No,72,Yes,Yes,DSL,No,Yes,No,No,No,No,Two year,No,Mailed check,38.38,2542.13,No
C00497,Female,45.0,0,No,No,46,Yes,No,DSL,No,No,No,No,Yes,No,One year,Yes,Credit card,55.73,2369.62,No
C03093,Male,59.0,0,Yes,No,0,Yes,Yes,Fiber optic,No,Yes,No,No,No,Yes,Month-to-month,Yes,Credit card,63.1,112.16,Yes
C03265,Male,43.0,0,No,No,12,Yes,No,Fiber optic,No,Yes,No,No,No,Yes,Month-to-month,No,Electronic check,68.66,874.37,Yes
C07160,Female,59.0,0,No,No,37,Yes,Yes,Fiber optic,Yes,No,No,No,Yes,No,One year,Yes,Electronic check,71.03,2718.53,No
C01178,Female,56.0,0,Yes,No,42,Yes,Yes,DSL,Yes,No,No,No,No,Yes,One year,Yes,Electronic check,53.85,2144.09,No
C06090,Female,44.0,0,No,No,53,Yes,No,No,No internet service,No internet service,No internet service,No internet service,No internet service,No internet service,One year,No,Electronic check,23.2,1330.36,No
C00973,Female,70.0,1,Yes,Yes,0,Yes,No,Fiber optic,No,No,No,No,Yes,No,Month-to-month,Yes,Electronic check,59.77,118.82,Yes
C04307,Female,65.0,0,No,Yes,23,Yes,No,DSL,No,No,No,No,Yes,No,Month-to-month,No,Electronic check,44.39,1005.43,No
C00317,Male,31.0,0,No,No,42,Yes,No,Fiber optic,No,No,No,No,No,No,One year,No,Bank transfer,53.7,1917.8,No
C06294,Male,48.0,0,Yes,Yes,24,Yes,Yes,Fiber optic,No,No,No,No,Yes,No,One year,No,Credit card,62.92,1322.57,No
C00623,Female,59.0,0,Yes,No,65,Yes,Yes,DSL,Yes,Yes,No,No,No,Yes,Two year,Yes,Credit card,64.91,4290.22,No
C06988,Female,38.0,0,No,No,10,Yes,No,DSL,Yes,No,Yes,No,No,Yes,Month-to-month,No,Mailed check,58.45,602.06,No
C07045,Male,47.0,0,No,Yes,35,Yes,No,Fiber optic,Yes,Yes,Yes,No,Yes,Yes,Two year,No,Electronic check,73.33,2758.76,No
C02799,Male,18.0,0,No,No,40,No,No phone service,Fiber optic,No,Yes,No,No,No,Yes,One year,No,Bank transfer,54.88,2378.18,No
C03384,Male,36.0,0,Yes,Yes,12,Yes,No,Fiber optic,No,No,No,No,Yes,No,Month-to-month,Yes,Mailed check,61.32,709.14,No
C00206,Male,25.0,0,No,No,21,Yes,No,Fiber optic,Yes,No,Yes,Yes,Yes,Yes,Month-to-month,Yes,Electronic check,79.68,1624.05,Yes
C02244,Male,29.0,0,No,No,0,Yes,No,Fiber optic,No,No,Yes,Yes,Yes,Yes,Month-to-month,Yes,Electronic check,69.32499999999999,56.31,Yes
C00246,Female,18.0,0,No,No,19,Yes,No,DSL,No,No,No,Yes,No,No,Month-to-month,No,Credit card,36.95,751.63,Yes
C04320,Male,39.0,0,No,Yes,48,No,No phone service,Fiber optic,Yes,No,Yes,Yes,Yes,Yes,Two year,Yes,Electronic check,75.99,3653.26,No
C06127,Female,26.0,0,No,No,8,Yes,Yes,Fiber optic,No,No,No,Yes,Yes,No,Month-to-month,No,Mailed check,68.87,702.47,No
C00069,Female,27.0,0,Yes,Yes,1,Yes,Yes,Fiber optic,No,No,No,No,Yes,Yes,Month-to-month,No,Electronic check,82.1,192.91,Yes
C05317,Male,48.0,0,No,Yes,11,Yes,No,No,No internet service,No internet service,No internet service,No internet service,No internet service,No internet service,Month-to-month,No,Bank transfer,28.55,386.43,No
C06615,Male,31.0,0,No,No,17,Yes,No,Fiber optic,Yes,No,No,No,No,No,Month-to-month,Yes,Mailed check,56.69,1129.12,No
C02058,Male,42.0,0,Yes,Yes,48,Yes,No,Fiber optic,Yes,Yes,No,Yes,Yes,Yes,Month-to-month,Yes,Bank transfer,90.75,4546.86,Yes
C02726,Female,43.0,0,No,No,46,Yes,Yes,No,No internet service,No internet service,No internet service,No internet service,No internet service,No internet service,One year,No,Credit card,32.85,1687.56,No
C01091,Male,18.0,0,Yes,No,4,No,No phone service,Fiber optic,No,No,No,No,No,No,Month-to-month,No,Mailed check,43.97,285.36,No
C04854,Male,34.0,0,No,No,4,Yes,No,DSL,No,Yes,No,Yes,Yes,Yes,Month-to-month,Yes,Credit card,67.48,356.64,No
C03397,Female,28.0,0,No,No,37,Yes,No,No,No internet service,No internet service,No internet service,No internet service,No internet service,No internet service,Month-to-month,No,Electronic check,19.21,834.35,Yes
C00570,Male,52.0,0,No,No,67,Yes,No,No,No internet service,No internet service,No internet service,No internet service,No internet service,No internet service,Two year,Yes,Electronic check,19.84,1256.97,No
C02753,Female,36.0,0,No,No,16,Yes,No,Fiber optic,No,No,Yes,No,Yes,No,Month-to-month,Yes,Electronic check,71.09,1175.35,Yes
C00375,Male,23.0,0,No,No,31,Yes,Yes,DSL,Yes,No,Yes,Yes,Yes,No,One year,Yes,Bank transfer,68.28,1911.11,No
C03540,Male,34.0,0,No,No,30,Yes,No,DSL,No,Yes,Yes,No,Yes,Yes,One year,Yes,Bank transfer,68.83,2273.07,No
C06513,Female,36.0,0,No,No,21,Yes,No,DSL,No,Yes,No,Yes,No,Yes,One year,No,Electronic check,51.51,1208.57,Yes
C03719,Male,51.0,0,Yes,Yes,33,No,No phone service,DSL,Yes,Yes,No,Yes,No,No,One year,Yes,Electronic check,49.45,1524.16,No
C03338,Male,45.0,0,No,Yes,31,Yes,No,Fiber optic,No,No,No,Yes,No,No,One year,No,Electronic check,59.61,2005.61,Yes
C01467,Male,27.0,0,No,No,47,Yes,No,Fiber optic,No,No,Yes,Yes,No,Yes,Month-to-month,No,Electronic check,72.08,3652.87,No
C06248,Female,55.0,0,No,No,61,Yes,No,DSL,No,No,Yes,No,Yes,No,One year,No,Credit card,44.97,2799.85,No
C03875,Female,31.0,0,Yes,No,3,Yes,No,DSL,Yes,Yes,Yes,No,No,Yes,Month-to-month,Yes,Electronic check,47.8,177.44,No
C02610,Female,38.0,0,Yes,Yes,0,Yes,No,Fiber optic,Yes,No,Yes,Yes,No,Yes,Month-to-month,No,Bank transfer,70.49,63.31,No
C05253,Female,70.0,1,Yes,Yes,19,Yes,No,Fiber optic,No,No,Yes,No,Yes,Yes,Month-to-month,No,Electronic check,70.07,1423.18,Yes
C05324,Female,54.0,0,Yes,No,40,Yes,Yes,DSL,Yes,No,No,No,No,Yes,Month-to-month,Yes,Electronic check,57.4,2446.63,Yes
C06308,Female,31.0,0,Yes,No,14,Yes,No,Fiber optic,No,No,No,Yes,Yes,Yes,Month-to-month,Yes,Mailed check,68.76,1013.69,No
C06859,Male,43.0,0,No,No,0,Yes,No,No,No internet service,No internet service,No internet service,No internet service,No internet service,No internet service,Month-to-month,Yes,Bank transfer,28.13,107.05,Yes
C01729,Male,30.0,0,No,Yes,23,Yes,No,Fiber optic,No,Yes,No,No,No,Yes,Month-to-month,No,Credit card,52.13,1298.44,No
C00041,Female,47.0,0,No,No,12,Yes,Yes,Fiber optic,Yes,No,Yes,No,No,No,Month-to-month,No,Bank transfer,65.14,779.17,Yes
C01622,Male,51.0,0,No,No,43,Yes,No,Fiber optic,Yes,Yes,Yes,Yes,No,No,Month-to-month,Yes,Credit card,88.66,3850.88,No
C01903,Male,54.0,0,No,No,8,Yes,Yes,Fiber optic,No,No,No,No,No,Yes,Month-to-month,Yes,Electronic check,59.17,514.91,Yes
C03779,Male,31.0,0,Yes,No,10,Yes,No,Fiber optic,No,Yes,Yes,Yes,No,Yes,Month-to-month,Yes,Bank transfer,72.84,811.82,Yes
C05231,Female,25.0,0,No,No,17,Yes,No,Fiber optic,Yes,No,Yes,Yes,No,No,Month-to-month,Yes,Credit card,61.65,1234.38,No
C04265,Male,35.0,0,Yes,Yes,8,Yes,Yes,Fiber optic,No,No,Yes,No,No,No,Month-to-month,Yes,Bank transfer,67.87,549.95,Yes
C04608,Male,70.0,1,Yes,No,36,Yes,Yes,DSL,Yes,Yes,Yes,Yes,Yes,No,Two year,Yes,Mailed check,71.62,2693.39,Yes
C01078,Female,50.0,0,Yes,Yes,41,Yes,No,DSL,Yes,No,Yes,No,Yes,Yes,Two year,Yes,Electronic check,70.66,3046.19,No
C01924,Male,35.0,0,No,Yes,29,Yes,No,No,No internet service,No internet service,No internet service,No internet service,No internet service,No internet service,Two year,No,Mailed check,28.25,760.94,No
C03555,Male,73.0,1,Yes,Yes,2,Yes,No,Fiber optic,Yes,No,No,No,Yes,Yes,Month-to-month,Yes,Credit card,71.56,188.97,No
C02051,Female,66.0,1,Yes,No,20,Yes,Yes,DSL,No,No,No,No,No,No,Month-to-month,No,Bank transfer,42.41,1053.5,No
C01585,Female,62.0,0,No,Yes,50,Yes,Yes,DSL,No,No,Yes,No,No,Yes,One year,Yes,Mailed check,62.14,3043.65,No
C03755,Male,53.0,0,No,No,30,Yes,No,DSL,Yes,Yes,Yes,Yes,No,Yes,Month-to-month,No,Bank transfer,62.06,2086.28,No
C04124,Female,44.0,0,Yes,No,35,Yes,Yes,DSL,No,No,No,No,Yes,No,Month-to-month,Yes,Electronic check,38.14,1280.87,Yes
C06132,Female,61.0,0,No,No,60,Yes,Yes,DSL,No,Yes,No,No,No,Yes,Two year,No,Electronic check,61.88,3099.59,No
C01753,Female,62.0,0,No,No,3,No,No phone service,No,No internet service,No internet service,No internet service,No internet service,No internet service,No internet service,Month-to-month,Yes,Mailed check,20.72,137.07,No
C03380,Female,64.0,0,No,No,56,Yes,No,Fiber optic,No,No,No,Yes,No,Yes,Two year,Yes,Mailed check,65.31,3329.39,No
C03179,Female,52.0,0,No,Yes,0,No,No phone service,Fiber optic,No,No,No,No,Yes,Yes,Month-to-month,No,Mailed check,61.48,27.41,Yes
C06951,Female,49.0,0,No,No,59,Yes,No,DSL,No,No,Yes,No,No,Yes,Two year,No,Electronic check,41.56,2027.61,No
C00930,Female,34.0,0,No,No,55,Yes,Yes,DSL,Yes,Yes,Yes,No,Yes,Yes,Two year,No,Bank transfer,83.74,4475.38,No
C01695,Male,41.0,0,No,No,46,Yes,Yes,No,No internet service,No internet service,No internet service,No internet service,No internet service,No internet service,Two year,No,Bank transfer,33.36,1509.56,No
C02831,Female,80.0,1,Yes,Yes,27,Yes,Yes,Fiber optic,No,Yes,No,No,No,No,One year,No,Credit card,76.61,1931.89,No
C04989,Male,45.0,0,Yes,No,26,Yes,Yes,Fiber optic,No,Yes,No,No,No,No,Month-to-month,Yes,Credit card,70.95,1940.36,No
C00304,Female,41.0,0,No,No,24,No,No phone service,Fiber optic,No,No,No,Yes,Yes,No,One year,Yes,Electronic check,64.57,1598.45,No
C07077,Male,46.0,0,No,No,38,Yes,Yes,Fiber optic,No,No,Yes,No,Yes,No,Two year,No,Electronic check,77.76,2938.5,No
C02043,Female,44.0,0,Yes,Yes,45,Yes,Yes,DSL,Yes,No,No,No,No,No,One year,Yes,Electronic check,48.55,2012.38,No
C03618,Female,39.0,0,No,No,6,Yes,No,DSL,No,Yes,No,Yes,No,Yes,Month-to-month,Yes,Electronic check,58.26,411.69,No
C04452,Female,47.0,0,No,No,53,Yes,No,DSL,No,Yes,No,No,No,No,Two year,Yes,Electronic check,50.22,2765.18,No
C01623,Male,64.0,0,Yes,Yes,41,Yes,No,DSL,Yes,No,No,No,Yes,No,Two year,No,Mailed check,48.79,2120.19,No
C05752,Male,46.0,0,No,Yes,8,Yes,No,DSL,Yes,Yes,No,No,Yes,Yes,One year,Yes,Credit card,54.665,682.81,No
C05777,Female,51.0,0,Yes,No,32,Yes,No,Fiber optic,Yes,Yes,No,No,Yes,No,Month-to-month,Yes,Electronic check,75.43,2483.6,Yes
C05737,Male,47.0,0,Yes,No,12,Yes,No,Fiber optic,No,Yes,No,No,No,Yes,Month-to-month,Yes,Electronic check,64.1,975.32,No
C05544,Male,47.0,0,No,No,33,Yes,No,DSL,Yes,Yes,Yes,No,Yes,No,Two year,No,Mailed check,61.63,2118.52,No
C04423,Female,55.0,0,No,No,9,Yes,No,Fiber optic,No,Yes,No,Yes,Yes,No,Month-to-month,No,Mailed check,66.95,698.44,No
C03476,Male,39.0,0,Yes,Yes,0,Yes,Yes,Fiber optic,Yes,No,No,No,Yes,No,Month-to-month,Yes,Electronic check,77.2,59.23,Yes
C03627,Male,52.0,0,No,No,31,Yes,Yes,DSL,No,Yes,No,No,Yes,No,Two year,Yes,Mailed check,47.86,1629.28,No
C01838,Male,28.0,0,No,No,35,Yes,Yes,Fiber optic,No,Yes,Yes,Yes,Yes,Yes,One year,Yes,Mailed check,98.19,3107.88,No
C03560,Male,57.0,0,Yes,Yes,40,Yes,No,DSL,No,Yes,No,No,Yes,Yes,Month-to-month,No,Electronic check,55.48,2335.19,No
C02951,Male,57.0,0,No,No,28,Yes,Yes,DSL,No,No,Yes,No,No,No,Two year,Yes,Credit card,52.88,1498.48,Yes
C03486,Female,37.0,0,Yes,No,9,Yes,No,No,No internet service,No internet service,No internet service,No internet service,No internet service,No internet service,One year,Yes,Credit card,37.49,379.64,No
C03862,Female,51.0,0,No,No,28,Yes,Yes,DSL,No,Yes,Yes,No,No,Yes,Month-to-month,Yes,Electronic check,67.08,1855.28,No
C06893,Female,42.0,0,No,No,33,Yes,Yes,Fiber optic,Yes,No,Yes,Yes,Yes,Yes,One year,Yes,Credit card,98.73,3381.7,No
C00078,Female,46.0,0,No,Yes,19,Yes,Yes,No,No internet service,No internet service,No internet service,No internet service,No internet service,No internet service,Two year,Yes,Electronic check,33.6,630.05,No
C00555,Male,75.0,1,Yes,Yes,18,Yes,No,DSL,Yes,Yes,No,No,No,No,Month-to-month,Yes,Credit card,39.39,701.6,No
C02210,Male,28.0,0,No,No,27,Yes,No,DSL,Yes,No,No,No,Yes,Yes,One year,No,Bank transfer,60.48,1493.64,Yes
C03985,Male,27.0,0,No,No,61,Yes,No,Fiber optic,No,No,No,Yes,No,Yes,Two year,Yes,Mailed check,72.09,4467.6,No
C07013,Female,34.0,0,No,Yes,43,Yes,Yes,No,No internet service,No internet service,No internet service,No internet service,No internet service,No internet service,Two year,No,Mailed check,30.03,1493.05,No
C05561,Male,36.0,0,Yes,No,23,Yes,Yes,No,No internet service,No internet service,No internet service,No internet service,No internet service,No internet service,Month-to-month,Yes,Credit card,38.82,812.88,No
C02459,Female,30.0,0,No,No,24,Yes,No,Fiber optic,No,Yes,No,No,No,No,Month-to-month,No,Bank transfer,56.48,1431.16,No
C06393,Female,32.0,0,Yes,Yes,62,Yes,Yes,DSL,Yes,No,Yes,No,Yes,No,Two year,Yes,Mailed check,66.73,4436.34,No
C01513,Female,33.0,0,Yes,No,24,No,No phone service,No,No internet service,No internet service,No internet service,No internet service,No internet service,No internet service,One year,No,Bank transfer,26.23,688.47,No
C01142,Male,29.0,0,No,No,33,Yes,No,Fiber optic,No,No,No,No,Yes,No,Two year,No,Electronic check,55.14,1849.52,No
C03738,Male,60.0,0,No,Yes,50,Yes,Yes,Fiber optic,No,No,No,No,No,Yes,Two year,Yes,Bank transfer,70.63,3774.33,No
C06398,Female,20.0,0,No,No,64,Yes,No,Fiber optic,No,No,Yes,No,No,No,One year,No,Electronic check,60.96,4059.06,No
C00797,Male,55.0,0,Yes,No,25,Yes,No,No,No internet service,No internet service,No internet service,No internet service,No internet service,No internet service,Month-to-month,Yes,Electronic check,30.38,730.1,No
C01871,Male,44.0,0,No,No,12,Yes,Yes,Fiber optic,Yes,Yes,No,Yes,No,Yes,Month-to-month,Yes,Bank transfer,90.81,1140.85,Yes
C04014,Male,18.0,0,Yes,No,6,Yes,Yes,Fiber optic,Yes,Yes,No,Yes,Yes,Yes,One year,Yes,Bank transfer,95.04,724.76,No
C04277,Female,34.0,0,No,No,8,Yes,No,Fiber optic,No,Yes,Yes,Yes,No,Yes,One year,No,Credit card,76.23,718.9,No
C04096,Female,57.0,0,Yes,No,47,Yes,No,Fiber optic,No,No,No,No,No,No,One year,Yes,Bank transfer,52.36,2443.09,No
C01810,Female,20.0,0,No,No,34,No,No phone service,DSL,Yes,Yes,Yes,No,No,Yes,Two year,Yes,Mailed check,60.29,1896.57,No
C02037,Male,18.0,0,No,No,12,Yes,Yes,No,No internet service,No internet service,No internet service,No internet service,No internet service,No internet service,Month-to-month,No,Credit card,23.53,342.45,No
C06748,Male,60.0,0,Yes,No,38,Yes,No,Fiber optic,Yes,Yes,No,No,No,Yes,One year,Yes,Electronic check,75.67,3037.5,Yes
C05680,Female,58.0,0,No,No,54,Yes,Yes,Fiber optic,No,No,No,No,Yes,Yes,One year,No,Bank transfer,70.13,4107.88,No
C06499,Female,54.0,0,Yes,No,41,Yes,No,Fiber optic,No,No,No,No,Yes,No,Two year,Yes,Credit card,53.32,2457.56,No
C02245,Male,63.0,0,No,No,18,Yes,No,No,No internet service,No internet service,No internet service,No internet service,No internet service,No internet service,Month-to-month,Yes,Credit card,32.14,632.17,No
C04771,Female,49.0,0,No,Yes,42,Yes,No,No,No internet service,No internet service,No internet service,No internet service,No internet service,No internet service,Two year,No,Mailed check,32.45,1392.64,No
C05339,Female,80.0,1,Yes,No,15,Yes,No,Fiber optic,Yes,No,No,No,No,No,Month-to-month,Yes,Credit card,59.51,839.95,No
C02062,Female,42.0,0,Yes,Yes,53,Yes,Yes,DSL,No,No,Yes,No,Yes,No,One year,Yes,Bank transfer,65.21,3212.47,No
C05885,Male,44.0,0,No,No,28,Yes,No,DSL,No,No,No,No,No,No,Two year,No,Credit card,32.13,894.27,No
C06364,Female,29.0,0,No,No,52,Yes,No,DSL,Yes,Yes,No,No,No,No,One year,Yes,Electronic check,54.96,3112.03,No
C00837,Male,70.0,1,Yes,No,60,Yes,No,DSL,No,No,Yes,No,No,Yes,Two year,No,Mailed check,46.18,2765.16,No
C02516,Female,30.0,0,Yes,No,21,Yes,Yes,DSL,Yes,No,No,No,Yes,No,Month-to-month,No,Electronic check,59.2,1263.24,Yes
C00357,Female,29.0,0,No,No,31,Yes,Yes,DSL,No,No,Yes,Yes,Yes,Yes,One year,No,Mailed check,81.52,2495.84,No
C01939,Female,44.0,0,Yes,No,37,Yes,No,Fiber optic,No,No,Yes,Yes,No,No,Two year,Yes,Credit card,65.01,2673.34,No
C01038,Female,50.0,0,Yes,No,35,Yes,No,DSL,No,No,No,Yes,No,Yes,One year,No,Electronic check,59.1,1930.27,No
C03832,Female,42.0,0,Yes,No,23,No,No phone service,No,No internet service,No internet service,No internet service,No internet service,No internet service,No internet service,Month-to-month,No,Credit card,18.0,534.12,No
C05258,Female,18.0,0,No,No,53,Yes,No,DSL,Yes,Yes,No,Yes,No,No,Month-to-month,Yes,Electronic check,59.02,3477.99,No
C06573,Female,58.0,0,No,Yes,55,No,No phone service,DSL,Yes,Yes,No,No,Yes,Yes,Two year,Yes,Bank transfer,59.2,2984.87,No
C00661,Female,50.0,0,No,No,0,Yes,No,Fiber optic,No,No,No,Yes,No,No,Month-to-month,Yes,Bank transfer,65.68,10.82,No
C06720,Female,70.0,1,Yes,No,28,Yes,Yes,Fiber optic,No,Yes,Yes,No,No,Yes,Two year,No,Electronic check,69.7,2100.47,No
C02774,Female,43.0,0,No,No,37,No,No phone service,DSL,Yes,No,No,No,Yes,Yes,Two year,Yes,Electronic check,60.0,2720.82,No
C03487,Female,64.0,0,No,No,13,Yes,No,Fiber optic,Yes,Yes,Yes,Yes,No,No,Month-to-month,No,Bank transfer,72.46,1088.48,No
C00860,Female,49.0,0,No,No,37,Yes,No,DSL,No,Yes,No,Yes,No,No,One year,No,Credit card,40.68,1259.19,No
C03312,Male,35.0,0,No,Yes,8,No,No phone service,Fiber optic,No,No,No,No,Yes,No,Month-to-month,Yes,Credit card,52.68,537.65,Yes
C06842,Female,67.0,1,Yes,Yes,0,Yes,Yes,Fiber optic,No,No,Yes,Yes,No,No,Month-to-month,Yes,Credit card,66.78,146.19,No
C03651,Female,68.0,1,No,No,39,Yes,Yes,Fiber optic,No,No,No,No,No,Yes,Two year,No,Mailed check,74.53,2747.78,No
C06206,Female,61.0,0,No,No,2,Yes,No,Fiber optic,No,Yes,No,Yes,No,No,Month-to-month,Yes,Credit card,55.39,233.85,Yes
C05459,Male,18.0,0,No,No,15,No,No phone service,Fiber optic,Yes,No,Yes,No,Yes,No,Month-to-month,Yes,Credit card,68.55,986.13,No
C05747,Female,42.0,0,Yes,Yes,42,Yes,Yes,Fiber optic,No,No,Yes,No,Yes,No,Two year,No,Bank transfer,76.07,3294.36,No
C03234,Male,18.0,0,No,No,31,Yes,Yes,Fiber optic,No,Yes,No,Yes,Yes,No,One year,Yes,Credit card,83.15,3005.87,No
C02847,Female,49.0,0,No,No,51,No,No phone service,No,No internet service,No internet service,No internet service,No internet service,No internet service,No internet service,Two year,Yes,Mailed check,25.89,1409.4,No
C06176,Male,39.0,0,No,No,56,Yes,No,DSL,No,No,Yes,No,Yes,No,Two year,Yes,Electronic check,46.09,2470.81,No
C05610,Female,48.0,0,Yes,No,16,Yes,Yes,Fiber optic,No,No,No,Yes,Yes,No,Month-to-month,Yes,Electronic check,69.34,1230.16,No
C05707,Female,28.0,0,Yes,No,34,Yes,No,DSL,No,No,No,Yes,No,No,Month-to-month,Yes,Credit card,53.01,1941.21,No
C06683,Male,30.0,0,No,No,25,Yes,No,Fiber optic,Yes,No,Yes,No,No,No,Month-to-month,Yes,Electronic check,65.23,1786.91,Yes
C07044,Male,54.0,0,Yes,No,38,Yes,Yes,DSL,Yes,No,Yes,Yes,Yes,No,Month-to-month,No,Credit card,59.46,1950.72,No
C04700,Male,32.0,0,No,No,15,Yes,Yes,No,No internet service,No internet service,No internet service,No internet service,No internet service,No internet service,Month-to-month,Yes,Electronic check,34.21,636.93,No
C02082,Female,52.0,0,Yes,No,33,Yes,No,DSL,No,Yes,Yes,Yes,No,Yes,Month-to-month,No,Bank transfer,67.67,2564.0,No
C04734,Female,38.0,0,No,No,36,No,No phone service,No,No internet service,No internet service,No internet service,No internet service,No internet service,No internet service,Month-to-month,Yes,Electronic check,22.27,803.64,No
C03870,Female,54.0,0,No,Yes,58,No,No phone service,Fiber optic,No,No,No,No,No,No,Two year,No,Bank transfer,50.05,3007.01,No
C03810,Male,39.0,0,Yes,No,8,Yes,Yes,Fiber optic,No,Yes,Yes,Yes,No,No,Month-to-month,Yes,Credit card,77.84,603.85,Yes
C03924,Female,35.0,0,Yes,No,53,Yes,No,DSL,No,No,No,Yes,No,No,Two year,No,Bank transfer,42.41,2258.47,No
C04654,Male,18.0,0,Yes,No,65,Yes,No,Fiber optic,No,Yes,No,Yes,No,Yes,Two year,No,Bank transfer,74.17,4528.51,No
C06412,Male,33.0,0,No,No,37,Yes,Yes,DSL,Yes,No,Yes,No,No,No,One year,Yes,Electronic check,55.02,2117.96,No
C05190,Female,32.0,0,No,No,36,Yes,Yes,Fiber optic,No,No,Yes,No,No,Yes,Month-to-month,No,Electronic check,66.05,2510.69,No
C06847,Male,48.0,0,No,No,2,Yes,No,DSL,Yes,No,No,No,No,Yes,One year,Yes,Bank transfer,59.84,169.97,No
C00669,Female,54.0,0,No,No,9,Yes,No,Fiber optic,No,No,No,No,Yes,No,Month-to-month,Yes,Bank transfer,67.4,586.36,Yes
C05993,Female,46.0,0,Yes,No,7,Yes,No,Fiber optic,No,No,No,No,Yes,No,Month-to-month,No,Electronic check,56.87,458.06,Yes
C05756,Male,33.0,0,No,No,0,Yes,Yes,DSL,No,No,Yes,No,Yes,No,Month-to-month,No,Electronic check,51.9,0.79,Yes
C03561,Male,40.0,0,No,No,44,No,No phone service,DSL,No,Yes,No,Yes,Yes,No,Month-to-month,Yes,Mailed check,58.46,2755.88,No
C06532,Female,57.0,0,Yes,Yes,49,No,No phone service,DSL,No,No,No,No,Yes,No,Two year,Yes,Credit card,37.1,1748.73,No
C05261,Female,24.0,0,No,No,32,Yes,Yes,DSL,Yes,No,No,No,No,Yes,Two year,Yes,Credit card,56.5,1682.72,No
C04129,Female,59.0,0,No,No,30,Yes,Yes,DSL,No,Yes,Yes,No,No,No,Month-to-month,Yes,Bank transfer,55.7,1597.18,No
C03646,Female,34.0,0,No,Yes,54,Yes,No,DSL,No,Yes,No,No,Yes,No,Month-to-month,Yes,Electronic check,48.17,2621.05,No
C04367,Male,38.0,0,No,No,3,Yes,No,Fiber optic,Yes,No,Yes,Yes,No,Yes,Month-to-month,No,Electronic check,88.03,308.61,No
C04047,Male,56.0,0,Yes,No,34,No,No phone service,Fiber optic,No,No,No,No,Yes,No,Two year,Yes,Bank transfer,48.78,1629.93,No
C02292,Male,37.0,0,Yes,No,13,Yes,Yes,Fiber optic,No,Yes,Yes,No,No,No,Month-to-month,No,Electronic check,64.26,928.61,Yes
C05749,Female,24.0,0,No,No,0,Yes,No,Fiber optic,Yes,No,No,Yes,Yes,No,Month-to-month,No,Electronic check,75.82,48.51,Yes
C03122,Male,30.0,0,No,No,38,Yes,No,Fiber optic,No,Yes,No,Yes,No,No,Month-to-month,No,Bank transfer,69.91,2608.56,No
C03672,Female,38.0,0,No,No,34,No,No phone service,No,No internet service,No internet service,No internet service,No internet service,No internet service,No internet service,Two year,No,Electronic check,32.23,1121.82,No
C01930,Female,54.0,0,No,No,1,Yes,Yes,No,No internet service,No internet service,No internet service,No internet service,No internet service,No internet service,One year,No,Electronic check,36.62,128.43,Yes
C02284,Female,68.0,1,Yes,Yes,31,Yes,No,Fiber optic,No,No,No,No,Yes,Yes,One year,Yes,Electronic check,55.81,1832.21,Yes
C03549,Female,59.0,0,Yes,No,28,Yes,No,DSL,No,Yes,No,No,No,Yes,Month-to-month,Yes,Credit card,58.6,1831.8,Yes
C06728,Male,51.0,0,No,Yes,52,Yes,No,Fiber optic,No,No,No,Yes,No,Yes,Two year,Yes,Electronic check,64.0,3819.1,No
C05865,Male,39.0,0,No,No,8,Yes,No,DSL,No,No,No,No,No,No,Month-to-month,No,Bank transfer,34.45,314.31,No
C04309,Female,32.0,0,No,No,2,Yes,No,Fiber optic,No,Yes,No,No,No,Yes,Month-to-month,Yes,Electronic check,66.06,233.4,Yes
C06259,Female,21.0,0,No,No,36,Yes,No,Fiber optic,Yes,No,No,No,No,No,Month-to-month,Yes,Mailed check,68.59,2518.35,Yes
C03156,Male,52.0,0,No,No,16,Yes,Yes,Fiber optic,Yes,No,No,No,No,No,One year,Yes,Electronic check,70.3,1220.18,No
C01757,Male,55.0,0,Yes,No,54,Yes,No,Fiber optic,No,Yes,No,No,Yes,No,Two year,No,Electronic check,71.1,3995.4,No
C02968,Female,42.0,0,No,No,1,Yes,Yes,Fiber optic,No,No,No,No,No,No,Month-to-month,Yes,Mailed check,61.88,172.54,No
C01540,Male,60.0,0,Yes,Yes,50,Yes,No,Fiber optic,No,No,Yes,No,Yes,No,Month-to-month,No,Bank transfer,70.6,3052.58,No
C00329,Male,56.0,0,Yes,Yes,34,Yes,No,Fiber optic,No,No,Yes,No,No,No,Month-to-month,No,Electronic check,53.53,1742.99,No
C06355,Male,67.0,1,Yes,No,21,Yes,Yes,No,No internet service,No internet service,No internet service,No internet service,No internet service,No internet service,Month-to-month,No,Mailed check,30.43,753.8,No
C01709,Female,32.0,0,Yes,No,72,Yes,Yes,DSL,No,No,No,Yes,Yes,No,One year,Yes,Bank transfer,58.17,4275.2,No
C04746,Male,41.0,0,No,No,49,Yes,No,Fiber optic,No,Yes,No,No,Yes,Yes,One year,No,Mailed check,68.06,3321.05,No
C01278,Female,41.0,0,No,Yes,2,Yes,No,DSL,No,Yes,No,Yes,No,Yes,Month-to-month,No,Electronic check,55.43,152.68,No
C03470,Female,34.0,0,Yes,No,9,Yes,No,Fiber optic,No,No,No,No,Yes,Yes,Month-to-month,Yes,Bank transfer,67.33,613.76,No
C06654,Male,52.0,0,No,Yes,48,Yes,No,DSL,Yes,Yes,No,Yes,Yes,Yes,One year,Yes,Electronic check,73.67,3621.9,No
C02704,Male,60.0,0,Yes,Yes,49,Yes,No,Fiber optic,Yes,No,Yes,No,No,Yes,Two year,No,Bank transfer,67.26,3319.38,No
C02810,Female,25.0,0,Yes,No,20,Yes,No,DSL,No,No,No,No,Yes,No,Month-to-month,No,Electronic check,45.37,1069.66,No
C02397,Female,18.0,0,No,No,17,Yes,Yes,DSL,No,Yes,No,No,Yes,No,Month-to-month,No,Bank transfer,64.35,1470.64,No
C05375,Male,20.0,0,No,No,25,Yes,No,Fiber optic,Yes,Yes,Yes,No,No,No,Month-to-month,Yes,Mailed check,73.16,1460.99,No
C04433,Female,25.0,0,No,No,65,Yes,No,DSL,No,No,Yes,Yes,No,No,Two year,No,Electronic check,44.05,2714.81,Yes
C05785,Female,42.0,0,Yes,No,13,Yes,Yes,DSL,Yes,No,No,No,No,No,Month-to-month,Yes,Bank transfer,59.82,830.67,Yes
C00445,Male,63.0,0,Yes,No,33,Yes,Yes,Fiber optic,No,Yes,No,No,No,Yes,One year,Yes,Bank transfer,85.14,2772.53,No
C03137,Female,42.0,0,Yes,No,26,Yes,Yes,DSL,No,No,No,Yes,Yes,No,Month-to-month,Yes,Electronic check,66.74,1983.64,No
C01151,Female,43.0,0,No,No,14,Yes,Yes,Fiber optic,No,No,No,No,Yes,No,Month-to-month,Yes,Electronic check,68.03,1017.98,Yes
C06221,Female,50.0,0,Yes,No,41,Yes,Yes,Fiber optic,Yes,No,No,No,No,Yes,Month-to-month,Yes,Bank transfer,61.98,2759.05,Yes
C05577,Male,48.0,0,Yes,Yes,16,Yes,No,No,No internet service,No internet service,No internet service,No internet service,No internet service,No internet service,One year,Yes,Mailed check,26.18,474.36,No
C00333,Female,50.0,0,Yes,No,25,Yes,No,DSL,No,No,No,No,No,Yes,Two year,Yes,Bank transfer,53.1,1323.73,No
C03421,Male,26.0,0,No,No,48,Yes,No,Fiber optic,No,No,Yes,No,No,No,Month-to-month,Yes,Electronic check,65.8,3333.64,No
C02630,Male,23.0,0,No,No,49,Yes,No,DSL,No,Yes,No,Yes,No,Yes,Two year,Yes,Credit card,67.71,3439.27,No
C05877,Male,18.0,0,Yes,No,62,Yes,No,No,No internet service,No internet service,No internet service,No internet service,No internet service,No internet service,Two year,No,Mailed check,26.13,1554.74,No
C01725,Female,61.0,0,No,No,25,Yes,No,DSL,No,No,No,Yes,Yes,Yes,One year,No,Electronic check,50.36,1447.57,No
C05962,Female,75.0,1,Yes,No,33,Yes,Yes,DSL,No,No,Yes,No,No,Yes,Month-to-month,No,Bank transfer,49.32,1669.26,No
C01799,Male,55.0,0,No,No,50,Yes,No,Fiber optic,No,No,Yes,Yes,No,No,Two year,Yes,Bank transfer,65.67,3681.04,No
C01616,Female,34.0,0,No,No,27,Yes,No,Fiber optic,No,No,Yes,No,Yes,No,Month-to-month,Yes,Bank transfer,74.06,1902.45,No
C02818,Male,52.0,0,No,No,33,Yes,Yes,Fiber optic,No,Yes,No,No,No,No,Month-to-month,Yes,Electronic check,66.43,2242.57,Yes
C06269,Male,18.0,0,Yes,No,60,Yes,Yes,Fiber optic,No,Yes,Yes,No,No,Yes,Month-to-month,No,Electronic check,72.51,4762.59,No
C05108,Female,29.0,0,Yes,No,55,Yes,No,DSL,Yes,No,No,No,Yes,No,Two year,Yes,Electronic check,58.57,3301.86,No
C02879,Male,37.0,0,Yes,Yes,47,Yes,Yes,Fiber optic,No,No,No,No,Yes,No,Two year,No,Bank transfer,68.96,3390.48,No
C05540,Male,59.0,0,Yes,No,25,Yes,Yes,Fiber optic,No,Yes,Yes,No,No,No,Month-to-month,No,Mailed check,62.72,1820.97,No
C06708,Female,23.0,0,No,No,31,Yes,Yes,Fiber optic,Yes,No,No,Yes,Yes,Yes,Two year,No,Electronic check,91.11,2958.29,No
C03233,Female,62.0,0,Yes,Yes,0,Yes,No,DSL,Yes,No,Yes,Yes,No,No,Month-to-month,Yes,Electronic check,52.78,60.34,Yes
C01716,Female,47.0,0,No,No,40,Yes,No,Fiber optic,Yes,Yes,Yes,Yes,No,Yes,One year,No,Mailed check,81.26,3062.17,No
C04707,Female,72.0,1,Yes,No,29,Yes,Yes,DSL,No,Yes,No,No,Yes,Yes,One year,Yes,Mailed check,63.67,1862.99,No
C04658,Male,47.0,0,No,No,2,Yes,No,DSL,No,No,No,No,No,No,Month-to-month,No,Electronic check,27.01,79.76,Yes
C02739,Male,50.0,0,No,Yes,16,Yes,Yes,DSL,No,Yes,No,No,No,No,Month-to-month,Yes,Electronic check,45.55,792.14,Yes
C01890,Male,33.0,0,No,Yes,30,Yes,No,No,No internet service,No internet service,No internet service,No internet service,No internet service,No internet service,Month-to-month,No,Electronic check,30.72,1025.54,No
C02583,Female,59.0,0,Yes,Yes,70,Yes,No,DSL,Yes,No,Yes,No,No,No,Two year,No,Electronic check,49.74,3839.98,No
C03824,Female,37.0,0,No,No,50,Yes,No,DSL,No,Yes,Yes,Yes,Yes,Yes,Two year,Yes,Electronic check,64.79,3327.78,No
C02573,Female,23.0,0,No,No,29,Yes,Yes,Fiber optic,Yes,No,No,No,No,Yes,One year,Yes,Mailed check,73.13,2019.9,No
C05529,Male,30.0,0,No,No,66,Yes,Yes,Fiber optic,Yes,No,Yes,Yes,Yes,Yes,Two year,Yes,Credit card,81.54,5787.08,No
C06491,Female,23.0,0,Yes,No,12,No,No phone service,No,No internet service,No internet service,No internet service,No internet service,No internet service,No internet service,Month-to-month,No,Credit card,20.93,254.06,No
C05091,Female,54.0,0,Yes,Yes,68,Yes,No,Fiber optic,Yes,No,No,Yes,No,No,One year,Yes,Electronic check,75.87,5184.96,No
C00867,Female,52.0,0,No,Yes,22,Yes,Yes,Fiber optic,No,Yes,No,No,Yes,Yes,Month-to-month,No,Bank transfer,74.09,1833.88,No
C03355,Female,21.0,0,No,No,7,Yes,Yes,Fiber optic,Yes,No,No,No,Yes,Yes,One year,No,Electronic check,73.8,612.1,Yes
C02357,Female,18.0,0,No,No,7,Yes,Yes,No,No internet service,No internet service,No internet service,No internet service,No internet service,No internet service,Month-to-month,Yes,Electronic check,38.86,364.04,No
C01775,Male,26.0,0,Yes,No,49,Yes,No,DSL,No,Yes,Yes,No,No,Yes,One year,Yes,Electronic check,60.78,3159.8,No
C04414,Female,18.0,0,No,No,13,Yes,No,DSL,No,Yes,Yes,No,Yes,Yes,Month-to-month,No,Electronic check,68.36,827.07,No
C01295,Female,41.0,0,No,Yes,51,Yes,Yes,Fiber optic,No,No,Yes,No,No,Yes,Two year,Yes,Electronic check,86.05,4495.76,No
C05912,Female,66.0,1,Yes,Yes,13,Yes,No,Fiber optic,No,Yes,No,No,No,No,Month-to-month,Yes,Mailed check,54.94,823.15,Yes
C03285,Male,48.0,0,No,No,53,Yes,No,Fiber optic,No,No,No,No,Yes,No,Two year,Yes,Electronic check,55.13,2837.23,Yes
C04959,Male,19.0,0,Yes,No,17,Yes,No,Fiber optic,No,No,Yes,No,No,No,Month-to-month,No,Credit card,63.06,1105.61,No
C06084,Male,39.0,0,No,No,36,Yes,No,DSL,Yes,No,No,Yes,Yes,No,One year,No,Credit card,58.74,2232.66,No
C01468,Male,36.0,0,No,Yes,17,Yes,No,Fiber optic,No,No,Yes,No,No,No,Month-to-month,Yes,Mailed check,55.18,1063.24,Yes
C05697,Male,42.0,0,No,No,34,Yes,No,Fiber optic,No,No,No,No,No,No,Two year,Yes,Electronic check,58.95,2239.45,No
C04036,Male,54.0,0,Yes,No,7,Yes,No,No,No internet service,No internet service,No internet service,No internet service,No internet service,No internet service,One year,Yes,Electronic check,30.18,265.96,No
C06244,Male,38.0,0,No,No,44,Yes,Yes,DSL,No,Yes,Yes,No,No,No,One year,No,Electronic check,56.74,2549.23,Yes
C00583,Female,44.0,0,No,Yes,39,Yes,No,Fiber optic,Yes,No,No,Yes,Yes,No,One year,Yes,Credit card,68.59,3041.74,No
C05967,Male,56.0,0,Yes,Yes,15,Yes,Yes,DSL,No,Yes,No,Yes,Yes,No,Month-to-month,Yes,Credit card,68.07,1137.33,No
C05790,Male,80.0,1,Yes,Yes,63,Yes,No,DSL,Yes,Yes,Yes,No,No,No,Month-to-month,No,Bank transfer,45.93,2977.62,No
C05641,Female,45.0,0,No,No,0,Yes,Yes,DSL,Yes,No,No,No,Yes,No,One year,No,Credit card,47.02,44.21,No
C02180,Female,37.0,0,Yes,No,30,Yes,Yes,DSL,No,No,Yes,Yes,Yes,No,One year,No,Bank transfer,51.69,1560.17,No
C01011,Male,72.0,1,Yes,Yes,55,Yes,Yes,DSL,Yes,No,Yes,No,Yes,No,Two year,No,Electronic check,53.8,3209.15,No
C01677,Male,49.0,0,No,Yes,37,Yes,No,Fiber optic,No,No,Yes,Yes,No,Yes,Month-to-month,No,Electronic check,76.6,2776.48,Yes
C04469,Male,63.0,0,No,No,0,Yes,Yes,Fiber optic,Yes,No,Yes,Yes,Yes,No,Month-to-month,Yes,Electronic check,87.67,111.08,Yes
C05551,Female,18.0,0,No,No,0,Yes,No,Fiber optic,No,No,No,No,Yes,Yes,Month-to-month,Yes,Electronic check,77.97,119.37,Yes
C01196,Male,42.0,0,Yes,No,42,Yes,No,No,No internet service,No internet service,No internet service,No internet service,No internet service,No internet service,Two year,Yes,Bank transfer,29.34,1318.87,No
C00331,Female,47.0,0,Yes,No,44,Yes,No,DSL,Yes,Yes,No,Yes,Yes,No,Month-to-month,No,Bank transfer,61.59,2755.07,No
C03979,Male,49.0,0,No,No,27,Yes,Yes,No,No internet service,No internet service,No internet service,No internet service,No internet service,No internet service,Month-to-month,Yes,Electronic check,36.78,1022.72,Yes
C04271,Male,78.0,1,Yes,Yes,18,Yes,No,Fiber optic,No,Yes,No,No,Yes,No,One year,Yes,Credit card,72.38,1378.89,Yes
C06777,Male,48.0,0,No,No,26,Yes,Yes,DSL,No,No,Yes,Yes,No,No,Two year,No,Electronic check,56.07,1498.74,No
C02201,Female,52.0,0,Yes,Yes,2,No,No phone service,Fiber optic,No,No,Yes,No,No,No,One year,Yes,Bank transfer,53.44,229.25,Yes
C00132,Male,47.0,0,No,No,48,Yes,Yes,Fiber optic,No,No,Yes,No,Yes,No,One year,Yes,Mailed check,87.37,4584.48,No
C05927,Female,51.0,0,Yes,No,10,Yes,No,DSL,No,No,No,No,Yes,No,Month-to-month,Yes,Bank transfer,41.75,493.39,Yes
C03528,Female,48.0,0,Yes,No,46,Yes,Yes,DSL,No,Yes,No,No,No,Yes,One year,No,Mailed check,54.38,2848.17,No
C00122,Male,49.0,0,No,No,34,Yes,Yes,No,No internet service,No internet service,No internet service,No internet service,No internet service,No internet service,Two year,Yes,Credit card,36.41,1315.36,No
C03423,Female,21.0,0,No,No,33,Yes,No,DSL,Yes,Yes,No,Yes,No,Yes,One year,Yes,Electronic check,70.27,2253.05,No
C06500,Female,34.0,0,No,No,45,Yes,No,Fiber optic,No,Yes,No,No,No,No,Month-to-month,No,Mailed check,68.23,2952.36,No
C06508,Male,18.0,0,No,No,61,Yes,Yes,No,No internet service,No internet service,No internet service,No internet service,No internet service,No internet service,Two year,Yes,Electronic check,35.95,2259.58,Yes
C00481,Male,32.0,0,Yes,Yes,59,Yes,No,No,No internet service,No internet service,No internet service,No internet service,No internet service,No internet service,Two year,No,Bank transfer,22.67,1506.04,No
C06006,Female,47.0,0,Yes,No,0,Yes,No,DSL,No,Yes,No,Yes,Yes,No,Month-to-month,No,Bank transfer,57.0,63.58,No
C05844,Male,18.0,0,Yes,No,26,Yes,No,No,No internet service,No internet service,No internet service,No internet service,No internet service,No internet service,Month-to-month,Yes,Electronic check,23.4,599.37,No
C07063,Female,49.0,0,No,No,0,Yes,Yes,DSL,No,Yes,No,No,No,Yes,Month-to-month,No,Electronic check,56.83,26.99,Yes
C06435,Male,70.0,1,No,No,13,Yes,No,No,No internet service,No internet service,No internet service,No internet service,No internet service,No internet service,Month-to-month,No,Electronic check,23.25,416.04,No
C03307,Female,65.0,0,Yes,Yes,34,Yes,No,DSL,No,Yes,No,No,No,No,Month-to-month,Yes,Mailed check,47.62,1704.22,Yes
C05507,Male,34.0,0,Yes,Yes,27,Yes,Yes,DSL,No,No,Yes,No,Yes,Yes,Month-to-month,Yes,Electronic check,82.83,2102.06,No
C05854,Female,41.0,0,Yes,Yes,46,Yes,No,DSL,Yes,No,No,No,No,Yes,Month-to-month,Yes,Credit card,56.41,2719.88,No
C02590,Male,44.0,0,No,No,21,No,No phone service,Fiber optic,No,No,No,Yes,Yes,Yes,One year,No,Credit card,78.58,1632.92,No
C03162,Female,31.0,0,No,No,63,No,No phone service,Fiber optic,Yes,No,No,Yes,Yes,No,One year,No,Bank transfer,69.54,4219.59,No
C04551,Female,43.0,0,No,No,27,Yes,No,Fiber optic,Yes,No,No,No,No,Yes,Month-to-month,Yes,Bank transfer,68.37,1782.16,No
C05017,Female,24.0,0,No,No,3,Yes,Yes,Fiber optic,No,Yes,No,No,No,No,One year,Yes,Mailed check,62.33,327.89,No
C01122,Male,25.0,0,No,No,34,Yes,No,DSL,Yes,No,No,No,No,No,One year,Yes,Mailed check,48.68,1689.61,No
C02074,Female,49.0,0,No,Yes,63,Yes,Yes,DSL,No,Yes,Yes,No,No,No,Two year,Yes,Electronic check,61.76,3913.22,No
C05115,Male,18.0,0,No,No,21,Yes,Yes,DSL,No,No,Yes,No,Yes,No,Month-to-month,Yes,Credit card,56.59,1112.91,Yes
C06741,Male,18.0,0,No,No,51,Yes,No,Fiber optic,No,No,Yes,No,No,No,Two year,No,Electronic check,61.32,2905.52,No
C01780,Female,36.0,0,Yes,No,52,Yes,No,DSL,Yes,Yes,Yes,No,No,No,One year,Yes,Credit card,55.72,2819.55,No
C06224,Male,19.0,0,No,No,22,Yes,No,DSL,Yes,Yes,No,No,Yes,No,Two year,Yes,Electronic check,54.86,1379.84,Yes
C03082,Female,30.0,0,No,No,47,No,No phone service,Fiber optic,No,No,No,No,No,No,Two year,No,Credit card,40.03,1944.18,No
C04192,Female,35.0,0,No,No,38,Yes,Yes,No,No internet service,No internet service,No internet service,No internet service,No internet service,No internet service,Two year,No,Credit card,33.43,1248.05,No
C04673,Female,50.0,0,No,No,1,No,No phone service,DSL,No,No,No,Yes,No,No,Month-to-month,No,Credit card,46.5,88.4,No
C07245,Female,34.0,0,No,Yes,11,Yes,Yes,DSL,Yes,No,No,Yes,Yes,Yes,Month-to-month,No,Bank transfer,60.12,683.59,No
C07076,Female,56.0,0,Yes,Yes,50,Yes,No,DSL,No,Yes,No,No,No,No,Two year,No,Bank transfer,36.36,1825.03,No
C03130,Female,44.0,0,Yes,No,40,Yes,No,No,No internet service,No internet service,No internet service,No internet service,No internet service,No internet service,One year,No,Bank transfer,25.95,945.81,No
C06360,Female,40.0,0,No,No,37,Yes,No,Fiber optic,No,No,Yes,No,No,Yes,Month-to-month,Yes,Mailed check,69.15,2478.21,No
C04955,Male,37.0,0,No,No,20,Yes,Yes,Fiber optic,No,No,No,No,No,No,Month-to-month,No,Electronic check,50.81,1167.37,No
C06943,Male,69.0,1,No,No,0,Yes,Yes,No,No internet service,No internet service,No internet service,No internet service,No internet service,No internet service,Month-to-month,Yes,Bank transfer,33.22,24.35,No
C04598,Male,42.0,0,Yes,No,40,Yes,Yes,DSL,No,Yes,No,No,No,No,Two year,No,Electronic check,44.74,1965.88,Yes
C06960,Male,38.0,0,Yes,No,0,Yes,No,Fiber optic,Yes,No,Yes,Yes,Yes,No,Month-to-month,Yes,Electronic check,81.88,78.15,No
C01395,Female,51.0,0,No,No,50,Yes,No,No,No internet service,No internet service,No internet service,No internet service,No internet service,No internet service,Two year,Yes,Bank transfer,34.15,1730.02,No
C03428,Male,47.0,0,No,No,54,Yes,Yes,Fiber optic,Yes,Yes,No,Yes,Yes,Yes,Two year,No,Credit card,86.51,5057.67,No
C06541,Male,50.0,0,No,No,26,Yes,Yes,No,No internet service,No internet service,No internet service,No internet service,No internet service,No internet service,Month-to-month,Yes,Electronic check,41.01,1328.23,No
C01048,Female,33.0,0,No,No,21,Yes,No,DSL,Yes,No,No,No,No,Yes,Month-to-month,Yes,Bank transfer,42.43,955.24,No
C00138,Male,27.0,0,No,Yes,30,Yes,Yes,Fiber optic,No,No,No,No,Yes,No,One year,Yes,Mailed check,69.32499999999999,2156.87,No
C02473,Female,52.0,0,Yes,No,72,Yes,No,DSL,No,No,No,Yes,No,Yes,One year,No,Mailed check,44.64,3335.39,No
C06632,Male,48.0,0,No,No,29,Yes,Yes,DSL,Yes,Yes,No,No,No,No,Month-to-month,No,Bank transfer,47.62,1549.28,No
C04740,Male,57.0,0,Yes,No,49,Yes,Yes,Fiber optic,Yes,No,No,No,Yes,Yes,Two year,Yes,Electronic check,87.82,4460.38,No
C00113,Female,46.0,0,Yes,No,36,No,No phone service,Fiber optic,No,Yes,No,No,No,No,One year,No,Credit card,55.13,2103.51,No
C00139,Female,30.0,0,Yes,No,23,Yes,No,No,No internet service,No internet service,No internet service,No internet service,No internet service,No internet service,Month-to-month,Yes,Bank transfer,30.73,687.14,No
C06992,Female,30.0,0,No,No,14,No,No phone service,No,No internet service,No internet service,No internet service,No internet service,No internet service,No internet service,Month-to-month,Yes,Credit card,22.62,322.75,No
C00776,Male,37.0,0,No,No,5,Yes,No,DSL,No,No,No,No,No,No,Month-to-month,Yes,Mailed check,37.08,196.15,Yes
C02440,Female,68.0,1,No,No,0,Yes,Yes,DSL,No,Yes,Yes,No,No,Yes,Month-to-month,No,Mailed check,61.84,77.13,Yes
C00157,Female,38.0,0,No,No,55,Yes,Yes,Fiber optic,Yes,Yes,Yes,No,Yes,No,Two year,Yes,Electronic check,80.62,4740.05,No
C00340,Female,60.0,0,Yes,No,0,Yes,No,Fiber optic,No,Yes,Yes,No,No,Yes,Month-to-month,No,Electronic check,57.51,152.62,Yes
C03182,Female,62.0,0,Yes,Yes,17,Yes,No,Fiber optic,Yes,Yes,No,No,Yes,Yes,Two year,Yes,Mailed check,83.9,1425.25,No
C02437,Male,38.0,0,No,No,44,Yes,No,Fiber optic,No,No,Yes,No,Yes,No,Month-to-month,Yes,Credit card,78.75,3378.29,No
C05546,Male,31.0,0,Yes,No,57,Yes,Yes,No,No internet service,No internet service,No internet service,No internet service,No internet service,No internet service,Month-to-month,Yes,Electronic check,35.56,2028.32,No
C01821,Male,25.0,0,No,No,56,Yes,Yes,Fiber optic,No,Yes,No,No,Yes,No,Month-to-month,Yes,Electronic check,71.6,4258.23,No
C04118,Female,57.0,0,No,No,12,Yes,No,DSL,No,No,No,No,No,Yes,Month-to-month,Yes,Electronic check,36.84,424.22,No
C02930,Male,49.0,0,No,No,55,Yes,No,DSL,No,No,Yes,No,Yes,No,One year,Yes,Bank transfer,56.28,2960.85,No
C07204,Male,45.0,0,No,No,55,Yes,No,Fiber optic,No,No,No,No,No,No,Two year,Yes,Electronic check,57.35,3018.4,No
C04255,Female,42.0,0,No,No,0,Yes,No,No,No internet service,No internet service,No internet service,No internet service,No internet service,No internet service,Month-to-month,No,Mailed check,19.74,47.12,Yes
C04464,Male,45.0,0,No,No,32,Yes,No,Fiber optic,Yes,Yes,No,No,Yes,Yes,Month-to-month,Yes,Bank transfer,82.94,2798.29,No
C01745,Male,47.0,0,Yes,Yes,11,Yes,Yes,No,No internet service,No internet service,No internet service,No internet service,No internet service,No internet service,Month-to-month,No,Bank transfer,24.44,191.44,No
C03593,Female,53.0,0,Yes,No,0,Yes,No,Fiber optic,Yes,Yes,Yes,Yes,Yes,No,Month-to-month,Yes,Bank transfer,82.53,55.69,No
C00219,Female,40.0,0,Yes,No,30,Yes,Yes,Fiber optic,No,Yes,No,No,No,Yes,Month-to-month,Yes,Credit card,76.28,2409.09,No
C04932,Male,64.0,0,Yes,No,23,Yes,No,DSL,No,No,No,No,Yes,Yes,Month-to-month,No,Electronic check,50.19,1357.55,No
C07059,Female,51.0,0,No,No,47,Yes,Yes,DSL,Yes,No,No,No,No,Yes,Two year,No,Electronic check,56.5,2706.48,No
C01188,Female,52.0,0,No,No,4,Yes,No,DSL,No,No,No,No,No,Yes,Month-to-month,Yes,Electronic check,49.84,223.75,Yes
C06812,Female,37.0,0,Yes,No,24,Yes,No,No,No internet service,No internet service,No internet service,No internet service,No internet service,No internet service,Two year,No,Mailed check,27.62,551.61,No
C00456,Male,29.0,0,Yes,No,4,Yes,No,Fiber optic,Yes,No,No,Yes,No,No,Month-to-month,No,Bank transfer,50.34,346.12,Yes
C02472,Male,44.0,0,Yes,Yes,19,Yes,No,DSL,Yes,Yes,No,Yes,Yes,No,Month-to-month,No,Electronic check,54.5,1100.18,Yes
C03616,Female,61.0,0,Yes,No,11,No,No phone service,DSL,No,No,No,No,No,Yes,Month-to-month,Yes,Credit card,47.97,518.92,Yes
C03321,Female,34.0,0,No,No,23,Yes,Yes,Fiber optic,No,Yes,No,No,Yes,No,Month-to-month,Yes,Electronic check,72.84,1664.96,Yes
C07129,Female,60.0,0,No,Yes,9,Yes,No,Fiber optic,Yes,Yes,No,Yes,No,No,Month-to-month,No,Mailed check,72.56,647.71,No
C04131,Female,35.0,0,No,No,36,Yes,Yes,DSL,No,Yes,Yes,No,No,No,Month-to-month,Yes,Mailed check,55.25,2037.82,Yes
C00935,Male,50.0,0,No,No,0,Yes,Yes,No,No internet service,No internet service,No internet service,No internet service,No internet service,No internet service,Month-to-month,No,Electronic check,36.94,137.73,No
C02543,Female,34.0,0,Yes,No,40,Yes,No,DSL,No,No,Yes,No,Yes,No,Two year,Yes,Electronic check,55.15,2336.75,No
C00507,Male,57.0,0,No,No,6,Yes,No,Fiber optic,Yes,Yes,Yes,No,Yes,No,Month-to-month,Yes,Credit card,67.99,398.44,No
C05184,Male,30.0,0,No,No,38,Yes,No,DSL,No,No,Yes,No,No,No,One year,No,Bank transfer,42.78,1717.37,No
C04928,Male,25.0,0,Yes,No,48,Yes,No,Fiber optic,No,No,No,No,No,No,One year,Yes,Electronic check,47.01,2272.35,No
C01246,Male,52.0,0,No,No,17,Yes,No,No,No internet service,No internet service,No internet service,No internet service,No internet service,No internet service,Two year,Yes,Electronic check,30.62,734.79,No
C06514,Female,35.0,0,Yes,No,3,Yes,No,Fiber optic,No,No,No,Yes,No,Yes,Month-to-month,Yes,Electronic check,75.13,275.18,No
C03046,Male,41.0,0,No,No,11,No,No phone service,Fiber optic,No,No,No,No,Yes,No,One year,Yes,Mailed check,65.11,746.25,No
C03243,Male,41.0,0,No,No,0,Yes,No,Fiber optic,No,No,No,Yes,No,No,One year,No,Electronic check,65.69,124.57,No
C01375,Male,31.0,0,No,No,62,Yes,Yes,Fiber optic,No,Yes,Yes,No,Yes,Yes,Month-to-month,Yes,Credit card,74.25,4945.97,Yes
C00108,Male,18.0,0,No,No,39,Yes,No,Fiber optic,No,No,No,Yes,Yes,Yes,One year,No,Credit card,77.55,3040.51,Yes
C07008,Male,18.0,0,No,No,38,Yes,No,DSL,No,No,No,Yes,No,Yes,Month-to-month,No,Electronic check,51.86,2026.92,No
C00853,Female,35.0,0,No,No,18,Yes,No,Fiber optic,No,Yes,No,No,No,No,Month-to-month,No,Electronic check,59.25,1343.6,No
C06533,Female,44.0,0,Yes,No,22,Yes,No,Fiber optic,Yes,No,No,Yes,Yes,Yes,Month-to-month,Yes,Electronic check,91.64,2076.53,Yes
C06774,Male,57.0,0,No,No,46,Yes,No,DSL,No,No,No,Yes,No,No,Month-to-month,No,Mailed check,32.64,1627.56,No
C00645,Male,20.0,0,No,No,0,Yes,No,No,No internet service,No internet service,No internet service,No internet service,No internet service,No internet service,Month-to-month,No,Electronic check,29.83,130.2,No
C04828,Female,31.0,0,No,No,26,Yes,Yes,Fiber optic,No,No,Yes,No,Yes,No,Two year,Yes,Mailed check,80.22,2197.36,No
C06362,Female,39.0,0,No,No,0,Yes,Yes,DSL,No,No,No,No,No,Yes,Month-to-month,No,Credit card,59.77,136.81,Yes
C06828,Female,47.0,0,No,No,17,Yes,Yes,No,No internet service,No internet service,No internet service,No internet service,No internet service,No internet service,Month-to-month,No,Electronic check,27.62,497.45,No
C02288,Female,39.0,0,Yes,No,24,Yes,No,Fiber optic,No,No,No,No,Yes,No,Month-to-month,Yes,Mailed check,60.86,1440.4,No
C03782,Female,30.0,0,No,No,23,No,No phone service,Fiber optic,No,No,No,No,Yes,No,Month-to-month,Yes,Electronic check,73.32,1851.02,Yes
C00523,Female,48.0,0,Yes,No,28,Yes,Yes,Fiber optic,No,No,No,Yes,Yes,No,Two year,Yes,Electronic check,67.19,1892.88,No
C00027,Male,31.0,0,No,No,50,Yes,Yes,Fiber optic,Yes,No,Yes,No,No,Yes,Two year,Yes,Bank transfer,80.19,4103.52,No
C02680,Male,64.0,0,Yes,Yes,15,No,No phone service,Fiber optic,Yes,No,No,No,No,No,Month-to-month,Yes,Electronic check,53.28,932.35,Yes
C00489,Male,50.0,0,Yes,No,30,Yes,Yes,Fiber optic,No,Yes,Yes,No,No,No,Month-to-month,Yes,Electronic check,74.78,2715.84,Yes
C02676,Male,46.0,0,Yes,No,9,Yes,No,DSL,Yes,No,Yes,No,No,Yes,Month-to-month,No,Bank transfer,56.7,617.43,No
C02325,Male,47.0,0,No,No,18,Yes,No,DSL,No,Yes,No,No,No,No,Two year,No,Electronic check,43.03,881.64,No
C01553,Female,47.0,0,No,No,5,Yes,No,Fiber optic,Yes,Yes,No,No,No,No,Month-to-month,Yes,Bank transfer,55.37,292.76,No
C05155,Female,49.0,0,Yes,No,3,Yes,Yes,DSL,Yes,Yes,No,Yes,No,Yes,Month-to-month,Yes,Mailed check,71.25,344.05,No
C04412,Female,33.0,0,Yes,No,24,Yes,Yes,No,No internet service,No internet service,No internet service,No internet service,No internet service,No internet service,Month-to-month,No,Electronic check,30.79,1557.645,Yes
C04629,Female,43.0,0,Yes,No,21,Yes,Yes,Fiber optic,No,Yes,No,Yes,Yes,No,Two year,No,Mailed check,82.75,1936.68,No
C07123,Male,32.0,0,No,No,14,Yes,No,Fiber optic,No,No,Yes,Yes,Yes,No,One year,Yes,Bank transfer,73.6,1228.44,No
C04058,Male,27.0,0,No,No,49,Yes,No,DSL,No,Yes,No,No,Yes,No,Two year,No,Bank transfer,45.36,2404.67,No
C04936,Male,48.0,0,Yes,No,30,No,No phone service,Fiber optic,No,Yes,No,No,Yes,Yes,Month-to-month,Yes,Bank transfer,67.89,2081.48,No
C00279,Female,32.0,0,No,No,62,Yes,Yes,Fiber optic,No,No,Yes,No,No,No,Two year,Yes,Bank transfer,74.56,4163.5,No
C03609,Male,56.0,0,No,Yes,15,Yes,No,No,No internet service,No internet service,No internet service,No internet service,No internet service,No internet service,Month-to-month,Yes,Bank transfer,33.63,556.76,No
C00712,Male,33.0,0,No,No,13,Yes,No,No,No internet service,No internet service,No internet service,No internet service,No internet service,No internet service,Month-to-month,Yes,Credit card,19.26,331.83,No
C05646,Male,49.0,0,No,No,46,Yes,Yes,Fiber optic,No,Yes,No,No,Yes,No,One year,Yes,Credit card,70.33,3395.7,Yes
C06661,Female,66.0,1,Yes,No,40,Yes,Yes,No,No internet service,No internet service,No internet service,No internet service,No internet service,No internet service,Two year,No,Credit card,32.73,1419.44,No
C06899,Male,33.0,0,No,No,35,Yes,No,DSL,Yes,Yes,Yes,Yes,Yes,No,One year,Yes,Bank transfer,66.18,2279.6,No
C05708,Male,38.0,0,No,No,54,Yes,No,DSL,No,Yes,No,No,No,No,Month-to-month,Yes,Mailed check,32.59,1672.42,No
C06948,Male,56.0,0,Yes,No,15,Yes,No,No,No internet service,No internet service,No internet service,No internet service,No internet service,No internet service,Month-to-month,No,Electronic check,18.0,379.08,No
C02526,Male,56.0,0,No,No,37,Yes,Yes,Fiber optic,No,Yes,Yes,No,Yes,Yes,Month-to-month,Yes,Electronic check,97.42,3390.17,Yes
C02218,Male,53.0,0,No,No,0,Yes,Yes,DSL,No,Yes,No,No,No,Yes,Month-to-month,No,Electronic check,50.36,166.25,No
C07144,Male,18.0,0,No,No,44,Yes,No,Fiber optic,No,No,No,Yes,Yes,No,Two year,No,Electronic check,56.89,2534.96,No
C05077,Male,57.0,0,Yes,Yes,16,Yes,No,Fiber optic,No,Yes,No,No,Yes,No,Month-to-month,Yes,Electronic check,78.13,1146.75,Yes
C00268,Male,53.0,0,Yes,Yes,6,Yes,Yes,Fiber optic,No,No,Yes,No,No,Yes,Month-to-month,No,Bank transfer,72.18,483.97,Yes
C03817,Male,18.0,0,No,No,18,Yes,Yes,Fiber optic,Yes,No,No,No,No,Yes,Month-to-month,Yes,Mailed check,70.06,1219.66,Yes
C05729,Male,33.0,0,Yes,No,38,Yes,No,Fiber optic,No,Yes,No,No,No,No,One year,No,Bank transfer,53.77,2267.81,No
C04286,Female,26.0,0,No,No,17,Yes,Yes,Fiber optic,Yes,No,No,Yes,Yes,No,One year,No,Electronic check,74.84,1599.01,No
C01137,Male,45.0,0,Yes,No,61,Yes,No,Fiber optic,No,No,Yes,No,Yes,Yes,One year,No,Credit card,83.66,5330.14,No
C02837,Female,49.0,0,No,No,35,Yes,Yes,DSL,Yes,Yes,No,No,No,No,Month-to-month,Yes,Electronic check,59.96,2145.94,Yes
C01758,Male,45.0,0,Yes,No,38,Yes,Yes,DSL,Yes,No,No,No,No,Yes,Month-to-month,Yes,Electronic check,69.11,2653.44,No
C06726,Male,50.0,0,No,No,55,Yes,Yes,No,No internet service,No internet service,No internet service,No internet service,No internet service,No internet service,Two year,No,Credit card,31.09,1669.11,No
C06302,Female,27.0,0,No,No,45,Yes,No,Fiber optic,No,No,Yes,Yes,No,No,Two year,No,Credit card,66.93,3167.4,No
C05379,Female,46.0,0,No,No,42,Yes,No,Fiber optic,No,Yes,No,Yes,No,No,One year,No,Electronic check,55.84,2248.67,No
C06857,Female,47.0,0,Yes,No,12,Yes,Yes,Fiber optic,Yes,No,Yes,Yes,No,No,Month-to-month,No,Mailed check,68.95,817.71,Yes
C05040,Female,48.0,0,No,No,6,Yes,Yes,No,No internet service,No internet service,No internet service,No internet service,No internet service,No internet service,Month-to-month,Yes,Credit card,35.4,294.91,No
C00243,Female,40.0,0,No,No,13,Yes,No,No,No internet service,No internet service,No internet service,No internet service,No internet service,No internet service,Month-to-month,Yes,Bank transfer,18.0,310.76,No
C05004,Male,56.0,0,No,No,40,Yes,No,No,No internet service,No internet service,No internet service,No internet service,No internet service,No internet service,Two year,Yes,Mailed check,22.17,2352.95,No
C03752,Female,69.0,1,No,Yes,22,Yes,No,Fiber optic,No,Yes,Yes,No,No,No,Month-to-month,No,Credit card,62.93,1392.57,Yes
C04623,Male,72.0,1,Yes,No,19,Yes,Yes,No,No internet service,No internet service,No internet service,No internet service,No internet service,No internet service,Two year,No,Bank transfer,26.52,617.65,No
C02932,Female,42.0,0,Yes,No,5,Yes,Yes,DSL,No,Yes,Yes,No,No,No,Month-to-month,No,Electronic check,54.98,329.33,No
C02620,Female,44.0,0,Yes,No,10,Yes,No,DSL,Yes,No,No,No,No,Yes,Month-to-month,No,Bank transfer,48.38,603.63,Yes
C07090,Male,62.0,0,No,No,54,Yes,Yes,DSL,No,Yes,No,No,No,No,Two year,Yes,Bank transfer,46.62,2455.54,No
C06944,Male,39.0,0,Yes,No,13,Yes,No,DSL,Yes,No,No,Yes,No,No,Month-to-month,Yes,Bank transfer,47.84,830.28,No
C02466,Male,35.0,0,No,No,42,No,No phone service,DSL,No,No,No,Yes,Yes,Yes,Month-to-month,Yes,Electronic check,46.57,1967.09,No
C03614,Female,44.0,0,No,No,35,Yes,Yes,DSL,No,No,No,No,No,No,Month-to-month,No,Mailed check,36.33,1406.3,No
C03816,Female,77.0,1,No,No,7,Yes,Yes,DSL,No,No,Yes,Yes,No,No,Month-to-month,No,Bank transfer,48.14,406.26,No
C04892,Female,21.0,0,No,No,46,Yes,No,DSL,No,No,Yes,No,Yes,No,Two year,Yes,Bank transfer,56.65,2519.13,No
C04835,Male,44.0,0,Yes,Yes,30,Yes,Yes,Fiber optic,Yes,No,No,No,No,Yes,One year,No,Bank transfer,76.73,2241.02,No
C02246,Female,39.0,0,No,No,29,Yes,Yes,DSL,No,No,No,No,No,Yes,Month-to-month,Yes,Electronic check,43.2,1566.07,No
C02108,Male,71.0,1,Yes,No,13,Yes,No,DSL,No,Yes,No,Yes,No,No,Month-to-month,No,Electronic check,53.15,684.72,Yes
C04646,Female,56.0,0,No,Yes,38,Yes,No,DSL,Yes,No,Yes,No,No,No,One year,Yes,Credit card,60.13,2435.61,No
C03002,Female,41.0,0,No,No,43,Yes,No,Fiber optic,No,No,No,Yes,Yes,No,Two year,No,Bank transfer,61.06,2568.99,No
C05735,Female,35.0,0,No,Yes,38,Yes,No,No,No internet service,No internet service,No internet service,No internet service,No internet service,No internet service,Month-to-month,Yes,Credit card,39.97,1749.58,No
